Case_Study_ID,Question_ID,Scenario_Text,Question_Text,Option_A,Option_B,Option_C,Option_D,Correct_Option,Reasoning
1,1,"The following details pertain to Mr. Arvind and his three brothers, Mr. Arjun, Mr. Anand and Mr. Aakash. Mr. Arvind, Mr. Arjun and Mr. Anand are engaged in retail trade business. Mr. Aakash is engaged in the profession of interior decoration. All of them maintain books of account under section 44AA. While the brothers engaged in retail trade business follows mercantile system of accounting, Mr. Aakash engaged in interior decoration profession follows cash system of accounting. The details pertaining to their business for the year ending 31.3.2026 are as under – Particulars Arvind Arjun Anand (i) Turnover of P.Y.2025-26 ` 95 lakhs ` 2.80 crore ` 5.00 crore (ii) Amount received in cash [out of (i) above] ` 5 lakh ` 8 lakh ` 4 lakh (iii) Amount received through NEFT/RTGS on or before 31.7.2026 [out of (i) above] ` 85 lakh ` 2.65 crore ` 4.80 crore (iv) Total receipts in the P.Y.2025-26 ` 1.07 crore ` 3.00 crore ` 5.50 crore (v) Cash receipts [out of (iv) above] ` 7 lakh ` 10 lakhs ` 27 lakhs (vi) Total payments in the P.Y. 2025-26 ` 80 lakhs ` 1.60 crore ` 4.50 crore (vii) Cash payments [out of (vi) above] ` 5 lakhs ` 8.10 lakhs ` 22 lakhs (viii) Profits and gains as per books of account u/s 44AA ` 5.90 lakhs ` 15.50 lakhs ` 30 lakhs Mr. Aakash’s gross receipts for P.Y.2025-26 are ` 52 lakhs, out of which ` 2 lakhs has been received in cash and the remaining ` 50 lakhs through NEFT/RTGS. His profits as per books of account u/s 44AA for P.Y.2025-26 are ` 26.75 lakhs.","Which of the following individuals are eligible to declare income on presumptive basis under the provisions of the Income-tax Act, 1961 for A.Y.2026-27?",Mr. Arvind and Mr. Aakash,"Mr. Arvind, Mr. Arjun, Mr. Anand and Mr. Aakash","Mr. Arvind, Mr. Arjun and Mr. Aakash",Mr. Arvind and Mr. Arjun,C,"Mr. Arvind is eligible to declare income on presumptive basis as his turnover is less than ` 1 crore. Mr. Arjun is eligible to declare income on presumptive basis since in his case, threshold limit of ` 3 crore is applicable as the aggregate amount received during the previous year in cash, does not exceed 5% of the total turnover. Mr. Aakash is eligible to declare income on presumptive basis since threshold limit ` 75 lakhs is applicable to him as the aggregate amount received during the previous year in cash, does not exceed 5% of the total gross receipts."
1,2,"The following details pertain to Mr. Arvind and his three brothers, Mr. Arjun, Mr. Anand and Mr. Aakash. Mr. Arvind, Mr. Arjun and Mr. Anand are engaged in retail trade business. Mr. Aakash is engaged in the profession of interior decoration. All of them maintain books of account under section 44AA. While the brothers engaged in retail trade business follows mercantile system of accounting, Mr. Aakash engaged in interior decoration profession follows cash system of accounting. The details pertaining to their business for the year ending 31.3.2026 are as under – Particulars Arvind Arjun Anand (i) Turnover of P.Y.2025-26 ` 95 lakhs ` 2.80 crore ` 5.00 crore (ii) Amount received in cash [out of (i) above] ` 5 lakh ` 8 lakh ` 4 lakh (iii) Amount received through NEFT/RTGS on or before 31.7.2026 [out of (i) above] ` 85 lakh ` 2.65 crore ` 4.80 crore (iv) Total receipts in the P.Y.2025-26 ` 1.07 crore ` 3.00 crore ` 5.50 crore (v) Cash receipts [out of (iv) above] ` 7 lakh ` 10 lakhs ` 27 lakhs (vi) Total payments in the P.Y. 2025-26 ` 80 lakhs ` 1.60 crore ` 4.50 crore (vii) Cash payments [out of (vi) above] ` 5 lakhs ` 8.10 lakhs ` 22 lakhs (viii) Profits and gains as per books of account u/s 44AA ` 5.90 lakhs ` 15.50 lakhs ` 30 lakhs Mr. Aakash’s gross receipts for P.Y.2025-26 are ` 52 lakhs, out of which ` 2 lakhs has been received in cash and the remaining ` 50 lakhs through NEFT/RTGS. His profits as per books of account u/s 44AA for P.Y.2025-26 are ` 26.75 lakhs.",Which of the following individuals have to mandatorily get their books of account audited under section 44AB for A.Y.2026-27?,Mr. Arjun and Mr. Anand,Mr. Arjun and Mr. Arvind,Only Mr. Anand,None of them,D,"Mr. Anand is not liable for tax audit since threshold limit of ` 10 crores is applicable in his case since cash receipts and cash payments do not exceed 5% of aggregate of all receipts and all payments, respectively. Mr. Arvind, Mr. Arjun and Mr. Aakash may opt for presumptive taxation provisions, hence, not liable for tax audit."
1,3,"The following details pertain to Mr. Arvind and his three brothers, Mr. Arjun, Mr. Anand and Mr. Aakash. Mr. Arvind, Mr. Arjun and Mr. Anand are engaged in retail trade business. Mr. Aakash is engaged in the profession of interior decoration. All of them maintain books of account under section 44AA. While the brothers engaged in retail trade business follows mercantile system of accounting, Mr. Aakash engaged in interior decoration profession follows cash system of accounting. The details pertaining to their business for the year ending 31.3.2026 are as under – Particulars Arvind Arjun Anand (i) Turnover of P.Y.2025-26 ` 95 lakhs ` 2.80 crore ` 5.00 crore (ii) Amount received in cash [out of (i) above] ` 5 lakh ` 8 lakh ` 4 lakh (iii) Amount received through NEFT/RTGS on or before 31.7.2026 [out of (i) above] ` 85 lakh ` 2.65 crore ` 4.80 crore (iv) Total receipts in the P.Y.2025-26 ` 1.07 crore ` 3.00 crore ` 5.50 crore (v) Cash receipts [out of (iv) above] ` 7 lakh ` 10 lakhs ` 27 lakhs (vi) Total payments in the P.Y. 2025-26 ` 80 lakhs ` 1.60 crore ` 4.50 crore (vii) Cash payments [out of (vi) above] ` 5 lakhs ` 8.10 lakhs ` 22 lakhs (viii) Profits and gains as per books of account u/s 44AA ` 5.90 lakhs ` 15.50 lakhs ` 30 lakhs Mr. Aakash’s gross receipts for P.Y.2025-26 are ` 52 lakhs, out of which ` 2 lakhs has been received in cash and the remaining ` 50 lakhs through NEFT/RTGS. His profits as per books of account u/s 44AA for P.Y.2025-26 are ` 26.75 lakhs.","What is the amount of profits and gains of business chargeable to tax in the hands of Mr. Arvind, Mr. Arjun and Mr. Anand, assuming that they wish to make maximum tax savings without getting their books of account audited?","` 5.50 lakhs, ` 16.54 lakhs and ` 29.12 lakhs, respectively","` 5.90 lakhs, ` 17.10 lakhs and ` 30.40 lakhs, respectively","` 5.90 lakhs, ` 17.10 lakhs and ` 30 lakhs, respectively","` 5.50 lakhs, ` 15.50 lakhs and ` 30 lakhs, respectively.",C,"Mr. Arvind = 6% of ` 85 lakhs + 8% of ` 10 lakhs Mr. Arjun = 6% of ` 2.65 crore + 8% of ` 15 lakhs Mr. Anand = ` 30 lakhs, as per the books of account, as he is not eligible for presumptive taxation provisions."
1,4,"The following details pertain to Mr. Arvind and his three brothers, Mr. Arjun, Mr. Anand and Mr. Aakash. Mr. Arvind, Mr. Arjun and Mr. Anand are engaged in retail trade business. Mr. Aakash is engaged in the profession of interior decoration. All of them maintain books of account under section 44AA. While the brothers engaged in retail trade business follows mercantile system of accounting, Mr. Aakash engaged in interior decoration profession follows cash system of accounting. The details pertaining to their business for the year ending 31.3.2026 are as under – Particulars Arvind Arjun Anand (i) Turnover of P.Y.2025-26 ` 95 lakhs ` 2.80 crore ` 5.00 crore (ii) Amount received in cash [out of (i) above] ` 5 lakh ` 8 lakh ` 4 lakh (iii) Amount received through NEFT/RTGS on or before 31.7.2026 [out of (i) above] ` 85 lakh ` 2.65 crore ` 4.80 crore (iv) Total receipts in the P.Y.2025-26 ` 1.07 crore ` 3.00 crore ` 5.50 crore (v) Cash receipts [out of (iv) above] ` 7 lakh ` 10 lakhs ` 27 lakhs (vi) Total payments in the P.Y. 2025-26 ` 80 lakhs ` 1.60 crore ` 4.50 crore (vii) Cash payments [out of (vi) above] ` 5 lakhs ` 8.10 lakhs ` 22 lakhs (viii) Profits and gains as per books of account u/s 44AA ` 5.90 lakhs ` 15.50 lakhs ` 30 lakhs Mr. Aakash’s gross receipts for P.Y.2025-26 are ` 52 lakhs, out of which ` 2 lakhs has been received in cash and the remaining ` 50 lakhs through NEFT/RTGS. His profits as per books of account u/s 44AA for P.Y.2025-26 are ` 26.75 lakhs.","Would your answer to MCQ 3 (i.e., the profits and gains of business chargeable to tax in the hands of Mr. Arvind, Mr. Arjun and Mr. Anand) undergo a change, if they decide to get their books of account audited?","The profits and gains of business chargeable to tax in the hands of Mr. Arjun and Mr. Anand would undergo a change; however, there would be no change in the case of Mr. Arvind.","The profits and gains of business chargeable to tax in the hands of Mr. Anand would undergo a change; however, there would be no change in the hands of Mr. Arvind and Mr. Arjun.","The profits and gains of business chargeable to tax in the hands of Mr. Arjun would undergo a change; however, there would be no change in the hands of Mr. Arvind and Mr. Anand.","The profits and gains of business chargeable to tax in the hands of Mr. Arvind and Mr. Arjun would undergo a change; however, there would be no change in the hands of Mr. Anand.",C,"In case of Mr. Arjun, the amount of profit as per the books of account is lower than profit computed on presumptive basis."
1,5,"The following details pertain to Mr. Arvind and his three brothers, Mr. Arjun, Mr. Anand and Mr. Aakash. Mr. Arvind, Mr. Arjun and Mr. Anand are engaged in retail trade business. Mr. Aakash is engaged in the profession of interior decoration. All of them maintain books of account under section 44AA. While the brothers engaged in retail trade business follows mercantile system of accounting, Mr. Aakash engaged in interior decoration profession follows cash system of accounting. The details pertaining to their business for the year ending 31.3.2026 are as under – Particulars Arvind Arjun Anand (i) Turnover of P.Y.2025-26 ` 95 lakhs ` 2.80 crore ` 5.00 crore (ii) Amount received in cash [out of (i) above] ` 5 lakh ` 8 lakh ` 4 lakh (iii) Amount received through NEFT/RTGS on or before 31.7.2026 [out of (i) above] ` 85 lakh ` 2.65 crore ` 4.80 crore (iv) Total receipts in the P.Y.2025-26 ` 1.07 crore ` 3.00 crore ` 5.50 crore (v) Cash receipts [out of (iv) above] ` 7 lakh ` 10 lakhs ` 27 lakhs (vi) Total payments in the P.Y. 2025-26 ` 80 lakhs ` 1.60 crore ` 4.50 crore (vii) Cash payments [out of (vi) above] ` 5 lakhs ` 8.10 lakhs ` 22 lakhs (viii) Profits and gains as per books of account u/s 44AA ` 5.90 lakhs ` 15.50 lakhs ` 30 lakhs Mr. Aakash’s gross receipts for P.Y.2025-26 are ` 52 lakhs, out of which ` 2 lakhs has been received in cash and the remaining ` 50 lakhs through NEFT/RTGS. His profits as per books of account u/s 44AA for P.Y.2025-26 are ` 26.75 lakhs.","What is the due date of filing of return of income of Mr. Arvind, Mr. Arjun, Mr. Anand and Mr. Aakash for A.Y.2026-27, if they wish to make maximum tax savings?","31st July, 2026 for all of them.","31st July, 2026 for Mr. Arvind and Mr. Aakash; and 31st October, 2025 for Mr. Arjun and Mr. Anand","31st July, 2026 for Mr. Arvind, Mr. Aakash and Mr. Arjun; and 31st October, 2026 for Mr. Anand","31st July, 2026 for Mr. Arvind, Mr. Aakash and Mr. Anand; and 31st October, 2026 for Mr. Arjun",D,"To make maximum savings, Mr. Arjun is required to get his books of account audited. Thus, due date of filing return of income, in his case, would be 31st October 2026."
2,1,"The following are the details relating to four resident entities, AB & Co., LM & Co., PQ & Co. and XY & Co. for the P.Y.2025-26 – Particulars AB & Co. (Firm) LM & Co. (Firm) PQ & Co. (LLP) XY & Co. (Firm) (1) Nature of business/ profession Retail trading Business of plying, hiring or leasing goods carriages Wholesale trading Interior decoration (2) System of accounting Mercantile Cash Mercantile Cash (3) Turnover/ Gross receipts ` 200 lakhs ` 101 lakhs ` 100 lakhs ` 50 lakhs (4) Amount received by way of RTGS/ NEFT in the P.Y. 2025-26 [included in (3) above] ` 150 lakhs ` 80 lakhs ` 70 lakhs ` 45 lakhs (5) Amount received by way of cash in the P.Y.2025- 26 [included in (3) above] ` 30 lakhs ` 21 lakhs ` 10 lakhs ` 5 lakhs (6) Amount received by way of RTGS/ NEFT between 01.04.2026 & 31.7.2026 ` 20 lakhs - ` 20 lakhs - (7) Working partners’ salary ` 5 lakhs ` 1.50 lakhs ` 3 lakhs ` 5 lakhs (8) Interest on capital@12% to partners ` 1 lakh ` 0.50 lakh - ` 2 lakhs (9) Profit as per books of account maintained as per section 44AA [after deducting working partners’ salary and interest on capital] ` 5.60 lakhs ` 4.10 lakhs ` 4.50 lakhs ` 20 lakhs (10) No. of vehicles owned - 10 (See Note 2 below for details) - - Additional information: (1) It may be assumed that partners’ salary and interest are authorized by the partnership deed, relates to a period after the partnership deed and is within the permissible limits laid down under section 40(b). (2) The details of vehicles owned by M/s. LM & Co. are as follows – Gross Vehicle Weight (in kgs) Number Date of purchase Date when first put to use (1) 8,000 3 28.5.2025 1.6.2025 (2) 9,000 2 31.7.2025 1.8.2025 (3) 10,000 1 17.8.2025 20.8.2025 (4) 11,000 1 30.9.2025 1.10.2025 (5) 12,000 1 11.11.2025 13.11.2025 (6) 13,000 2 31.12.2025 1.1.2026","Which of the four entities are eligible to declare income on presumptive basis under the Income-tax Act, 1961 for A.Y.2026-27?",Only AB & Co and LM & Co.,Only AB & Co and XY & Co.,"AB & Co, PQ & Co and XY & Co.","AB & Co, LM & Co and XY & Co.",D,"As PQ & Co. is an LLP, it is not eligible for presumptive taxation provisions. Other entities are satisfying the provisions of presumptive taxation."
2,2,"The following are the details relating to four resident entities, AB & Co., LM & Co., PQ & Co. and XY & Co. for the P.Y.2025-26 – Particulars AB & Co. (Firm) LM & Co. (Firm) PQ & Co. (LLP) XY & Co. (Firm) (1) Nature of business/ profession Retail trading Business of plying, hiring or leasing goods carriages Wholesale trading Interior decoration (2) System of accounting Mercantile Cash Mercantile Cash (3) Turnover/ Gross receipts ` 200 lakhs ` 101 lakhs ` 100 lakhs ` 50 lakhs (4) Amount received by way of RTGS/ NEFT in the P.Y. 2025-26 [included in (3) above] ` 150 lakhs ` 80 lakhs ` 70 lakhs ` 45 lakhs (5) Amount received by way of cash in the P.Y.2025- 26 [included in (3) above] ` 30 lakhs ` 21 lakhs ` 10 lakhs ` 5 lakhs (6) Amount received by way of RTGS/ NEFT between 01.04.2026 & 31.7.2026 ` 20 lakhs - ` 20 lakhs - (7) Working partners’ salary ` 5 lakhs ` 1.50 lakhs ` 3 lakhs ` 5 lakhs (8) Interest on capital@12% to partners ` 1 lakh ` 0.50 lakh - ` 2 lakhs (9) Profit as per books of account maintained as per section 44AA [after deducting working partners’ salary and interest on capital] ` 5.60 lakhs ` 4.10 lakhs ` 4.50 lakhs ` 20 lakhs (10) No. of vehicles owned - 10 (See Note 2 below for details) - - Additional information: (1) It may be assumed that partners’ salary and interest are authorized by the partnership deed, relates to a period after the partnership deed and is within the permissible limits laid down under section 40(b). (2) The details of vehicles owned by M/s. LM & Co. are as follows – Gross Vehicle Weight (in kgs) Number Date of purchase Date when first put to use (1) 8,000 3 28.5.2025 1.6.2025 (2) 9,000 2 31.7.2025 1.8.2025 (3) 10,000 1 17.8.2025 20.8.2025 (4) 11,000 1 30.9.2025 1.10.2025 (5) 12,000 1 11.11.2025 13.11.2025 (6) 13,000 2 31.12.2025 1.1.2026","What is the business income to be declared by AB & Co. and PQ & Co. for A.Y.2026-27, assuming that the entities wish to make maximum tax savings without getting their books of account audited?","` 12.60 lakhs and ` 4.50 lakhs, respectively","` 6.60 lakhs and ` 3.20 lakhs, respectively","` 5.60 lakhs and ` 4.50 lakhs, respectively","` 13 lakhs and ` 6.60 lakhs, respectively",A,"AB & Co. = 6% of ` 1.70 crore + 8% of ` 0.30 crore PQ & Co. = ` 4.50 lakhs, being profits as per books of accounts"
2,3,"The following are the details relating to four resident entities, AB & Co., LM & Co., PQ & Co. and XY & Co. for the P.Y.2025-26 – Particulars AB & Co. (Firm) LM & Co. (Firm) PQ & Co. (LLP) XY & Co. (Firm) (1) Nature of business/ profession Retail trading Business of plying, hiring or leasing goods carriages Wholesale trading Interior decoration (2) System of accounting Mercantile Cash Mercantile Cash (3) Turnover/ Gross receipts ` 200 lakhs ` 101 lakhs ` 100 lakhs ` 50 lakhs (4) Amount received by way of RTGS/ NEFT in the P.Y. 2025-26 [included in (3) above] ` 150 lakhs ` 80 lakhs ` 70 lakhs ` 45 lakhs (5) Amount received by way of cash in the P.Y.2025- 26 [included in (3) above] ` 30 lakhs ` 21 lakhs ` 10 lakhs ` 5 lakhs (6) Amount received by way of RTGS/ NEFT between 01.04.2026 & 31.7.2026 ` 20 lakhs - ` 20 lakhs - (7) Working partners’ salary ` 5 lakhs ` 1.50 lakhs ` 3 lakhs ` 5 lakhs (8) Interest on capital@12% to partners ` 1 lakh ` 0.50 lakh - ` 2 lakhs (9) Profit as per books of account maintained as per section 44AA [after deducting working partners’ salary and interest on capital] ` 5.60 lakhs ` 4.10 lakhs ` 4.50 lakhs ` 20 lakhs (10) No. of vehicles owned - 10 (See Note 2 below for details) - - Additional information: (1) It may be assumed that partners’ salary and interest are authorized by the partnership deed, relates to a period after the partnership deed and is within the permissible limits laid down under section 40(b). (2) The details of vehicles owned by M/s. LM & Co. are as follows – Gross Vehicle Weight (in kgs) Number Date of purchase Date when first put to use (1) 8,000 3 28.5.2025 1.6.2025 (2) 9,000 2 31.7.2025 1.8.2025 (3) 10,000 1 17.8.2025 20.8.2025 (4) 11,000 1 30.9.2025 1.10.2025 (5) 12,000 1 11.11.2025 13.11.2025 (6) 13,000 2 31.12.2025 1.1.2026","What is the business income to be declared by LM & Co. for A.Y.2026-27, assuming that the firm wishes to make maximum tax savings without getting its books of account audited?","` 4,48,000","` 6,36,500","` 4,36,500","` 4,10,000",C,"` 6,36,500 [For heavy goods vehicle = ` 1,000/ton x 13 x 4 x 2 + For Other = ` 7,500/month x [(3x11) + (9x2) + (1x8) + (1x7) + (1x5)] less ` 1.5 lakhs, being remuneration to partners and ` 0.5 lakhs, being interest on capital"
2,4,"The following are the details relating to four resident entities, AB & Co., LM & Co., PQ & Co. and XY & Co. for the P.Y.2025-26 – Particulars AB & Co. (Firm) LM & Co. (Firm) PQ & Co. (LLP) XY & Co. (Firm) (1) Nature of business/ profession Retail trading Business of plying, hiring or leasing goods carriages Wholesale trading Interior decoration (2) System of accounting Mercantile Cash Mercantile Cash (3) Turnover/ Gross receipts ` 200 lakhs ` 101 lakhs ` 100 lakhs ` 50 lakhs (4) Amount received by way of RTGS/ NEFT in the P.Y. 2025-26 [included in (3) above] ` 150 lakhs ` 80 lakhs ` 70 lakhs ` 45 lakhs (5) Amount received by way of cash in the P.Y.2025- 26 [included in (3) above] ` 30 lakhs ` 21 lakhs ` 10 lakhs ` 5 lakhs (6) Amount received by way of RTGS/ NEFT between 01.04.2026 & 31.7.2026 ` 20 lakhs - ` 20 lakhs - (7) Working partners’ salary ` 5 lakhs ` 1.50 lakhs ` 3 lakhs ` 5 lakhs (8) Interest on capital@12% to partners ` 1 lakh ` 0.50 lakh - ` 2 lakhs (9) Profit as per books of account maintained as per section 44AA [after deducting working partners’ salary and interest on capital] ` 5.60 lakhs ` 4.10 lakhs ` 4.50 lakhs ` 20 lakhs (10) No. of vehicles owned - 10 (See Note 2 below for details) - - Additional information: (1) It may be assumed that partners’ salary and interest are authorized by the partnership deed, relates to a period after the partnership deed and is within the permissible limits laid down under section 40(b). (2) The details of vehicles owned by M/s. LM & Co. are as follows – Gross Vehicle Weight (in kgs) Number Date of purchase Date when first put to use (1) 8,000 3 28.5.2025 1.6.2025 (2) 9,000 2 31.7.2025 1.8.2025 (3) 10,000 1 17.8.2025 20.8.2025 (4) 11,000 1 30.9.2025 1.10.2025 (5) 12,000 1 11.11.2025 13.11.2025 (6) 13,000 2 31.12.2025 1.1.2026","What is the income to be declared by XY & Co. under the head “Profits and gains of business or profession” for A.Y.2026-27, assuming that the firm wishes to make maximum tax savings, without getting its books of account audited?",` 18 lakhs,` 20 lakhs,` 25 lakhs,` 22.50 lakhs,C,"` 25 lakhs, being 50% of ` 50 lakhs"
2,5,"The following are the details relating to four resident entities, AB & Co., LM & Co., PQ & Co. and XY & Co. for the P.Y.2025-26 – Particulars AB & Co. (Firm) LM & Co. (Firm) PQ & Co. (LLP) XY & Co. (Firm) (1) Nature of business/ profession Retail trading Business of plying, hiring or leasing goods carriages Wholesale trading Interior decoration (2) System of accounting Mercantile Cash Mercantile Cash (3) Turnover/ Gross receipts ` 200 lakhs ` 101 lakhs ` 100 lakhs ` 50 lakhs (4) Amount received by way of RTGS/ NEFT in the P.Y. 2025-26 [included in (3) above] ` 150 lakhs ` 80 lakhs ` 70 lakhs ` 45 lakhs (5) Amount received by way of cash in the P.Y.2025- 26 [included in (3) above] ` 30 lakhs ` 21 lakhs ` 10 lakhs ` 5 lakhs (6) Amount received by way of RTGS/ NEFT between 01.04.2026 & 31.7.2026 ` 20 lakhs - ` 20 lakhs - (7) Working partners’ salary ` 5 lakhs ` 1.50 lakhs ` 3 lakhs ` 5 lakhs (8) Interest on capital@12% to partners ` 1 lakh ` 0.50 lakh - ` 2 lakhs (9) Profit as per books of account maintained as per section 44AA [after deducting working partners’ salary and interest on capital] ` 5.60 lakhs ` 4.10 lakhs ` 4.50 lakhs ` 20 lakhs (10) No. of vehicles owned - 10 (See Note 2 below for details) - - Additional information: (1) It may be assumed that partners’ salary and interest are authorized by the partnership deed, relates to a period after the partnership deed and is within the permissible limits laid down under section 40(b). (2) The details of vehicles owned by M/s. LM & Co. are as follows – Gross Vehicle Weight (in kgs) Number Date of purchase Date when first put to use (1) 8,000 3 28.5.2025 1.6.2025 (2) 9,000 2 31.7.2025 1.8.2025 (3) 10,000 1 17.8.2025 20.8.2025 (4) 11,000 1 30.9.2025 1.10.2025 (5) 12,000 1 11.11.2025 13.11.2025 (6) 13,000 2 31.12.2025 1.1.2026","Would your answer to MCQ 3 and 4 change, if the firms decide to get their books of account audited?","No, there would be no change in the answer to either MCQ 3 and 4","Yes, there would be change in the answer to both MCQ and 4",There would be a change in the answer to MCQ 3 but not in the answer to MCQ 4,There would be a change in the answer to MCQ 4 but not in the answer to MCQ 3,B,Business income computed as per books of account is lower than the profits computed as per presumptive provisions for both LM & Co. and XY & Co.
3,1,"Mr. Hari, a property dealer, sold a building in the course of his business to his friend Mr. Rajesh, who is a dealer of automobile spare parts, for ` 100 lakhs on 1.1.2026, when the stamp duty value was ` 120 lakhs. The agreement was, however, entered into on 1.9.2025 when the stamp duty value was ` 110 lakhs. Mr. Hari had received a down payment of ` 15 lakhs by NEFT from Mr. Rajesh on the date of agreement. Mr. Hari has purchased the building for ` 50 lakhs on 12.7.2024. Mr. Hari’s brother, Mr. Ravi, a retail trader, sold a residential house to Mr. Vallish, a wholesale trader for ` 50 lakhs on 1.2.2026, when the stamp duty value was ` 70 lakhs. The agreement was, however, entered into on 1.8.2025 when the stamp duty value was ` 55 lakhs. Mr. Ravi had received a down payment of ` 5 lakhs by a crossed cheque from Mr. Vallish on the date of agreement. Mr. Ravi has purchased the building for ` 32 lakhs on 17.8.2024.",What is the amount of income chargeable to tax in the hands of Mr. Hari in respect of the transaction of sale of the building to Mr. Rajesh and under which head is it taxable?,` 70 lakh is taxable as his business income,` 60 lakh is taxable as his business income,` 50 lakh is taxable as his business income,` 50 lakh is taxable as short-term capital gains,C,"Since Mr. Hari is a property dealer, the profit on sale of building will be business income. ` 100 lakhs, the actual consideration would be full value of consideration as stamp duty value (SDV) as on the date of agreement does not exceed 110% of the sale consideration. SDV as on the date agreement would be considered since part of the consideration is received by way of NEFT on the date of agreement. Accordingly, business income would be ` 100 lakhs less ` 50 lakhs."
3,2,"Mr. Hari, a property dealer, sold a building in the course of his business to his friend Mr. Rajesh, who is a dealer of automobile spare parts, for ` 100 lakhs on 1.1.2026, when the stamp duty value was ` 120 lakhs. The agreement was, however, entered into on 1.9.2025 when the stamp duty value was ` 110 lakhs. Mr. Hari had received a down payment of ` 15 lakhs by NEFT from Mr. Rajesh on the date of agreement. Mr. Hari has purchased the building for ` 50 lakhs on 12.7.2024. Mr. Hari’s brother, Mr. Ravi, a retail trader, sold a residential house to Mr. Vallish, a wholesale trader for ` 50 lakhs on 1.2.2026, when the stamp duty value was ` 70 lakhs. The agreement was, however, entered into on 1.8.2025 when the stamp duty value was ` 55 lakhs. Mr. Ravi had received a down payment of ` 5 lakhs by a crossed cheque from Mr. Vallish on the date of agreement. Mr. Ravi has purchased the building for ` 32 lakhs on 17.8.2024.","Is any amount taxable in the hands of Mr. Rajesh in respect of the transaction of purchase of building from Mr. Hari? If so, what is the amount and under which head is it taxable?",No amount is taxable in the hands of Mr. Rajesh,` 20 lakh is taxable under the head “Income from Other Sources”,` 10 lakh is taxable under the head “Income from Other Sources”,` 10 lakh is taxable as his business income,A,"As per section 56(2)(x), SDV as on agreement date ` 100 lakhs will be considered in this case as part of the consideration is paid by way of NEFT on the date of agreement and the SDV as on that date does not exceed 110% of the sale consideration. Hence, no amount will be taxable in the hands of Mr. Rajesh"
3,3,"Mr. Hari, a property dealer, sold a building in the course of his business to his friend Mr. Rajesh, who is a dealer of automobile spare parts, for ` 100 lakhs on 1.1.2026, when the stamp duty value was ` 120 lakhs. The agreement was, however, entered into on 1.9.2025 when the stamp duty value was ` 110 lakhs. Mr. Hari had received a down payment of ` 15 lakhs by NEFT from Mr. Rajesh on the date of agreement. Mr. Hari has purchased the building for ` 50 lakhs on 12.7.2024. Mr. Hari’s brother, Mr. Ravi, a retail trader, sold a residential house to Mr. Vallish, a wholesale trader for ` 50 lakhs on 1.2.2026, when the stamp duty value was ` 70 lakhs. The agreement was, however, entered into on 1.8.2025 when the stamp duty value was ` 55 lakhs. Mr. Ravi had received a down payment of ` 5 lakhs by a crossed cheque from Mr. Vallish on the date of agreement. Mr. Ravi has purchased the building for ` 32 lakhs on 17.8.2024.",What is the amount of income chargeable to tax in the hands of Mr. Ravi in respect of the transaction of sale of residential house to Mr. Vallish and under which head is it taxable?,` 18 lakh is taxable as short-term capital gains,` 23 lakh is taxable as short-term capital gains,` 38 lakh is taxable as short-term capital gains,` 18 lakh is taxable as his business income,C,"` 70 lakhs, SDV as on the date of transfer would be the full value of consideration as stamp duty value (SDV) as on that date exceed 110% of the actual sale consideration. SDV as on the date of agreement would not be considered since down payment is received by way of crossed cheque on that date. Accordingly, STCG would ` 38 lakhs [` 70 lakhs – ` 38 lakhs]"
3,4,"Mr. Hari, a property dealer, sold a building in the course of his business to his friend Mr. Rajesh, who is a dealer of automobile spare parts, for ` 100 lakhs on 1.1.2026, when the stamp duty value was ` 120 lakhs. The agreement was, however, entered into on 1.9.2025 when the stamp duty value was ` 110 lakhs. Mr. Hari had received a down payment of ` 15 lakhs by NEFT from Mr. Rajesh on the date of agreement. Mr. Hari has purchased the building for ` 50 lakhs on 12.7.2024. Mr. Hari’s brother, Mr. Ravi, a retail trader, sold a residential house to Mr. Vallish, a wholesale trader for ` 50 lakhs on 1.2.2026, when the stamp duty value was ` 70 lakhs. The agreement was, however, entered into on 1.8.2025 when the stamp duty value was ` 55 lakhs. Mr. Ravi had received a down payment of ` 5 lakhs by a crossed cheque from Mr. Vallish on the date of agreement. Mr. Ravi has purchased the building for ` 32 lakhs on 17.8.2024.","Is any amount taxable in the hands of Mr. Vallish in respect of the transaction of purchase of residential house from Mr. Ravi? If so, what is the amount and under which head is it taxable?",No amount is taxable in the hands of Mr. Vallish,` 20 lakh is taxable under the head “Income from Other Sources”,` 5 lakh is taxable under the head “Income from Other Sources”,` 5 lakh is taxable as his business income,B,"The difference between the sale consideration and the SDV as on transfer date will be taxable as per section 56(2)(x) in the hands Mr. Vallish, since it exceeds higher of ` 50,000 and 10% of actual consideration."
3,5,"Mr. Hari, a property dealer, sold a building in the course of his business to his friend Mr. Rajesh, who is a dealer of automobile spare parts, for ` 100 lakhs on 1.1.2026, when the stamp duty value was ` 120 lakhs. The agreement was, however, entered into on 1.9.2025 when the stamp duty value was ` 110 lakhs. Mr. Hari had received a down payment of ` 15 lakhs by NEFT from Mr. Rajesh on the date of agreement. Mr. Hari has purchased the building for ` 50 lakhs on 12.7.2024. Mr. Hari’s brother, Mr. Ravi, a retail trader, sold a residential house to Mr. Vallish, a wholesale trader for ` 50 lakhs on 1.2.2026, when the stamp duty value was ` 70 lakhs. The agreement was, however, entered into on 1.8.2025 when the stamp duty value was ` 55 lakhs. Mr. Ravi had received a down payment of ` 5 lakhs by a crossed cheque from Mr. Vallish on the date of agreement. Mr. Ravi has purchased the building for ` 32 lakhs on 17.8.2024.",Is tax deductible by Mr. Rajesh and Mr. Vallish on making payment to the seller?,"Yes, tax is deductible at source by both Mr. Rajesh and Mr. Vallish","No, tax is not deductible at source by either Mr. Rajesh or Mr. Vallish",Tax is deductible at source by Mr. Rajesh but not by Mr. Vallish,Tax is deductible at source by Mr. Vallish but not Mr. Rajesh,A,Tax is deductible as per section 194-IA since actual consideration or SDV are more than ` 50 lakhs.
4,1,"The following are the particulars relating to four Indian companies, namely, A Ltd., B Ltd., C Ltd. and D Ltd. – Particulars A Ltd. B Ltd. Date of setting up/registration 1.9.2020 1.11.2025 Main object Manufacture of steel Manufacture of apparel Place Madhya Pradesh Warangal in Telangana Value of new plant and machinery installed and put to use on the date of setting up of the company ` 10 crore ` 4 crore Gross Total Income of P.Y.2025-26 ` 4.90 crore ` 2.80 crore No. of new employees employed on the date of setting up of the company 1000 1000 Monthly emoluments to employees by account payee cheque: 500 employees ` 24,000 per employee ` 24,000 per employee 500 employees ` 25,100 per employee ` 26,000 per employee Particulars C Ltd. D Ltd. Date of setting up/ registration 1.4.2000 1.1.2005 Main object Trading in leather goods Trading in food grains Place Tamil Nadu Karnataka Turnover P.Y.2021-22 ` 347 crore ` 201 crore P.Y.2022-23 ` 395 crore ` 225 crore P.Y.2023-24 ` 499 crore ` 251 crore P.Y.2024-25 ` 350 crore ` 342 crore P.Y.2025-26 ` 424 crore ` 380 crore Details of income returned & assessed for A.Y.2026-27 As per return of income filed ` 14 crores ` 17 crores Income determined u/s 143(1)(a) ` 16 crores ` 20 crores Income assessed u/s 143(3) ` 20 crores ` 22 crores","What would be the tax liability (rounded off) of B Ltd. for A.Y.2026-27, if it avails the beneficial tax rates under the concessional tax provisions of section 115BAA, by fulfilling the conditions specified thereunder? Assume that the gross total income reflects the computation under the special provisions.","` 70,47,040","` 22,88,000","` 25,16,800","` 17,16,000",C,"Even if B Ltd. opt for concessional tax regime under section 115BAA, deduction under section 80JJAA is allowable. Accordingly, total income would be ` 2.8 crores less deduction u/s 80JJAA of ` 1.8 crores. Tax liability would be computed @25.168% of ` 1 crore."
4,2,"The following are the particulars relating to four Indian companies, namely, A Ltd., B Ltd., C Ltd. and D Ltd. – Particulars A Ltd. B Ltd. Date of setting up/registration 1.9.2020 1.11.2025 Main object Manufacture of steel Manufacture of apparel Place Madhya Pradesh Warangal in Telangana Value of new plant and machinery installed and put to use on the date of setting up of the company ` 10 crore ` 4 crore Gross Total Income of P.Y.2025-26 ` 4.90 crore ` 2.80 crore No. of new employees employed on the date of setting up of the company 1000 1000 Monthly emoluments to employees by account payee cheque: 500 employees ` 24,000 per employee ` 24,000 per employee 500 employees ` 25,100 per employee ` 26,000 per employee Particulars C Ltd. D Ltd. Date of setting up/ registration 1.4.2000 1.1.2005 Main object Trading in leather goods Trading in food grains Place Tamil Nadu Karnataka Turnover P.Y.2021-22 ` 347 crore ` 201 crore P.Y.2022-23 ` 395 crore ` 225 crore P.Y.2023-24 ` 499 crore ` 251 crore P.Y.2024-25 ` 350 crore ` 342 crore P.Y.2025-26 ` 424 crore ` 380 crore Details of income returned & assessed for A.Y.2026-27 As per return of income filed ` 14 crores ` 17 crores Income determined u/s 143(1)(a) ` 16 crores ` 20 crores Income assessed u/s 143(3) ` 20 crores ` 22 crores","What would be the tax liability (rounded off) of A Ltd. for A.Y.2026-27, if it avails the beneficial tax rates under the special provisions of section 115BAA, by fulfilling the conditions specified thereunder? Assume that the gross total income reflects the computation under the special provisions.","` 1,23,32,320","` 59,89,980","` 14,59,740","` 9,95,280",A,"As per section 115BAA, tax liability would be computed @25.168% of ` 4.9 crores."
4,3,"The following are the particulars relating to four Indian companies, namely, A Ltd., B Ltd., C Ltd. and D Ltd. – Particulars A Ltd. B Ltd. Date of setting up/registration 1.9.2020 1.11.2025 Main object Manufacture of steel Manufacture of apparel Place Madhya Pradesh Warangal in Telangana Value of new plant and machinery installed and put to use on the date of setting up of the company ` 10 crore ` 4 crore Gross Total Income of P.Y.2025-26 ` 4.90 crore ` 2.80 crore No. of new employees employed on the date of setting up of the company 1000 1000 Monthly emoluments to employees by account payee cheque: 500 employees ` 24,000 per employee ` 24,000 per employee 500 employees ` 25,100 per employee ` 26,000 per employee Particulars C Ltd. D Ltd. Date of setting up/ registration 1.4.2000 1.1.2005 Main object Trading in leather goods Trading in food grains Place Tamil Nadu Karnataka Turnover P.Y.2021-22 ` 347 crore ` 201 crore P.Y.2022-23 ` 395 crore ` 225 crore P.Y.2023-24 ` 499 crore ` 251 crore P.Y.2024-25 ` 350 crore ` 342 crore P.Y.2025-26 ` 424 crore ` 380 crore Details of income returned & assessed for A.Y.2026-27 As per return of income filed ` 14 crores ` 17 crores Income determined u/s 143(1)(a) ` 16 crores ` 20 crores Income assessed u/s 143(3) ` 20 crores ` 22 crores","What would be the total income (rounded off) of A Ltd. and B Ltd. for A.Y.2026-27, if they do not opt for the special provisions of section 115BAA? Assume that the gross total income reflects the computation under the special provisions.","` 2,90,00,000; ` 2,40,00,000","` 58,00,000; ` 2,40,00,000","` 2,90,00,000; ` 60,00,000","` 4,90,00,000; ` 60,00,000",D,A Ltd. - No additional deduction available B Ltd.- Eligible to claim additional depreciation @10% (being 50% of the rate of 20%) of ` 4 crores and deduction under section 80JJAA.
4,4,"The following are the particulars relating to four Indian companies, namely, A Ltd., B Ltd., C Ltd. and D Ltd. – Particulars A Ltd. B Ltd. Date of setting up/registration 1.9.2020 1.11.2025 Main object Manufacture of steel Manufacture of apparel Place Madhya Pradesh Warangal in Telangana Value of new plant and machinery installed and put to use on the date of setting up of the company ` 10 crore ` 4 crore Gross Total Income of P.Y.2025-26 ` 4.90 crore ` 2.80 crore No. of new employees employed on the date of setting up of the company 1000 1000 Monthly emoluments to employees by account payee cheque: 500 employees ` 24,000 per employee ` 24,000 per employee 500 employees ` 25,100 per employee ` 26,000 per employee Particulars C Ltd. D Ltd. Date of setting up/ registration 1.4.2000 1.1.2005 Main object Trading in leather goods Trading in food grains Place Tamil Nadu Karnataka Turnover P.Y.2021-22 ` 347 crore ` 201 crore P.Y.2022-23 ` 395 crore ` 225 crore P.Y.2023-24 ` 499 crore ` 251 crore P.Y.2024-25 ` 350 crore ` 342 crore P.Y.2025-26 ` 424 crore ` 380 crore Details of income returned & assessed for A.Y.2026-27 As per return of income filed ` 14 crores ` 17 crores Income determined u/s 143(1)(a) ` 16 crores ` 20 crores Income assessed u/s 143(3) ` 20 crores ` 22 crores","What would be the quantum of penalty payable by C Ltd. under section 270A, assuming that the under-reporting of income is not due to mis- reporting and none of the additions made in the assessment qualifies under section 270A(6)? Assume that C Ltd. has not opted for the special provisions under section 115BAA.","` 58,24,000","` 69,88,800","` 87,36,000","` 1,04,83,200",B,"Penalty = 50% of tax on under-reported income Under-reported income = ` 4 crores Tax @30% plus surcharge @12% plus HEC @4% on under-reported income = ` 6,98,88,000 i.e., tax on ` 20 crores [` 16 crores computed as per the intimation under section 143(1) + ` 4 crores of under-reported income] – ` 5,59,10,400 i.e., tax on ` 16 crores [income computed as per the intimation under section 143(1)] = ` 1,39,77,600 Penalty = ` 69,88,800"
4,5,"The following are the particulars relating to four Indian companies, namely, A Ltd., B Ltd., C Ltd. and D Ltd. – Particulars A Ltd. B Ltd. Date of setting up/registration 1.9.2020 1.11.2025 Main object Manufacture of steel Manufacture of apparel Place Madhya Pradesh Warangal in Telangana Value of new plant and machinery installed and put to use on the date of setting up of the company ` 10 crore ` 4 crore Gross Total Income of P.Y.2025-26 ` 4.90 crore ` 2.80 crore No. of new employees employed on the date of setting up of the company 1000 1000 Monthly emoluments to employees by account payee cheque: 500 employees ` 24,000 per employee ` 24,000 per employee 500 employees ` 25,100 per employee ` 26,000 per employee Particulars C Ltd. D Ltd. Date of setting up/ registration 1.4.2000 1.1.2005 Main object Trading in leather goods Trading in food grains Place Tamil Nadu Karnataka Turnover P.Y.2021-22 ` 347 crore ` 201 crore P.Y.2022-23 ` 395 crore ` 225 crore P.Y.2023-24 ` 499 crore ` 251 crore P.Y.2024-25 ` 350 crore ` 342 crore P.Y.2025-26 ` 424 crore ` 380 crore Details of income returned & assessed for A.Y.2026-27 As per return of income filed ` 14 crores ` 17 crores Income determined u/s 143(1)(a) ` 16 crores ` 20 crores Income assessed u/s 143(3) ` 20 crores ` 22 crores","What would be the quantum of penalty payable by D Ltd. under section 270A, assuming that the under-reporting of income is due to misreporting? Assume that D Ltd. has not opted for the special provisions under section 115BAB.","` 1,16,48,000","` 1,39,77,600","` 2,91,20,000","` 3,49,44,000",A,"Penalty for mis-reporting of income = 200% of tax on under-reported income Under-reported income = ` 2 crores Tax @25% plus surcharge @12% plus HEC @4% on under-reported income = ` 6,40,64,000 i.e., tax on ` 22 crores [` 20 crores computed as per the intimation under section 143(1) + ` 2 crores of under-reported income] – ` 5,82,40,000 i.e., tax on ` 20 crores [income computed as per the intimation under section 143(1)] = ` 58,24,000 Penalty = ` 1,16,48,000"
5,1,"A business trust, registered under SEBI (Real Estate Investment Trusts) Regulations, 2014, gives particulars of its income for the P.Y.2025-26: (i) Interest income from Z Ltd. – ` 10 lakh; (ii) Dividend income from Z Ltd. – ` 5 lakh; (iii) Short-term capital gains on sale of listed shares on 31.10.2025 (STT paid both at the time of purchase and sale) of Indian companies – ` 4 lakh; (iv) Short-term capital gains on sale of developmental properties on 13.4.2025 – ` 8 lakh (v) Interest received from investments in unlisted debentures of real estate companies – ` 1 lakh; (vi) Rental income from directly owned real estate assets – ` 20 lakh Z Ltd. is an Indian company in which the business trust holds 100% of the shareholding. Z Ltd. does not opt to pay tax under section 115BAA. Assume that the business trust has distributed the entire ` 48 lakh to the unit holders in P.Y. 2025-26 in the month of March, 2026. Mr. X is a resident holder holding 100 units and Mr. Y is a non-resident holder holding 500 units. The total number of units subscribed to by all unit holders is 5,000.",In respect of the component of interest income from Z Ltd. distributed by the business trust to unit-holders X and Y -,"No tax is deductible by the business trust, since such income is not taxable in the hands of unit holders","Tax is deductible@5% on ` 20,000 distributed to Mr. X and @5.2% on ` 1 lakh distributed to Mr. Y","Tax is deductible@10% on ` 20,000 distributed to Mr. X and @5.2% on ` 1 lakh distributed to Mr. Y","Tax is deductible@10% on ` 20,000 distributed to Mr. X and 10.4% on ` 1 lakh distributed to Mr. Y",C,TDS rates as per section 194LBA are applicable.
5,2,"A business trust, registered under SEBI (Real Estate Investment Trusts) Regulations, 2014, gives particulars of its income for the P.Y.2025-26: (i) Interest income from Z Ltd. – ` 10 lakh; (ii) Dividend income from Z Ltd. – ` 5 lakh; (iii) Short-term capital gains on sale of listed shares on 31.10.2025 (STT paid both at the time of purchase and sale) of Indian companies – ` 4 lakh; (iv) Short-term capital gains on sale of developmental properties on 13.4.2025 – ` 8 lakh (v) Interest received from investments in unlisted debentures of real estate companies – ` 1 lakh; (vi) Rental income from directly owned real estate assets – ` 20 lakh Z Ltd. is an Indian company in which the business trust holds 100% of the shareholding. Z Ltd. does not opt to pay tax under section 115BAA. Assume that the business trust has distributed the entire ` 48 lakh to the unit holders in P.Y. 2025-26 in the month of March, 2026. Mr. X is a resident holder holding 100 units and Mr. Y is a non-resident holder holding 500 units. The total number of units subscribed to by all unit holders is 5,000.",In respect of short-term capital gains of ` 4 lakh on sale of listed shares of Indian companies and ` 8 lakh on sale of developmental properties. -,"The business trust is liable to pay tax@15% plus HEC @4% and at MMR, respectively",The business trust is liable to pay tax at MMR,"The business trust enjoys pass through status and hence, it need not pay any tax on such short-term capital gains; such income is subject to tax in the hands of unit-holders","The business trust is liable to pay tax@20% plus HEC @4% and at MMR, respectively",D,"STCG on sale of listed shares of Indian companies and STCG on sale of developmental properties are taxable in the hands of business trust @20% plus HEC @4% as per section 111A and at MMR, respectively."
5,3,"A business trust, registered under SEBI (Real Estate Investment Trusts) Regulations, 2014, gives particulars of its income for the P.Y.2025-26: (i) Interest income from Z Ltd. – ` 10 lakh; (ii) Dividend income from Z Ltd. – ` 5 lakh; (iii) Short-term capital gains on sale of listed shares on 31.10.2025 (STT paid both at the time of purchase and sale) of Indian companies – ` 4 lakh; (iv) Short-term capital gains on sale of developmental properties on 13.4.2025 – ` 8 lakh (v) Interest received from investments in unlisted debentures of real estate companies – ` 1 lakh; (vi) Rental income from directly owned real estate assets – ` 20 lakh Z Ltd. is an Indian company in which the business trust holds 100% of the shareholding. Z Ltd. does not opt to pay tax under section 115BAA. Assume that the business trust has distributed the entire ` 48 lakh to the unit holders in P.Y. 2025-26 in the month of March, 2026. Mr. X is a resident holder holding 100 units and Mr. Y is a non-resident holder holding 500 units. The total number of units subscribed to by all unit holders is 5,000.","The dividend component of income from Z Ltd., distributed to unit- holders X and Y -","would be subject to distribution tax in the hands of Z Ltd., hence exempt in the hands of the business trust and the unit holders","is exempt in the hands of the business trust, since the trust enjoys pass through status in respect of such income; such income is taxable in the hands of the unitholders X and Y","is taxable in the hands of the business trust; hence, exempt in the hands of the unitholders",is exempt in the hands of the business trust and in the hands of the unit holders,D,"Dividend income is exempt in the hands of unitholders as well as Z Ltd., since Z Ltd., being a SPV, has not exercised the option under section 115BAA."
5,4,"A business trust, registered under SEBI (Real Estate Investment Trusts) Regulations, 2014, gives particulars of its income for the P.Y.2025-26: (i) Interest income from Z Ltd. – ` 10 lakh; (ii) Dividend income from Z Ltd. – ` 5 lakh; (iii) Short-term capital gains on sale of listed shares on 31.10.2025 (STT paid both at the time of purchase and sale) of Indian companies – ` 4 lakh; (iv) Short-term capital gains on sale of developmental properties on 13.4.2025 – ` 8 lakh (v) Interest received from investments in unlisted debentures of real estate companies – ` 1 lakh; (vi) Rental income from directly owned real estate assets – ` 20 lakh Z Ltd. is an Indian company in which the business trust holds 100% of the shareholding. Z Ltd. does not opt to pay tax under section 115BAA. Assume that the business trust has distributed the entire ` 48 lakh to the unit holders in P.Y. 2025-26 in the month of March, 2026. Mr. X is a resident holder holding 100 units and Mr. Y is a non-resident holder holding 500 units. The total number of units subscribed to by all unit holders is 5,000.","If Z Ltd. exercises option under section 115BAA, then, the dividend component of income from Z Ltd., distributed to unit-holders X and Y-","would be subject to distribution tax in the hands of Z Ltd., hence exempt in the hands of the business trust and the unit holders","is exempt in the hands of the business trust, since the trust enjoys pass through status in respect of such income; such income is taxable in the hands of X and Y","is taxable in the hands of the business trust; hence, exempt in the hands of the X and Y",is exempt in the hands of the business trust and in the hands of the unit holders X and Y,B,"Dividend income would not be exempt in the hands of unitholders since Z Ltd., being a SPV has exercised the option under section 115BAA."
5,5,"A business trust, registered under SEBI (Real Estate Investment Trusts) Regulations, 2014, gives particulars of its income for the P.Y.2025-26: (i) Interest income from Z Ltd. – ` 10 lakh; (ii) Dividend income from Z Ltd. – ` 5 lakh; (iii) Short-term capital gains on sale of listed shares on 31.10.2025 (STT paid both at the time of purchase and sale) of Indian companies – ` 4 lakh; (iv) Short-term capital gains on sale of developmental properties on 13.4.2025 – ` 8 lakh (v) Interest received from investments in unlisted debentures of real estate companies – ` 1 lakh; (vi) Rental income from directly owned real estate assets – ` 20 lakh Z Ltd. is an Indian company in which the business trust holds 100% of the shareholding. Z Ltd. does not opt to pay tax under section 115BAA. Assume that the business trust has distributed the entire ` 48 lakh to the unit holders in P.Y. 2025-26 in the month of March, 2026. Mr. X is a resident holder holding 100 units and Mr. Y is a non-resident holder holding 500 units. The total number of units subscribed to by all unit holders is 5,000.",Interest received by the business trust from investments in unlisted debentures of real estate companies and distributed to unit holders would be -,subject to tax in the hands of the unit holders,subject to tax in the hands of the business trust @30%,subject to tax in the hands of the business trust at MMR,subject to tax in the hands of the business trust at the average rate of tax,C,Interest received by the business trust from investments in unlisted debentures of real estate companies and distributed to unit holders would be subject to tax in the hands of the business trust at MMR.
5,6,"A business trust, registered under SEBI (Real Estate Investment Trusts) Regulations, 2014, gives particulars of its income for the P.Y.2025-26: (i) Interest income from Z Ltd. – ` 10 lakh; (ii) Dividend income from Z Ltd. – ` 5 lakh; (iii) Short-term capital gains on sale of listed shares on 31.10.2025 (STT paid both at the time of purchase and sale) of Indian companies – ` 4 lakh; (iv) Short-term capital gains on sale of developmental properties on 13.4.2025 – ` 8 lakh (v) Interest received from investments in unlisted debentures of real estate companies – ` 1 lakh; (vi) Rental income from directly owned real estate assets – ` 20 lakh Z Ltd. is an Indian company in which the business trust holds 100% of the shareholding. Z Ltd. does not opt to pay tax under section 115BAA. Assume that the business trust has distributed the entire ` 48 lakh to the unit holders in P.Y. 2025-26 in the month of March, 2026. Mr. X is a resident holder holding 100 units and Mr. Y is a non-resident holder holding 500 units. The total number of units subscribed to by all unit holders is 5,000.",The rental component of income from real estate assets received by the business trust and distributed to its unit holders X and Y would be-,subject to tax in the hands of the business trust at MMR,subject to tax in the hands of the business trust@31.2%,"subject to tax in the hands of the unit-holder X@10% (on ` 40,000) and Y@ the rates in force (on ` 2,00,000); such tax has to be deducted at source by the business trust","subject to tax in the hands of the unit-holders X and Y; business trust has to deduct tax@10% on ` 40,000 distributed to X and at the rates in force on ` 2,00,000 distributed to Y",D,"The rental component of income from real estate assets received by the business trust and distributed to its unit holders is taxable in the hands of unit holders at the applicable tax rates. In respect of such income, tax is deductible by the business trust at the rates specified under section 194LBA."
6,1,"M/s. MNO is a firm liable to tax@30%. The following are the particulars furnished by the firm for A.Y.2026-27: Particulars of total income ` (1) As per the return of income furnished u/s 139(1) 40,00,000 (2) Determined under section 143(1)(a) 50,00,000 (3) Assessed under section 143(3) 65,00,000 (4) Reassessed under section 147 85,00,000 Mr. N, a resident individual (aged 58 years) and a partner of the above firm, has not furnished his return of income for A.Y.2026-27. However, his total income assessed in respect of such year under section 144 is ` 15 lakh.",M/s. MNO is deemed to have under-reported its income since its: (1) income determined u/s 143(1)(a) exceeds its income declared as per return of income furnished u/s 139(1) (2) income assessed u/s 143(3) exceeds its income determined u/s 143(1)(a) (3) income reassessed u/s 147 exceeds its income assessed u/s 143(3) The correct answer is -,(1) and (2) above,(1) and (3) above,(2) and (3) above,"(1), (2) and (3) above",C,"As per section 270A, if income determined u/s 143(1)(a) exceeds its income declared as per return of income furnished u/s 139(1), such excess would not be deemed as under-reported income."
6,2,"M/s. MNO is a firm liable to tax@30%. The following are the particulars furnished by the firm for A.Y.2026-27: Particulars of total income ` (1) As per the return of income furnished u/s 139(1) 40,00,000 (2) Determined under section 143(1)(a) 50,00,000 (3) Assessed under section 143(3) 65,00,000 (4) Reassessed under section 147 85,00,000 Mr. N, a resident individual (aged 58 years) and a partner of the above firm, has not furnished his return of income for A.Y.2026-27. However, his total income assessed in respect of such year under section 144 is ` 15 lakh.",Mr. N is deemed to have under-reported his income since: (1) He is a partner of a firm which has under-reported its income (2) He has not filed his return of income (3) His assessed income exceeds the maximum amount not chargeable to tax The correct answer is -,(1) and (2) above,(1) and (3) above,(2) and (3) above,"(1), (2) and (3) above",C,"As per section 270A, a person is considered to have under-reported his income if he has not filed his return of income and his assessed income exceeds the maximum amount not chargeable to tax."
6,3,"M/s. MNO is a firm liable to tax@30%. The following are the particulars furnished by the firm for A.Y.2026-27: Particulars of total income ` (1) As per the return of income furnished u/s 139(1) 40,00,000 (2) Determined under section 143(1)(a) 50,00,000 (3) Assessed under section 143(3) 65,00,000 (4) Reassessed under section 147 85,00,000 Mr. N, a resident individual (aged 58 years) and a partner of the above firm, has not furnished his return of income for A.Y.2026-27. However, his total income assessed in respect of such year under section 144 is ` 15 lakh.","Assuming that the underreporting of income is not on account of misreporting and none of the additions or disallowances made in assessment qualifies u/s 270A(6), penalty leviable on M/s. MNO u/s 270A at the time of assessment u/s 143(3) would be:","` 3,12,000","` 1,56,000","` 4,68,000","` 2,34,000",D,"Penalty = 50% of tax on under-reported income Under-reported income = ` 15 lakhs Tax on under-reported income = ` 20,28,000 i.e., tax @30% plus HEC @4% on ` 65 lakhs [` 50 lakhs computed as per the intimation under section 143(1)(a) + ` 15 lakhs of under-reported income] – ` 15,60,000 i.e., tax @30% plus HEC @4% on ` 50 lakhs [income computed as per the intimation under section 143(1)(a)] = ` 4,68,000 Penalty = ` 2,34,000"
6,4,"M/s. MNO is a firm liable to tax@30%. The following are the particulars furnished by the firm for A.Y.2026-27: Particulars of total income ` (1) As per the return of income furnished u/s 139(1) 40,00,000 (2) Determined under section 143(1)(a) 50,00,000 (3) Assessed under section 143(3) 65,00,000 (4) Reassessed under section 147 85,00,000 Mr. N, a resident individual (aged 58 years) and a partner of the above firm, has not furnished his return of income for A.Y.2026-27. However, his total income assessed in respect of such year under section 144 is ` 15 lakh.","Assuming that the underreporting of income is on account of misreporting, penalty leviable on M/s. MNO under section 270A at the time of reassessment u/s 147 would be:","` 3,12,000","` 2,34,000","` 12,48,000","` 6,24,000",C,"Penalty = 200% of tax on under-reported income Under-reported income = ` 20 lakhs Tax on under-reported income = ` 26,52,000 i.e., tax @30% plus HEC @4% on ` 85 lakhs [` 65 lakhs computed as per the order under section 147 + ` 20 lakhs of under-reported income] – ` 20,28,000 i.e., tax @30% plus HEC @4% on ` 65 lakhs [income computed as per the order under section 147] = ` 6,24,000 Penalty = ` 12,48,000"
6,5,"M/s. MNO is a firm liable to tax@30%. The following are the particulars furnished by the firm for A.Y.2026-27: Particulars of total income ` (1) As per the return of income furnished u/s 139(1) 40,00,000 (2) Determined under section 143(1)(a) 50,00,000 (3) Assessed under section 143(3) 65,00,000 (4) Reassessed under section 147 85,00,000 Mr. N, a resident individual (aged 58 years) and a partner of the above firm, has not furnished his return of income for A.Y.2026-27. However, his total income assessed in respect of such year under section 144 is ` 15 lakh.","Assuming that the under-reporting of income is not on account of misreporting, the under-reported income of Mr. N and penalty leviable on Mr. N u/s 270A would be:","Under-reported income ` 15,00,000; penalty ` 1,36,500","Under-reported income ` 12,50,000; penalty ` 52,000","Under-reported income ` 11,00,000; penalty ` 54,600","Under-reported income ` 11,00,000; penalty ` 1,09,200",C,"Tax is required to be computed as per default tax regime under section 115BAC after adding basic exemption limit of ` 4,00,000 to the under- reported income of ` 11,00,000. Penalty = 50% of (tax on ` 15,00,000 plus HEC @4%)"
7,1,"Mr. Manoj (aged 45 years) is a resident Indian who has the following life insurance policies, some of which are ULIPs. The details of such policies are given hereunder: Particulars A B C (ULIP) D (ULIP) E (ULIP) F (ULIP) Date of issue 1.4.2016 1.4.2017 1.2.2021 1.1.2021 1.3.2021 1.4.2021 Annual premium ` 50,000 ` 40,000 ` 1,00,000 ` 3,00,000 ` 1,40,000 ` 2,50,000 Date when premium falls due every year 1st April 1st April 1st Feb 1st Jan 1st March 1st April Date of maturity 31.3.2026 31.3.2026 31.1.2030 31.12.2030 28.2.2030 31.3.2030 Consideration received on maturity (including bonus) ` 7,00,000 ` 4,00,000 ` 11,00,000 ` 32,00,000 ` 17,00,000 ` 28,00,000 Sum assured ` 6,00,000 ` 3,50,000 ` 10,00,000 ` 30,00,000 ` 15,00,000 ` 25,00,000 Mr. Manoj has exercised the option to shift out of the default tax regime under section 115BAC.",Which are the life insurance policies (excluding ULIPs) in respect of which Mr. Manoj would be eligible for exemption under section 10(10D) in respect of maturity proceeds and what is the quantum of deduction which would be available under section 80C in respect of premium paid on such policies for A.Y.2026-27? Assume that Mr. Manoj does not have any ULIPs only for the purpose of answering this MCQ.,"A and B; ` 90,000","A and B; ` 85,000","Only A; ` 50,000","Only A; ` 85,000",D,"Since annual premium of policy A does not exceed 10% of the sum assured, the same would be exempt, by virtue of section 10(10D). Deduction u/s 80C would be ` 85,000, i.e., ` 50,000 (Policy A) and ` 35,000, being 10% of actual sum assured (Policy B)."
7,2,"Mr. Manoj (aged 45 years) is a resident Indian who has the following life insurance policies, some of which are ULIPs. The details of such policies are given hereunder: Particulars A B C (ULIP) D (ULIP) E (ULIP) F (ULIP) Date of issue 1.4.2016 1.4.2017 1.2.2021 1.1.2021 1.3.2021 1.4.2021 Annual premium ` 50,000 ` 40,000 ` 1,00,000 ` 3,00,000 ` 1,40,000 ` 2,50,000 Date when premium falls due every year 1st April 1st April 1st Feb 1st Jan 1st March 1st April Date of maturity 31.3.2026 31.3.2026 31.1.2030 31.12.2030 28.2.2030 31.3.2030 Consideration received on maturity (including bonus) ` 7,00,000 ` 4,00,000 ` 11,00,000 ` 32,00,000 ` 17,00,000 ` 28,00,000 Sum assured ` 6,00,000 ` 3,50,000 ` 10,00,000 ` 30,00,000 ` 15,00,000 ` 25,00,000 Mr. Manoj has exercised the option to shift out of the default tax regime under section 115BAC.",Which are the ULIPs in respect of which Mr. Manoj would be eligible for exemption under section 10(10D) in respect of maturity proceeds? Choose the option most beneficial to Mr. Manoj.,Only C and E,Only F,"Only C, D and E",Only D and F,C,"Since the Policy D is issued before 01.02.2021 and the annual premium does not exceed 10% of the sum assured, the same is exempt. Since taxable maturity proceeds ` 2,00,000 (` 11,00,000 - ` 9,00,000) of Policy C and ` 4,40,000 (` 17,00,000 -12,60,000) of Policy E together is higher than maturity proceeds of ` 5,50,000 of Policy F and aggregate premium in respect of such policies does not exceed ` 2,50,000, it would be beneficial to claim policy C and E as exempt."
7,3,"Mr. Manoj (aged 45 years) is a resident Indian who has the following life insurance policies, some of which are ULIPs. The details of such policies are given hereunder: Particulars A B C (ULIP) D (ULIP) E (ULIP) F (ULIP) Date of issue 1.4.2016 1.4.2017 1.2.2021 1.1.2021 1.3.2021 1.4.2021 Annual premium ` 50,000 ` 40,000 ` 1,00,000 ` 3,00,000 ` 1,40,000 ` 2,50,000 Date when premium falls due every year 1st April 1st April 1st Feb 1st Jan 1st March 1st April Date of maturity 31.3.2026 31.3.2026 31.1.2030 31.12.2030 28.2.2030 31.3.2030 Consideration received on maturity (including bonus) ` 7,00,000 ` 4,00,000 ` 11,00,000 ` 32,00,000 ` 17,00,000 ` 28,00,000 Sum assured ` 6,00,000 ` 3,50,000 ` 10,00,000 ` 30,00,000 ` 15,00,000 ` 25,00,000 Mr. Manoj has exercised the option to shift out of the default tax regime under section 115BAC.","Considering the option chosen in MCQ 2 above, what would be the capital gains computed under section 45(1B) in the hands of Mr. Manoj for A.Y.2030-31? Assume that, for the purpose of this MCQ, no consideration was received prior to the maturity date in case of any ULIP.","` 11,40,000","` 10,50,000","` 5,50,000","` 6,40,000",C,Refer calculation of maturity proceeds given in MCQ 2.
8,1,"Mr. Sunil, Mr. Sriram and Mr. Shyam are three brothers, who are resident Indians engaged in independent retail trade business of food grains in Pune, Thane and Nagpur, respectively. Their turnover for F.Y.2024-25 were ` 9 crores, ` 10 crores and ` 12 crores, respectively. They regularly purchase food grains from another resident, Mr. Ashwath, a wholesaler in Mumbai. The turnover of Mr. Ashwath for F.Y.2024-25 was ` 18 crores. They all follow mercantile system of accounting. The aggregate amount credited by the brothers to the account of Mr. Ashwath during each month of the F.Y.2025-26 is shown in the table below. It may be assumed that the entire amount relating to Mr. Ashwath for a particular month is credited to his account on the last date of that month and is paid entirely on the last date of the immediately following month. Likewise, Mr. Ashwath also debits the accounts of Mr. Sunil, Mr. Sriram and Mr. Shyam on the last date of the month with the amount of sales effected during each month. Month Value of purchases from Mr. Ashwath Mr. Sunil Mr. Sriram Mr. Shyam ` ` ` April, 2025 5.90 lakhs 7.50 lakhs 9.80 lakhs May, 2025 7.10 lakhs 6.85 lakhs 8.75 lakhs June, 2025 8.20 lakhs 8.20 lakhs 9.45 lakhs July, 2025 6.80 lakhs 6.45 lakhs 6.80 lakhs August, 2025 4.90 lakhs 5.95 lakhs 6.30 lakhs September, 2025 5.80 lakhs 7.10 lakhs 8.15 lakhs October, 2025 7.20 lakhs 8.60 lakhs 7.80 lakhs November, 2025 6.70 lakhs 6.80 lakhs 9.10 lakhs December, 2025 8.10 lakhs 7.85 lakhs 7.90 lakhs January, 2026 9.00 lakhs 8.90 lakhs 8.25 lakhs February, 2026 7.90 lakhs 6.70 lakhs 7.95 lakhs March, 2026 8.40 lakhs 9.10 lakhs 7.75 lakhs Total 86 lakhs 90 lakhs 98 lakhs Mr. Sunil’s friend Mr. Krishna, who commenced retail trade business in April, 2025, entered into a one-time transaction with Mr. Ashwath for purchase of food grains for ` 60 lakhs on 30th June, 2025, on which date he credited the said sum to the account of Mr. Ashwath. He, however, paid the said sum to him only on 2nd July, 2025.","Are the provisions of TDS under the Income-tax Act, 1961 attracted in respect of purchase transactions with Mr. Ashwath? If so, in whose hands, at what rate and at what point of time? Ignore one time transaction of Mr. Sunil’s friend, Mr. Krishna, for the purpose of this MCQ.","Mr. Sriram and Mr. Shyam are liable to deduct tax at source @1% on the amount of each purchase made (after crossing the threshold limit of ` 50 lakhs), at the time of payment to Mr. Ashwath towards such purchase (i.e., from 30.11.2025 onwards)","Mr. Sriram and Mr. Shyam are liable to deduct tax at source @0.1% on the amount of each purchase (after crossing the threshold limit of ` 50 lakhs), at the time of credit of such amount to Mr. Ashwath’s account (i.e., from 31.10.2025 onwards)","Mr. Shyam is liable to deduct tax at source @0.1% on the amount of each purchase (after crossing the threshold limit of ` 50 lakhs) at the time of credit of such amount to Mr. Ashwath’s account (i.e., from 31.10.2025 onwards).","Mr. Shyam is liable to deduct tax at source @1% on the amount of each purchase made (after crossing the threshold limit of ` 50 lakhs) at the time of payment to Mr. Ashwath towards such purchase (i.e., from 30.11.2025 onwards).",C,"Since Mr. Shyam’s turnover for the F.Y. 2024-25 exceeds ` 10 crores, he is liable to deduct tax at source u/s 194Q."
8,2,"Mr. Sunil, Mr. Sriram and Mr. Shyam are three brothers, who are resident Indians engaged in independent retail trade business of food grains in Pune, Thane and Nagpur, respectively. Their turnover for F.Y.2024-25 were ` 9 crores, ` 10 crores and ` 12 crores, respectively. They regularly purchase food grains from another resident, Mr. Ashwath, a wholesaler in Mumbai. The turnover of Mr. Ashwath for F.Y.2024-25 was ` 18 crores. They all follow mercantile system of accounting. The aggregate amount credited by the brothers to the account of Mr. Ashwath during each month of the F.Y.2025-26 is shown in the table below. It may be assumed that the entire amount relating to Mr. Ashwath for a particular month is credited to his account on the last date of that month and is paid entirely on the last date of the immediately following month. Likewise, Mr. Ashwath also debits the accounts of Mr. Sunil, Mr. Sriram and Mr. Shyam on the last date of the month with the amount of sales effected during each month. Month Value of purchases from Mr. Ashwath Mr. Sunil Mr. Sriram Mr. Shyam ` ` ` April, 2025 5.90 lakhs 7.50 lakhs 9.80 lakhs May, 2025 7.10 lakhs 6.85 lakhs 8.75 lakhs June, 2025 8.20 lakhs 8.20 lakhs 9.45 lakhs July, 2025 6.80 lakhs 6.45 lakhs 6.80 lakhs August, 2025 4.90 lakhs 5.95 lakhs 6.30 lakhs September, 2025 5.80 lakhs 7.10 lakhs 8.15 lakhs October, 2025 7.20 lakhs 8.60 lakhs 7.80 lakhs November, 2025 6.70 lakhs 6.80 lakhs 9.10 lakhs December, 2025 8.10 lakhs 7.85 lakhs 7.90 lakhs January, 2026 9.00 lakhs 8.90 lakhs 8.25 lakhs February, 2026 7.90 lakhs 6.70 lakhs 7.95 lakhs March, 2026 8.40 lakhs 9.10 lakhs 7.75 lakhs Total 86 lakhs 90 lakhs 98 lakhs Mr. Sunil’s friend Mr. Krishna, who commenced retail trade business in April, 2025, entered into a one-time transaction with Mr. Ashwath for purchase of food grains for ` 60 lakhs on 30th June, 2025, on which date he credited the said sum to the account of Mr. Ashwath. He, however, paid the said sum to him only on 2nd July, 2025.","What would be the applicable rate of TDS, if Mr. Ashwath fails to furnish PAN to the deductor (based on answer to MCQ 1)?",20%,5%,0.5%,1%,B,As per section 206AA tax is to be deducted at higher rate of 5% on account of non-furnishing of PAN.
8,3,"Mr. Sunil, Mr. Sriram and Mr. Shyam are three brothers, who are resident Indians engaged in independent retail trade business of food grains in Pune, Thane and Nagpur, respectively. Their turnover for F.Y.2024-25 were ` 9 crores, ` 10 crores and ` 12 crores, respectively. They regularly purchase food grains from another resident, Mr. Ashwath, a wholesaler in Mumbai. The turnover of Mr. Ashwath for F.Y.2024-25 was ` 18 crores. They all follow mercantile system of accounting. The aggregate amount credited by the brothers to the account of Mr. Ashwath during each month of the F.Y.2025-26 is shown in the table below. It may be assumed that the entire amount relating to Mr. Ashwath for a particular month is credited to his account on the last date of that month and is paid entirely on the last date of the immediately following month. Likewise, Mr. Ashwath also debits the accounts of Mr. Sunil, Mr. Sriram and Mr. Shyam on the last date of the month with the amount of sales effected during each month. Month Value of purchases from Mr. Ashwath Mr. Sunil Mr. Sriram Mr. Shyam ` ` ` April, 2025 5.90 lakhs 7.50 lakhs 9.80 lakhs May, 2025 7.10 lakhs 6.85 lakhs 8.75 lakhs June, 2025 8.20 lakhs 8.20 lakhs 9.45 lakhs July, 2025 6.80 lakhs 6.45 lakhs 6.80 lakhs August, 2025 4.90 lakhs 5.95 lakhs 6.30 lakhs September, 2025 5.80 lakhs 7.10 lakhs 8.15 lakhs October, 2025 7.20 lakhs 8.60 lakhs 7.80 lakhs November, 2025 6.70 lakhs 6.80 lakhs 9.10 lakhs December, 2025 8.10 lakhs 7.85 lakhs 7.90 lakhs January, 2026 9.00 lakhs 8.90 lakhs 8.25 lakhs February, 2026 7.90 lakhs 6.70 lakhs 7.95 lakhs March, 2026 8.40 lakhs 9.10 lakhs 7.75 lakhs Total 86 lakhs 90 lakhs 98 lakhs Mr. Sunil’s friend Mr. Krishna, who commenced retail trade business in April, 2025, entered into a one-time transaction with Mr. Ashwath for purchase of food grains for ` 60 lakhs on 30th June, 2025, on which date he credited the said sum to the account of Mr. Ashwath. He, however, paid the said sum to him only on 2nd July, 2025.",What would be the TDS/TCS implication in respect of the single purchase transaction by Mr. Krishna from Mr. Ashwath?,"Mr. Krishna has to deduct tax at source on 30.6.2025 on ` 10 lakhs, being the amount in excess of the threshold of ` 50 lakhs.",Mr. Krishna has to deduct tax at source on 2.7.2025 on ` 10 lakhs,"Mr. Ashwath has to collect tax at source on 30.6.2025 on ` 10 lakhs, being the amount in excess of the threshold of ` 50 lakhs.",No TDS/TCS implication in the above case.,D,"Since Mr. Krishna commenced his business in the P.Y. 2025-26, the condition of turnover exceeding ` 10 crores cannot be satisfied. Thus, in the present case, Mr. Krishna is not required to deduct tax at source in respect of purchase made from Mr. Ashwath. Further, w.e.f. 1.4.2025, on sale of goods, no TCS is required to be collected even if seller’s turnover of the preceding financial year exceeds ` 10 crores and provisions of section 194H are not applicable."
9,1,"Mr. B is an interior decorator by profession. He also delivers online lectures on interior decoration via an e-commerce platform – Indeco-Academy. The relevant information from Mr. B’s Indeco-Academy account is given hereunder: Date of Credit of services to account of Mr. B Date of Payment to Mr. B Value of Services Provided (`) 31.05.2025 10.06.2025 2,00,000 31.10.2025 10.10.2025 1,50,000 31.03.2025 10.04.2026 1,40,000 In addition to the above, Mr. B received ` 20,000 on 18.02.2026 directly from a student instead of through the Indeco-Academy payment portal. Mr. B has not furnished his PAN or Aadhar number to Indeco-Academy but has furnished his driving license for KYC requirements. On 05.05.2025, Mr. B provided interior decorating services to Mr. N in Mumbai having business turnover of ` 1.2 crores during P.Y. 2024-25 for his office premises as well as residential premises, the consideration for which was ` 80,000 and ` 60,000, respectively. Mr. B has provided his PAN details to Mr. N for invoicing purpose. Mr. B’s gross receipts from interior decoration profession (excluding fees for online lectures) from clients in India (including Mr. N) in total in the P.Y.2025-26 is ` 40 lakhs. Fortunately, Mr. B got one client based in Country A (with which India does not have a DTAA) from whom he received ` 3,50,000 as net income after deduction of ` 50,000 as foreign tax. Profits of Mr. B computed as per books of account maintained under section 44AA is ` 24 lakhs. He has, however, not got his books of account audited.","Is Indeco-Academy required to deduct tax at source on amount received/receivable by Mr. B? If so, what is the amount of tax to be deducted?",No tax is required to be deducted at source,"Yes; ` 5,100","Yes; ` 25,500",Yes; ` 510,C,"Amount of ₹ 20,000 paid by a student directly to Mr. B would be deemed to be amount credited or paid by the e-commerce platform – Indeco-Academy to Mr. B as per section 194-O. As the PAN is not provided by Mr. B, tax will be deducted at higher rate of 5% as per section 206AA."
9,2,"Mr. B is an interior decorator by profession. He also delivers online lectures on interior decoration via an e-commerce platform – Indeco-Academy. The relevant information from Mr. B’s Indeco-Academy account is given hereunder: Date of Credit of services to account of Mr. B Date of Payment to Mr. B Value of Services Provided (`) 31.05.2025 10.06.2025 2,00,000 31.10.2025 10.10.2025 1,50,000 31.03.2025 10.04.2026 1,40,000 In addition to the above, Mr. B received ` 20,000 on 18.02.2026 directly from a student instead of through the Indeco-Academy payment portal. Mr. B has not furnished his PAN or Aadhar number to Indeco-Academy but has furnished his driving license for KYC requirements. On 05.05.2025, Mr. B provided interior decorating services to Mr. N in Mumbai having business turnover of ` 1.2 crores during P.Y. 2024-25 for his office premises as well as residential premises, the consideration for which was ` 80,000 and ` 60,000, respectively. Mr. B has provided his PAN details to Mr. N for invoicing purpose. Mr. B’s gross receipts from interior decoration profession (excluding fees for online lectures) from clients in India (including Mr. N) in total in the P.Y.2025-26 is ` 40 lakhs. Fortunately, Mr. B got one client based in Country A (with which India does not have a DTAA) from whom he received ` 3,50,000 as net income after deduction of ` 50,000 as foreign tax. Profits of Mr. B computed as per books of account maintained under section 44AA is ` 24 lakhs. He has, however, not got his books of account audited.","Is Mr. N required to deduct tax at source under section 194J? If so, what is the amount of tax to be deducted?",No tax is required to be deducted at source u/s 194J,"Yes; ` 1,000","Yes; ` 8,000","Yes; ` 10,000",C,"TDS is applicable only on ` 80,000 u/s 194J @10% as second payment of ` 60,000 is for personal purposes. Thus, TDS is not applicable on such payment."
9,3,"Mr. B is an interior decorator by profession. He also delivers online lectures on interior decoration via an e-commerce platform – Indeco-Academy. The relevant information from Mr. B’s Indeco-Academy account is given hereunder: Date of Credit of services to account of Mr. B Date of Payment to Mr. B Value of Services Provided (`) 31.05.2025 10.06.2025 2,00,000 31.10.2025 10.10.2025 1,50,000 31.03.2025 10.04.2026 1,40,000 In addition to the above, Mr. B received ` 20,000 on 18.02.2026 directly from a student instead of through the Indeco-Academy payment portal. Mr. B has not furnished his PAN or Aadhar number to Indeco-Academy but has furnished his driving license for KYC requirements. On 05.05.2025, Mr. B provided interior decorating services to Mr. N in Mumbai having business turnover of ` 1.2 crores during P.Y. 2024-25 for his office premises as well as residential premises, the consideration for which was ` 80,000 and ` 60,000, respectively. Mr. B has provided his PAN details to Mr. N for invoicing purpose. Mr. B’s gross receipts from interior decoration profession (excluding fees for online lectures) from clients in India (including Mr. N) in total in the P.Y.2025-26 is ` 40 lakhs. Fortunately, Mr. B got one client based in Country A (with which India does not have a DTAA) from whom he received ` 3,50,000 as net income after deduction of ` 50,000 as foreign tax. Profits of Mr. B computed as per books of account maintained under section 44AA is ` 24 lakhs. He has, however, not got his books of account audited.","Is Mr. N required to deduct tax at source under section 194M? If so, what is the amount of tax to be deducted?",No tax is required to be deducted at source u/s 194M,Yes; ` 600,"Yes; ` 1,200","Yes; ` 3,000",A,"Section 194M is not applicable, as payment to Mr. B does not exceed ` 50 lakhs."
9,4,"Mr. B is an interior decorator by profession. He also delivers online lectures on interior decoration via an e-commerce platform – Indeco-Academy. The relevant information from Mr. B’s Indeco-Academy account is given hereunder: Date of Credit of services to account of Mr. B Date of Payment to Mr. B Value of Services Provided (`) 31.05.2025 10.06.2025 2,00,000 31.10.2025 10.10.2025 1,50,000 31.03.2025 10.04.2026 1,40,000 In addition to the above, Mr. B received ` 20,000 on 18.02.2026 directly from a student instead of through the Indeco-Academy payment portal. Mr. B has not furnished his PAN or Aadhar number to Indeco-Academy but has furnished his driving license for KYC requirements. On 05.05.2025, Mr. B provided interior decorating services to Mr. N in Mumbai having business turnover of ` 1.2 crores during P.Y. 2024-25 for his office premises as well as residential premises, the consideration for which was ` 80,000 and ` 60,000, respectively. Mr. B has provided his PAN details to Mr. N for invoicing purpose. Mr. B’s gross receipts from interior decoration profession (excluding fees for online lectures) from clients in India (including Mr. N) in total in the P.Y.2025-26 is ` 40 lakhs. Fortunately, Mr. B got one client based in Country A (with which India does not have a DTAA) from whom he received ` 3,50,000 as net income after deduction of ` 50,000 as foreign tax. Profits of Mr. B computed as per books of account maintained under section 44AA is ` 24 lakhs. He has, however, not got his books of account audited.","What is Mr. B’s gross income-tax liability for the P.Y.2025-26, assuming that he has opted out of the default tax regime u/s 115BAC?","` 5,70,960","` 4,91,400","` 5,08,560","` 5,53,800",A,"As per section 44ADA, the income will be 50% of total receipts of ` 49,10,000 (` 5,10,000 from Indeco-Academy + ` 40,00,000 from interior decoration + ` 4,00,000 from Country A) = ` 24,55,000. Tax on ` 24,55,000 as per the normal provisions of the Act would be ` 5,70,960."
10,1,"On 1.4.2025, UI Ltd., an Indian company, borrowed ` 50 crores @ 9.5% p.a. from M Inc., a US entity, thereby increasing its total borrowings to ` 65 crores. The said loan is guaranteed by H Inc., another US entity. The place of effective management of both M Inc. and H Inc. is in the USA. The total assets of UI Ltd. is ` 180 crores. UI Ltd. imported turbo equipment worth ` 30 crores from H Inc. Import duty of ` 4.50 crores on the same was paid by UI Ltd. The equipment was sold to T Ltd. for ` 40 crores. Normal GP margin of UI Ltd. in similar uncontrolled transaction is 20% on sale. Net profit of UI Ltd. of A.Y.2026-27 was ` 8 crores after debiting interest of ` 6 crores (out of which ` 1.25 crores interest pertaining to local borrowings), depreciation of ` 2.5 crores and income tax of ` 1.5 crores.","What is the amount of interest to be allowed in the computation of total income of UI Ltd. for A.Y. 2026-27, if for A.Y. 2025-26 there was an interest expenditure disallowed to the extent of ` 4 crores under section 94B?","` 6,65,00,000","` 4,75,00,000","` 6,00,00,000","` 3,65,00,000",A,"H Inc. is deemed to be the AE of UI Ltd. since it guarantees 76.92% (which exceeds 10% or more) of the total borrowings of UI Ltd. Since H Inc., being an AE provides guarantee to M Inc., the loan would be deemed to have been issued by an AE to UL Ltd. Thus, the provisions of section 94B would be applicable with respect to the interest of ` 4.75 cr. (` 50 cr. x 9.5%). Maximum allowance interest = 30% of EBIDTA of ` 18 crores (` 8 cr. + ` 6 cr. + ` 2.5 cr. + ` 1.5 cr.) = ` 5.4 crores Interest allowed as deduction = ` 4.75 crores + ` 0.65, being interest disallowed of P.Y. 2024-25 + ` 1.25 (interest on local borrowings)"
10,2,"On 1.4.2025, UI Ltd., an Indian company, borrowed ` 50 crores @ 9.5% p.a. from M Inc., a US entity, thereby increasing its total borrowings to ` 65 crores. The said loan is guaranteed by H Inc., another US entity. The place of effective management of both M Inc. and H Inc. is in the USA. The total assets of UI Ltd. is ` 180 crores. UI Ltd. imported turbo equipment worth ` 30 crores from H Inc. Import duty of ` 4.50 crores on the same was paid by UI Ltd. The equipment was sold to T Ltd. for ` 40 crores. Normal GP margin of UI Ltd. in similar uncontrolled transaction is 20% on sale. Net profit of UI Ltd. of A.Y.2026-27 was ` 8 crores after debiting interest of ` 6 crores (out of which ` 1.25 crores interest pertaining to local borrowings), depreciation of ` 2.5 crores and income tax of ` 1.5 crores.",The transfer pricing adjustment for the arm’s length purchase price to be made in the computation of total income of UI Ltd. for A.Y. 2026-27 would be -,"` 3,00,00,000","` 2,50,00,000","` 2,00,00,000","No adjustment is required, since transfer pricing adjustment cannot result in reduction of income",B,Arm’s length price = ` 32 crores [` 40 crores – ` 8 crores (20% on ` 40 crores)] Transaction price = ` 34.50 crores Transfer pricing adjustments = ` 2.5 crores
10,3,"On 1.4.2025, UI Ltd., an Indian company, borrowed ` 50 crores @ 9.5% p.a. from M Inc., a US entity, thereby increasing its total borrowings to ` 65 crores. The said loan is guaranteed by H Inc., another US entity. The place of effective management of both M Inc. and H Inc. is in the USA. The total assets of UI Ltd. is ` 180 crores. UI Ltd. imported turbo equipment worth ` 30 crores from H Inc. Import duty of ` 4.50 crores on the same was paid by UI Ltd. The equipment was sold to T Ltd. for ` 40 crores. Normal GP margin of UI Ltd. in similar uncontrolled transaction is 20% on sale. Net profit of UI Ltd. of A.Y.2026-27 was ` 8 crores after debiting interest of ` 6 crores (out of which ` 1.25 crores interest pertaining to local borrowings), depreciation of ` 2.5 crores and income tax of ` 1.5 crores.","If UI Ltd. repatriated the excess money on 31.03.2027, what will be the interest income that would be added to its total income of A.Y.2027-28, if SBI’s one-year marginal of lending rate is 11.25% on 1.4.2026 and 10.25% on 1.4.2027? Assume that UI Ltd. suo motu made the primary adjustment in its books of account and filed its return for A.Y.2026-27 on 30.11.2026.","` 12,01,712","` 12,08,333","` 9,32,363","` 8,49,486",A,"` 12,01,712 = ` 2.5 crores x 14.5% (11.25% + 3.25%) x 121/365."
10,4,"On 1.4.2025, UI Ltd., an Indian company, borrowed ` 50 crores @ 9.5% p.a. from M Inc., a US entity, thereby increasing its total borrowings to ` 65 crores. The said loan is guaranteed by H Inc., another US entity. The place of effective management of both M Inc. and H Inc. is in the USA. The total assets of UI Ltd. is ` 180 crores. UI Ltd. imported turbo equipment worth ` 30 crores from H Inc. Import duty of ` 4.50 crores on the same was paid by UI Ltd. The equipment was sold to T Ltd. for ` 40 crores. Normal GP margin of UI Ltd. in similar uncontrolled transaction is 20% on sale. Net profit of UI Ltd. of A.Y.2026-27 was ` 8 crores after debiting interest of ` 6 crores (out of which ` 1.25 crores interest pertaining to local borrowings), depreciation of ` 2.5 crores and income tax of ` 1.5 crores.","If UI Ltd. decides not to repatriate the excess money and instead, pay additional income-tax on the entire excess money, then, what would be the additional income-tax payable?","` 62,89,920","` 52,41,600","` 41,93,280","` 53,87,200",B,The additional income-tax will be calculated @20.9664% on the amount of adjustment of ` 2.5 crores.
10,5,"On 1.4.2025, UI Ltd., an Indian company, borrowed ` 50 crores @ 9.5% p.a. from M Inc., a US entity, thereby increasing its total borrowings to ` 65 crores. The said loan is guaranteed by H Inc., another US entity. The place of effective management of both M Inc. and H Inc. is in the USA. The total assets of UI Ltd. is ` 180 crores. UI Ltd. imported turbo equipment worth ` 30 crores from H Inc. Import duty of ` 4.50 crores on the same was paid by UI Ltd. The equipment was sold to T Ltd. for ` 40 crores. Normal GP margin of UI Ltd. in similar uncontrolled transaction is 20% on sale. Net profit of UI Ltd. of A.Y.2026-27 was ` 8 crores after debiting interest of ` 6 crores (out of which ` 1.25 crores interest pertaining to local borrowings), depreciation of ` 2.5 crores and income tax of ` 1.5 crores.","If UI Ltd. decides to pay additional income-tax on the entire excess money on 15.03.2027, should interest be calculated and added to its total income of A.Y.2027-28? If so, what is the amount to be added? Assume that SBI one-year marginal cost of lending rate is 11.25% on 1.4.2026 and 10.25% on 1.4.2027 -","No, since it has paid additional income-tax on the entire excess money in the P.Y.2026-26","Yes; ` 9,70,890","Yes; ` 10,42,808","Yes; ` 8,09,075",C,"` 10,42,808 = ` 2.5 crores x 14.5% x 105/365"
11,1,"A co-operative bank provides the following information relating to cash withdrawals by its two customers during the P.Y.2025-26: Date of cash withdrawal Mr. A (Savings Account) (`) Mr. B (Current Account) (`) 05.04.2025 20,00,000 - 10.05.2025 - 18,00,000 25.06.2025 25,00,000 - 17.07.2025 - 5,00,000 28.10.2025 35,00,000 - 10.11.2025 - 38,00,000 12.12.2025 25,00,000 - 02.01.2026 - 37,00,000 Mr. B has not filed his return of income for the last three years whereas Mr. A has been regularly filing his return of income. No other customer of the co- operative bank had withdrawn more than ` 10 lakhs during the P.Y. 2025-26. One of the customers of the co-operative bank, Mr. K paid ` 12 lakhs out of bills for ` 15 lakhs raised in respect of the credit card account by account payee cheque and was declared bankrupt thereafter. The actual bad debts of the bank (including bad debts on account of Mr. K) during the P.Y. 2025-26 were ` 20 lakhs. The aggregate average advances made by its rural branches were ` 120 lakhs. The gross total income of the bank, before any deduction under section 36(1)(vii)/36(1)(viia) for A.Y. 2026-27 is ` 100 lakhs. A notice was issued to the co-operative bank on 30.09.2026 by the prescribed income tax authority requiring it to furnish the statement of financial transaction by 30.10.2026 as the co-operative bank had failed to do so. The co-operative bank, however, furnished the statement only on 25.11.2026.",The amount of income-tax that is required to be deducted by the co- operative bank under section 194N during the P.Y.2025-26 in respect of withdrawals by Mr. A and Mr. B are -,"` 25,000 and Nil, respectively","` 10,000 and ` 3,90,000, respectively","` 10,000 and ` 1,56,000, respectively","` 2,10,000 and ` 1,96,000, respectively",C,"For Mr. A – TDS rate will be 2% on withdrawals above ` 1 crores. For Mr. B – TDS rate will be 2% on withdrawals above ` 20 lakhs, since he has not filed his return of income for the last three years."
11,2,"A co-operative bank provides the following information relating to cash withdrawals by its two customers during the P.Y.2025-26: Date of cash withdrawal Mr. A (Savings Account) (`) Mr. B (Current Account) (`) 05.04.2025 20,00,000 - 10.05.2025 - 18,00,000 25.06.2025 25,00,000 - 17.07.2025 - 5,00,000 28.10.2025 35,00,000 - 10.11.2025 - 38,00,000 12.12.2025 25,00,000 - 02.01.2026 - 37,00,000 Mr. B has not filed his return of income for the last three years whereas Mr. A has been regularly filing his return of income. No other customer of the co- operative bank had withdrawn more than ` 10 lakhs during the P.Y. 2025-26. One of the customers of the co-operative bank, Mr. K paid ` 12 lakhs out of bills for ` 15 lakhs raised in respect of the credit card account by account payee cheque and was declared bankrupt thereafter. The actual bad debts of the bank (including bad debts on account of Mr. K) during the P.Y. 2025-26 were ` 20 lakhs. The aggregate average advances made by its rural branches were ` 120 lakhs. The gross total income of the bank, before any deduction under section 36(1)(vii)/36(1)(viia) for A.Y. 2026-27 is ` 100 lakhs. A notice was issued to the co-operative bank on 30.09.2026 by the prescribed income tax authority requiring it to furnish the statement of financial transaction by 30.10.2026 as the co-operative bank had failed to do so. The co-operative bank, however, furnished the statement only on 25.11.2026.","Identify the accounts which are required to be reported in relation to the specified financial transactions in the statement of financial transaction by the co-operative bank, based on the above-mentioned facts, for P.Y. 2025-26.",Only B,K and B,A and B,"A, K and B",B,"Co-operative bank is required to report in relation to the specified financial transactions of - Mr. K, since he paid ` 10 lakhs or more in respect of the credit card account by account payee cheque. Mr. B, since his cash withdrawals exceed ` 50 lakhs in a financial year from current account."
11,3,"A co-operative bank provides the following information relating to cash withdrawals by its two customers during the P.Y.2025-26: Date of cash withdrawal Mr. A (Savings Account) (`) Mr. B (Current Account) (`) 05.04.2025 20,00,000 - 10.05.2025 - 18,00,000 25.06.2025 25,00,000 - 17.07.2025 - 5,00,000 28.10.2025 35,00,000 - 10.11.2025 - 38,00,000 12.12.2025 25,00,000 - 02.01.2026 - 37,00,000 Mr. B has not filed his return of income for the last three years whereas Mr. A has been regularly filing his return of income. No other customer of the co- operative bank had withdrawn more than ` 10 lakhs during the P.Y. 2025-26. One of the customers of the co-operative bank, Mr. K paid ` 12 lakhs out of bills for ` 15 lakhs raised in respect of the credit card account by account payee cheque and was declared bankrupt thereafter. The actual bad debts of the bank (including bad debts on account of Mr. K) during the P.Y. 2025-26 were ` 20 lakhs. The aggregate average advances made by its rural branches were ` 120 lakhs. The gross total income of the bank, before any deduction under section 36(1)(vii)/36(1)(viia) for A.Y. 2026-27 is ` 100 lakhs. A notice was issued to the co-operative bank on 30.09.2026 by the prescribed income tax authority requiring it to furnish the statement of financial transaction by 30.10.2026 as the co-operative bank had failed to do so. The co-operative bank, however, furnished the statement only on 25.11.2026.",What is the amount of penalty leviable under section 271FA?,"` 1,01,500","` 1,17,000","` 89,000","` 1,02,000",D,"Penalty = ` 1,02,000 [` 500 per day x 152 days (from 01.06.2026 to 30.10.2026) and ` 1,000 per day x 26 days (from 31.10.2026 to 25.11.2026)]"
11,4,"A co-operative bank provides the following information relating to cash withdrawals by its two customers during the P.Y.2025-26: Date of cash withdrawal Mr. A (Savings Account) (`) Mr. B (Current Account) (`) 05.04.2025 20,00,000 - 10.05.2025 - 18,00,000 25.06.2025 25,00,000 - 17.07.2025 - 5,00,000 28.10.2025 35,00,000 - 10.11.2025 - 38,00,000 12.12.2025 25,00,000 - 02.01.2026 - 37,00,000 Mr. B has not filed his return of income for the last three years whereas Mr. A has been regularly filing his return of income. No other customer of the co- operative bank had withdrawn more than ` 10 lakhs during the P.Y. 2025-26. One of the customers of the co-operative bank, Mr. K paid ` 12 lakhs out of bills for ` 15 lakhs raised in respect of the credit card account by account payee cheque and was declared bankrupt thereafter. The actual bad debts of the bank (including bad debts on account of Mr. K) during the P.Y. 2025-26 were ` 20 lakhs. The aggregate average advances made by its rural branches were ` 120 lakhs. The gross total income of the bank, before any deduction under section 36(1)(vii)/36(1)(viia) for A.Y. 2026-27 is ` 100 lakhs. A notice was issued to the co-operative bank on 30.09.2026 by the prescribed income tax authority requiring it to furnish the statement of financial transaction by 30.10.2026 as the co-operative bank had failed to do so. The co-operative bank, however, furnished the statement only on 25.11.2026.","Let us assume that, on 26.02.2026, as a result of business reorganisation, the co-operative bank got succeeded by another co-operative bank. Assuming that the deduction allowable u/s 32 for the P.Y. 2025-26 is ` 3,50,000 and that the predecessor co-operative bank had incurred expenditure of ` 30,00,000 during the P.Y.2023-24 on voluntary retirement scheme for its employees, what is the aggregate deduction allowable to predecessor co-operative bank u/s 32 and 35DDA for the P.Y.2025-26?","` 8,64,110","` 3,17,397","` 8,61,507","` 9,17,397",C,"As per section 44DB, the amount will be apportioned to the predecessor co-operative bank as per the number of days comprised from 1st April of the P.Y. and ending on the day immediately preceding the date of business reorganization i.e., 25.02.2026, in the present case. Accordingly, deduction to the predecessor co-operative bank would be ` 8,61,507 [` 9,50,000 (` 3,50,000 + ` 6,00,000, being 1/5th of ` 30,00,000) x 331/365]."
12,1,"X Pvt. Ltd. (“X”) is an Indian company. Y Inc (“Y”) is a private company incorporated in the USA and its income is not chargeable to tax in India. Both are promoted by Mr. Ayush who holds 30% equity share capital and voting power in both X and Y. The balance sheet of X as on 31st March, 2026 is as follows: Liabilities Amount (` million) Assets Amount (` million) Paid up capital 250 Fixed Assets 700 Loans: 800 Investments 300 From Y 620 Cash and bank balance 200 From others 180 Current liabilities 150 Total 1,200 Total 1,200 Additional information: (i) The loan was advanced by Y to X on 1st July, 2025 in rupee terms and carries 6.5% p.a. rate of interest. For borrowers with similar risk profile who are not associated enterprises of Y, Y advances loan at 4% p.a. interest rate. (ii) X has maintained such information and document in respect of the international transaction as has been prescribed under section 92D but has not reported the transaction as an international transaction. X does not make any adjustment to its total income on account of application of provisions of Chapter X of the Income-tax Act, 1961 in its return of income.","Are X and Y associated enterprises? If so, why? (i) Yes, X and Y are associated enterprises because Mr. Ayush holds voting power of 30% in both the companies. (ii) Yes, X and Y are associated enterprises as not less than 75% of X’s total loans have been availed from Y. (iii) Yes, X and Y are associated enterprises since the loan advanced by Y to X is not less than 51% of the book value of X’s total assets. (iv) No, X and Y are not associated enterprises The most appropriate answer is -",Only (i),(i) and (ii),(i) and (iii),Only (iv),C,"In the present case, X and Y are associated enterprises because of any of the following reasons: - Mr. Ayush holds voting power of 26% or more in both the companies - Loan advanced by Y to X is not less than 51% of the book value of X’s total assets."
12,2,"X Pvt. Ltd. (“X”) is an Indian company. Y Inc (“Y”) is a private company incorporated in the USA and its income is not chargeable to tax in India. Both are promoted by Mr. Ayush who holds 30% equity share capital and voting power in both X and Y. The balance sheet of X as on 31st March, 2026 is as follows: Liabilities Amount (` million) Assets Amount (` million) Paid up capital 250 Fixed Assets 700 Loans: 800 Investments 300 From Y 620 Cash and bank balance 200 From others 180 Current liabilities 150 Total 1,200 Total 1,200 Additional information: (i) The loan was advanced by Y to X on 1st July, 2025 in rupee terms and carries 6.5% p.a. rate of interest. For borrowers with similar risk profile who are not associated enterprises of Y, Y advances loan at 4% p.a. interest rate. (ii) X has maintained such information and document in respect of the international transaction as has been prescribed under section 92D but has not reported the transaction as an international transaction. X does not make any adjustment to its total income on account of application of provisions of Chapter X of the Income-tax Act, 1961 in its return of income.",What is the amount of primary adjustment required to be made to the total income of X for A.Y.2026-27?,"` 1,16,25,000","` 58,12,500","` 1,55,00,000","` 77,50,000",A,Primary adjustment of interest = ` 620 million x 2.5% (6.5% - 4%) x 9/12
12,3,"X Pvt. Ltd. (“X”) is an Indian company. Y Inc (“Y”) is a private company incorporated in the USA and its income is not chargeable to tax in India. Both are promoted by Mr. Ayush who holds 30% equity share capital and voting power in both X and Y. The balance sheet of X as on 31st March, 2026 is as follows: Liabilities Amount (` million) Assets Amount (` million) Paid up capital 250 Fixed Assets 700 Loans: 800 Investments 300 From Y 620 Cash and bank balance 200 From others 180 Current liabilities 150 Total 1,200 Total 1,200 Additional information: (i) The loan was advanced by Y to X on 1st July, 2025 in rupee terms and carries 6.5% p.a. rate of interest. For borrowers with similar risk profile who are not associated enterprises of Y, Y advances loan at 4% p.a. interest rate. (ii) X has maintained such information and document in respect of the international transaction as has been prescribed under section 92D but has not reported the transaction as an international transaction. X does not make any adjustment to its total income on account of application of provisions of Chapter X of the Income-tax Act, 1961 in its return of income.","If X has accepted the primary adjustment made by the Assessing Officer on 31.3.2027, what should X do if it does not want to treat the excess money as deemed advance?","The excess money which is available to Y, has to be repatriated to India within 90 days from the due date of filing of return.","The excess money which is available to Y, has to be repatriated to India within 90 days from the date of order of the Assessing Officer.",X has to pay additional income-tax @20.9664% on the excess money.,Either (b) or (c),D,"X has to repatriate the excess money which is available to Y, to India within 90 days from the date of order of the Assessing Officer or he has the option to pay additional income-tax @20.9664% on the excess money for not deeming excess money as advance."
12,4,"X Pvt. Ltd. (“X”) is an Indian company. Y Inc (“Y”) is a private company incorporated in the USA and its income is not chargeable to tax in India. Both are promoted by Mr. Ayush who holds 30% equity share capital and voting power in both X and Y. The balance sheet of X as on 31st March, 2026 is as follows: Liabilities Amount (` million) Assets Amount (` million) Paid up capital 250 Fixed Assets 700 Loans: 800 Investments 300 From Y 620 Cash and bank balance 200 From others 180 Current liabilities 150 Total 1,200 Total 1,200 Additional information: (i) The loan was advanced by Y to X on 1st July, 2025 in rupee terms and carries 6.5% p.a. rate of interest. For borrowers with similar risk profile who are not associated enterprises of Y, Y advances loan at 4% p.a. interest rate. (ii) X has maintained such information and document in respect of the international transaction as has been prescribed under section 92D but has not reported the transaction as an international transaction. X does not make any adjustment to its total income on account of application of provisions of Chapter X of the Income-tax Act, 1961 in its return of income.","If X has accepted the primary adjustment made by the Assessing Officer on 31.3.2027 and the excess money has not been repatriated into India upto 31.3.2028, what would be the consequence if X has not opted to pay additional income-tax? Assume that SBI one-year marginal cost of lending rate is 10% on 1.4.2027 and 11% on 1.4.2028.","Interest of ` 16,56,563 has to be added to its total income for P.Y.2027-28","Interest of ` 11,60,509 has to be added to its total income for P.Y.2027-28","Interest of ` 15,40,313 has to be added to its total income for P.Y.2027-28","Interest of ` 20,53,750 has to be added to its total income for P.Y.2027-28",C,"` 15,40,313 = ` 1,16,25,000 x 13.25% (10% + 3.25%)"
12,5,"X Pvt. Ltd. (“X”) is an Indian company. Y Inc (“Y”) is a private company incorporated in the USA and its income is not chargeable to tax in India. Both are promoted by Mr. Ayush who holds 30% equity share capital and voting power in both X and Y. The balance sheet of X as on 31st March, 2026 is as follows: Liabilities Amount (` million) Assets Amount (` million) Paid up capital 250 Fixed Assets 700 Loans: 800 Investments 300 From Y 620 Cash and bank balance 200 From others 180 Current liabilities 150 Total 1,200 Total 1,200 Additional information: (i) The loan was advanced by Y to X on 1st July, 2025 in rupee terms and carries 6.5% p.a. rate of interest. For borrowers with similar risk profile who are not associated enterprises of Y, Y advances loan at 4% p.a. interest rate. (ii) X has maintained such information and document in respect of the international transaction as has been prescribed under section 92D but has not reported the transaction as an international transaction. X does not make any adjustment to its total income on account of application of provisions of Chapter X of the Income-tax Act, 1961 in its return of income.","Which factor is relevant in determining whether penalty under section 270A of the Income-tax Act, 1961 will be leviable in respect of the primary adjustment to X’s total income?","Since X has maintained information and documents as prescribed under section 92D, that by itself is sufficient for holding that X has not under-reported its income","If the Assessing Officer/Transfer Pricing Officer makes adjustment to X’s total income on account of an international transaction not being in accordance with arm’s length price, that by itself is sufficient to hold that X has under-reported its income; consequently, penalty u/s 270A is leviable","Since X has not reported the transaction as an international transaction, X will be considered to have under-reported its income and penalty will be 50% of the amount of tax payable on the under-reported income","Since X has not reported the transaction as an international transaction, X will be considered to have misreported its income and penalty will be 200% of the amount of tax payable on the misreported income",D,"Since X has not reported the transaction as an international transaction, X will be considered to have misreported its income and penalty will be 200% of the amount of tax payable on the misreported income"
12,6,"X Pvt. Ltd. (“X”) is an Indian company. Y Inc (“Y”) is a private company incorporated in the USA and its income is not chargeable to tax in India. Both are promoted by Mr. Ayush who holds 30% equity share capital and voting power in both X and Y. The balance sheet of X as on 31st March, 2026 is as follows: Liabilities Amount (` million) Assets Amount (` million) Paid up capital 250 Fixed Assets 700 Loans: 800 Investments 300 From Y 620 Cash and bank balance 200 From others 180 Current liabilities 150 Total 1,200 Total 1,200 Additional information: (i) The loan was advanced by Y to X on 1st July, 2025 in rupee terms and carries 6.5% p.a. rate of interest. For borrowers with similar risk profile who are not associated enterprises of Y, Y advances loan at 4% p.a. interest rate. (ii) X has maintained such information and document in respect of the international transaction as has been prescribed under section 92D but has not reported the transaction as an international transaction. X does not make any adjustment to its total income on account of application of provisions of Chapter X of the Income-tax Act, 1961 in its return of income.","In the scenario given above, what would be the situation on account of application of transfer pricing provisions if X, the Indian company would have been the lender and Y, the US company, the borrower? Rate of interest on loan by X to Y = 6.5% p.a. For borrowers with similar risk profile who are not associated enterprises of X, X advances loan at 4% p.a. interest rate.",Identical adjustment would be made to the income of Y instead of X,No adjustment would be required in the hands of X or Y,Identical adjustment would made to the income Y as well as X,Adjustment would still be made to the income of X and no adjustment would be made to the income of Y,B,"Transfer pricing provisions are not applicable if it has the effect of reducing the income chargeable to tax or increasing the loss. In the present case, since X has given loan to Y at higher rate than to other unrelated entities, no transfer pricing adjustment would be made."
13,1,"LPG, a partnership firm, is engaged in the business of manufacturing of garments. It furnishes you the following data for the year ended 31.3.2026. Profit & Loss Account Particulars ` Particulars ` Expenses 2,36,00,000 Gross Turnover 2,55,00,000 Interest to partners (including ` 1,20,000 paid to Gopal for loan given by Gopal HUF) 5,40,000 Salary to Partners: Jay (` 30,000 p.m.) Gopal (` 28,000 p.m.) Madhav (` 16,000 p.m.) 8,88,000 Net Profit 4,72,000 2,55,00,000 2,55,00,000 Other Information: - The partners share profits and losses equally. - During the P.Y. 2024-25, the firm had incurred a business loss of ` 3,00,000 and unabsorbed depreciation of ` 1,50,000. - On 01.04.2025, Mr. Jayesh, a partner died and his legal heir Mr. Jay got admitted on same date. Another partner, Mr. Raj, also retired on the same date. - Mr. Madhav is not actively engaged in conducting the affairs of the business of the firm while Mr. Jay and Mr. Gopal are actively engaged in conducting the affairs of the business. - Interest@16% p.a. for the first time on partner’s capital was paid from 01.07.2025. The clause for the same was, however, entered in the partnership deed on 01.01.2026. Salary paid to partners is authorized by the partnership deed since inception.",How much interest can the firm claim as deduction for A.Y. 2026-27?,"` 5,40,000","` 4,35,000","` 2,25,000","` 1,05,000",C,"As per section 40(b), maximum interest on capital allowable to partner is 12% from the date on which such clause is entered in the partnership deed. Interest allowable u/s 40(b) = ` 1,05,000 [(` 5,40,000 – ` 1,20,000) x 100/16 x 12/9 x 12% x 3/12] ` 1,20,000, being the amount paid to Gopal for loan given by Gopal HUF is also allowed as deduction."
13,2,"LPG, a partnership firm, is engaged in the business of manufacturing of garments. It furnishes you the following data for the year ended 31.3.2026. Profit & Loss Account Particulars ` Particulars ` Expenses 2,36,00,000 Gross Turnover 2,55,00,000 Interest to partners (including ` 1,20,000 paid to Gopal for loan given by Gopal HUF) 5,40,000 Salary to Partners: Jay (` 30,000 p.m.) Gopal (` 28,000 p.m.) Madhav (` 16,000 p.m.) 8,88,000 Net Profit 4,72,000 2,55,00,000 2,55,00,000 Other Information: - The partners share profits and losses equally. - During the P.Y. 2024-25, the firm had incurred a business loss of ` 3,00,000 and unabsorbed depreciation of ` 1,50,000. - On 01.04.2025, Mr. Jayesh, a partner died and his legal heir Mr. Jay got admitted on same date. Another partner, Mr. Raj, also retired on the same date. - Mr. Madhav is not actively engaged in conducting the affairs of the business of the firm while Mr. Jay and Mr. Gopal are actively engaged in conducting the affairs of the business. - Interest@16% p.a. for the first time on partner’s capital was paid from 01.07.2025. The clause for the same was, however, entered in the partnership deed on 01.01.2026. Salary paid to partners is authorized by the partnership deed since inception.",How much salary can the firm claim as deduction for A.Y.2026-27?,"` 10,05,000","` 8,88,000","` 8,70,000","` 6,96,000",D,"As per section 40(b), maximum remuneration allowable to working partner is prescribed below. Prescribed limit Book Profit Quantum On the first ` 6 lakhs of book profit or in case of loss ` 3,00,000 or 90% of book profit, whichever is higher On the balance of book profit 60% of book profit Salary paid to Jay and Gopal will be allowed as deduction, since they both are working partners. Actual salary paid to Jay and Gopal = ` 58,000 x 12 = ` 6,96,000 Book Profit = ` 4,72,000 + ` 8,88,000, being salary debited + ` 5,40,000, interest debited - ` 2,25,000, being interest allowed - ` 1,50,000, being unabsorbed depreciation = ` 15,25,000 Maximum salary as per prescribed limit = ` 10,95,000 Accordingly, allowable salary is lower of prescribed limit or actual salary paid i.e., ` 6,96,000."
13,3,"LPG, a partnership firm, is engaged in the business of manufacturing of garments. It furnishes you the following data for the year ended 31.3.2026. Profit & Loss Account Particulars ` Particulars ` Expenses 2,36,00,000 Gross Turnover 2,55,00,000 Interest to partners (including ` 1,20,000 paid to Gopal for loan given by Gopal HUF) 5,40,000 Salary to Partners: Jay (` 30,000 p.m.) Gopal (` 28,000 p.m.) Madhav (` 16,000 p.m.) 8,88,000 Net Profit 4,72,000 2,55,00,000 2,55,00,000 Other Information: - The partners share profits and losses equally. - During the P.Y. 2024-25, the firm had incurred a business loss of ` 3,00,000 and unabsorbed depreciation of ` 1,50,000. - On 01.04.2025, Mr. Jayesh, a partner died and his legal heir Mr. Jay got admitted on same date. Another partner, Mr. Raj, also retired on the same date. - Mr. Madhav is not actively engaged in conducting the affairs of the business of the firm while Mr. Jay and Mr. Gopal are actively engaged in conducting the affairs of the business. - Interest@16% p.a. for the first time on partner’s capital was paid from 01.07.2025. The clause for the same was, however, entered in the partnership deed on 01.01.2026. Salary paid to partners is authorized by the partnership deed since inception.",The business loss and unabsorbed depreciation allowed to be set off while computing total income of the firm for A.Y. 2026-27 are -,"` 3,00,000 and ` 1,50,000, respectively","` 2,25,000 and ` 1,50,000, respectively","` 1,50,000 and ` 1,12,500, respectively","` 2,25,000 and ` 1,12,500, respectively",B,"As per section 78, loss of retired partner is not allowed to be carried forward and set off. Further, since the business of Jayesh is succeeded by Mr. Jay by way of inheritance in the same capacity in the firm, his share can be carried forward. Thus, in the present case, ` 75,000 being 1/4th share of Mr. Raj not allowed to be carried forward and set off."
13,4,"LPG, a partnership firm, is engaged in the business of manufacturing of garments. It furnishes you the following data for the year ended 31.3.2026. Profit & Loss Account Particulars ` Particulars ` Expenses 2,36,00,000 Gross Turnover 2,55,00,000 Interest to partners (including ` 1,20,000 paid to Gopal for loan given by Gopal HUF) 5,40,000 Salary to Partners: Jay (` 30,000 p.m.) Gopal (` 28,000 p.m.) Madhav (` 16,000 p.m.) 8,88,000 Net Profit 4,72,000 2,55,00,000 2,55,00,000 Other Information: - The partners share profits and losses equally. - During the P.Y. 2024-25, the firm had incurred a business loss of ` 3,00,000 and unabsorbed depreciation of ` 1,50,000. - On 01.04.2025, Mr. Jayesh, a partner died and his legal heir Mr. Jay got admitted on same date. Another partner, Mr. Raj, also retired on the same date. - Mr. Madhav is not actively engaged in conducting the affairs of the business of the firm while Mr. Jay and Mr. Gopal are actively engaged in conducting the affairs of the business. - Interest@16% p.a. for the first time on partner’s capital was paid from 01.07.2025. The clause for the same was, however, entered in the partnership deed on 01.01.2026. Salary paid to partners is authorized by the partnership deed since inception.",What would be the total income of the firm for A.Y.2026-27?,"` 6,30,250","` 4,12,000","` 6,04,000","` 5,29,000",C,"Book profit = ` 15,25,000 Less: Remuneration allowed u/s 40(b) = ` 6,96,000 Less: Brought forward business loss = ` 2,25,000 Total income = ` 6,04,000"
14,1,"X Ltd. (“X”) is an Indian company incorporated on 1st October, 2023 with the objective of manufacturing medicines using state-of-the-art technology previously unused in India. It commences production from 1st December, 2023 from its newly- constructed manufacturing facility in Uttar Pradesh; its registered office is also situated at the said manufacturing facility. Y Inc (“Y”) is a private company incorporated in a foreign jurisdiction. X holds 30% share in the nominal value of the equity share capital of Y. Y lent an amount of ` 50 crores@6% p.a. to X on 1st April 2025 and X paid the interest due for the F.Y. 2025-26 on 31st March, 2026. The transaction is at arm’s length price and X has not availed any other loan. Profit before giving effect to interest, tax and depreciation allowance of X for F.Y. 2025-26 is ` 6,00,00,000, which includes dividend of ` 7,50,000 received by X from Y on 1st July, 2025. Additional information: (i) X has registered a patent in India for treatment of a novel virus which it has developed in collaboration with Y. 90% of the total expenditure for developing the patent has been incurred by X in at its manufacturing facility in Uttar Pradesh while the remaining has been incurred by Y outside India. (ii) X receives royalty of ` 5 crore by permitting other companies to use its patent. The total expenditure incurred for earning such royalty is ` 42,00,000.","What would be the amount of disallowance, if any, of interest paid by X to Y in computation of total income of X for A.Y.2026-27?",No disallowance is attracted since the transaction is at arm’s length.,"` 3,00,00,000","` 1,20,00,000","` 1,80,00,000",C,"Interest on loan taken from Y, is allowed to the extent of 30% of ` 6,00,00,000 (EBITDA) as per section 94B."
14,2,"X Ltd. (“X”) is an Indian company incorporated on 1st October, 2023 with the objective of manufacturing medicines using state-of-the-art technology previously unused in India. It commences production from 1st December, 2023 from its newly- constructed manufacturing facility in Uttar Pradesh; its registered office is also situated at the said manufacturing facility. Y Inc (“Y”) is a private company incorporated in a foreign jurisdiction. X holds 30% share in the nominal value of the equity share capital of Y. Y lent an amount of ` 50 crores@6% p.a. to X on 1st April 2025 and X paid the interest due for the F.Y. 2025-26 on 31st March, 2026. The transaction is at arm’s length price and X has not availed any other loan. Profit before giving effect to interest, tax and depreciation allowance of X for F.Y. 2025-26 is ` 6,00,00,000, which includes dividend of ` 7,50,000 received by X from Y on 1st July, 2025. Additional information: (i) X has registered a patent in India for treatment of a novel virus which it has developed in collaboration with Y. 90% of the total expenditure for developing the patent has been incurred by X in at its manufacturing facility in Uttar Pradesh while the remaining has been incurred by Y outside India. (ii) X receives royalty of ` 5 crore by permitting other companies to use its patent. The total expenditure incurred for earning such royalty is ` 42,00,000.","At what rate of tax, will income of X from manufacturing business and dividend be taxed, assuming that X opts for the special provisions of section 115BAA? Ignore surcharge and health and education cess.","15% and 15%, respectively","22%, for all income referred to above.","15% and 22%, respectively","15% and 30%, respectively",B,"As per section 115BAA, these incomes are taxable @ 22%."
14,3,"X Ltd. (“X”) is an Indian company incorporated on 1st October, 2023 with the objective of manufacturing medicines using state-of-the-art technology previously unused in India. It commences production from 1st December, 2023 from its newly- constructed manufacturing facility in Uttar Pradesh; its registered office is also situated at the said manufacturing facility. Y Inc (“Y”) is a private company incorporated in a foreign jurisdiction. X holds 30% share in the nominal value of the equity share capital of Y. Y lent an amount of ` 50 crores@6% p.a. to X on 1st April 2025 and X paid the interest due for the F.Y. 2025-26 on 31st March, 2026. The transaction is at arm’s length price and X has not availed any other loan. Profit before giving effect to interest, tax and depreciation allowance of X for F.Y. 2025-26 is ` 6,00,00,000, which includes dividend of ` 7,50,000 received by X from Y on 1st July, 2025. Additional information: (i) X has registered a patent in India for treatment of a novel virus which it has developed in collaboration with Y. 90% of the total expenditure for developing the patent has been incurred by X in at its manufacturing facility in Uttar Pradesh while the remaining has been incurred by Y outside India. (ii) X receives royalty of ` 5 crore by permitting other companies to use its patent. The total expenditure incurred for earning such royalty is ` 42,00,000.",Which of the statements is correct as regards taxability of royalty in the hands of X?,Royalty of ` 5 crore is taxable@15% u/s 115BBF,Royalty of ` 5 crore is taxable@10% u/s 115BBF,Royalty of ` 4.58 crore (` 5 crore less expenditure of ` 42 lakh) is taxable @10% u/s 115BBF,"Royalty of ` 5 crore is not eligible for concessional rate of tax u/s 115BBF, since the entire expenditure for development of patent was not incurred in India",B,"No expenditure is allowed while paying tax as per section 115BBF and thus, royalty income from patent developed and registered in India is taxable @10%."
14,4,"X Ltd. (“X”) is an Indian company incorporated on 1st October, 2023 with the objective of manufacturing medicines using state-of-the-art technology previously unused in India. It commences production from 1st December, 2023 from its newly- constructed manufacturing facility in Uttar Pradesh; its registered office is also situated at the said manufacturing facility. Y Inc (“Y”) is a private company incorporated in a foreign jurisdiction. X holds 30% share in the nominal value of the equity share capital of Y. Y lent an amount of ` 50 crores@6% p.a. to X on 1st April 2025 and X paid the interest due for the F.Y. 2025-26 on 31st March, 2026. The transaction is at arm’s length price and X has not availed any other loan. Profit before giving effect to interest, tax and depreciation allowance of X for F.Y. 2025-26 is ` 6,00,00,000, which includes dividend of ` 7,50,000 received by X from Y on 1st July, 2025. Additional information: (i) X has registered a patent in India for treatment of a novel virus which it has developed in collaboration with Y. 90% of the total expenditure for developing the patent has been incurred by X in at its manufacturing facility in Uttar Pradesh while the remaining has been incurred by Y outside India. (ii) X receives royalty of ` 5 crore by permitting other companies to use its patent. The total expenditure incurred for earning such royalty is ` 42,00,000.","If X desires to avail the beneficial rate of taxation provided under section 115BAA, then:",it cannot claim deduction u/s 32(1)(ii) as well as deduction u/s 80JJAA,it can claim deduction u/s 32(1)(iia) as well as u/s 80JJAA,it can claim deduction u/s 32(1)(ii) but cannot claim deduction u/s 80JJAA,it cannot claim deduction u/s 32(1)(iia) but can claim deduction u/s 80JJAA,D,"Additional deprecation is not allowed under the concessional tax regime u/s 115BAA. However, deduction u/s 80JJAA is allowed."
15,1,"DEF Inc., a company incorporated under the laws of Country A, is engaged in management consultancy services. It has set up a branch office in India. India has a DTAA with Country A. During the F.Y. 2025-26, it earns the following income in India - (i) Fee for technical services of ` 75,00,000 from ABC Ltd., an Indian company, in pursuance of an agreement made with it and approved by the Central Government. The tax rate on such income under India- Country A tax treaty is 20% on gross income. The fee for technical services is not effectively connected with the branch office in India. (ii) DEF Inc. incurred expenses of ` 3,00,000 in earning such income from fee for technical services. (iii) Sale of shares of Bottle Pvt. Ltd., an Indian company, for ` 2,60,00,000 on 15th April 2025. (iv) Other income ` 10,00,000 All the above income has been credited to the statement of profit and loss of the company. DEF Inc. had made an investment in 100% equity share capital of Bottle Pvt. Ltd., purchased for ` 1,75,00,000 on 5th November, 2004. The said shares were purchased out of foreign exchange of USD 3,50,000 brought from outside India.","In the context of the provisions of section 115JB, state which of the following statements is correct –","The provisions of section 115JB do not get attracted in the hands of DEF Inc., since it is a foreign company","The provisions of section 115JB do not get attracted in the hands of DEF Inc., since its entire income from India is subject to tax at a rate lower than the rate prescribed u/s 115JB",The provisions of section 115JB are attracted in the hands of DEF Inc. since it is resident of a country with which India has a DTAA and the branch office of DEF Inc. constitutes permanent establishment in terms of such agreement,"The provisions of section 115JB are attracted in the hands of DEF Inc., since the provisions of section 115JB are applicable to every company deriving income from India",C,The provisions of section 115JB are attracted in the hands of DEF Inc. since it is resident of a country with which India has a DTAA and the branch office of DEF Inc. constitutes permanent establishment in terms of such agreement
15,2,"DEF Inc., a company incorporated under the laws of Country A, is engaged in management consultancy services. It has set up a branch office in India. India has a DTAA with Country A. During the F.Y. 2025-26, it earns the following income in India - (i) Fee for technical services of ` 75,00,000 from ABC Ltd., an Indian company, in pursuance of an agreement made with it and approved by the Central Government. The tax rate on such income under India- Country A tax treaty is 20% on gross income. The fee for technical services is not effectively connected with the branch office in India. (ii) DEF Inc. incurred expenses of ` 3,00,000 in earning such income from fee for technical services. (iii) Sale of shares of Bottle Pvt. Ltd., an Indian company, for ` 2,60,00,000 on 15th April 2025. (iv) Other income ` 10,00,000 All the above income has been credited to the statement of profit and loss of the company. DEF Inc. had made an investment in 100% equity share capital of Bottle Pvt. Ltd., purchased for ` 1,75,00,000 on 5th November, 2004. The said shares were purchased out of foreign exchange of USD 3,50,000 brought from outside India.",What is the rate at which fee for technical services received by DEF Inc. is chargeable to tax in India?,20.8% on ` 75 lakh,10.4% on ` 72 lakh,20% on ` 75 lakh,41.6% on ` 72 lakh,C,"As the income is not connected to PE, rate as per section 115A or the DTAA, whichever is beneficial, shall apply. Surcharge and health and education cess is not to be added to DTAA rates and hence, in the present case, DTAA rates are more beneficial."
15,3,"DEF Inc., a company incorporated under the laws of Country A, is engaged in management consultancy services. It has set up a branch office in India. India has a DTAA with Country A. During the F.Y. 2025-26, it earns the following income in India - (i) Fee for technical services of ` 75,00,000 from ABC Ltd., an Indian company, in pursuance of an agreement made with it and approved by the Central Government. The tax rate on such income under India- Country A tax treaty is 20% on gross income. The fee for technical services is not effectively connected with the branch office in India. (ii) DEF Inc. incurred expenses of ` 3,00,000 in earning such income from fee for technical services. (iii) Sale of shares of Bottle Pvt. Ltd., an Indian company, for ` 2,60,00,000 on 15th April 2025. (iv) Other income ` 10,00,000 All the above income has been credited to the statement of profit and loss of the company. DEF Inc. had made an investment in 100% equity share capital of Bottle Pvt. Ltd., purchased for ` 1,75,00,000 on 5th November, 2004. The said shares were purchased out of foreign exchange of USD 3,50,000 brought from outside India.","In respect of sale of shares in Bottle Pvt. Ltd., state which of the following statements is correct -","The transaction of sale of shares in Bottle Pvt. Ltd. is subject to transfer pricing since DEF Inc. holds more than 26% shares in Bottle Pvt. Ltd. Hence, sale price of ` 2,60,00,000 shall be subject to arm’s length computation","Sale of shares in Bottle Pvt. Ltd. shall not be considered as transfer, since DEF Inc. holds whole of the share capital of Bottle Pvt. Ltd.","Capital gains arising on sale of shares shall be taxable @20% with indexation or 12.5% without indexation, whichever is beneficial to DEF Inc.",Capital gains is taxable@12.5% without benefit of indexation and foreign currency conversion,D,"As per section 112(1)(c)(iii), long-term capital gains on transfer of unlisted shares would be taxable @12.5% without benefit of indexation and foreign currency conversion."
15,4,"DEF Inc., a company incorporated under the laws of Country A, is engaged in management consultancy services. It has set up a branch office in India. India has a DTAA with Country A. During the F.Y. 2025-26, it earns the following income in India - (i) Fee for technical services of ` 75,00,000 from ABC Ltd., an Indian company, in pursuance of an agreement made with it and approved by the Central Government. The tax rate on such income under India- Country A tax treaty is 20% on gross income. The fee for technical services is not effectively connected with the branch office in India. (ii) DEF Inc. incurred expenses of ` 3,00,000 in earning such income from fee for technical services. (iii) Sale of shares of Bottle Pvt. Ltd., an Indian company, for ` 2,60,00,000 on 15th April 2025. (iv) Other income ` 10,00,000 All the above income has been credited to the statement of profit and loss of the company. DEF Inc. had made an investment in 100% equity share capital of Bottle Pvt. Ltd., purchased for ` 1,75,00,000 on 5th November, 2004. The said shares were purchased out of foreign exchange of USD 3,50,000 brought from outside India.","Which of the following statements is correct, assuming that the rates specified in the DTAA are the same as provided under the Act?",Only capital gains has to be reduced while computing book profit of DEF Inc. for levy of minimum alternate tax.,Only fee for technical services has to be reduced while computing book profit of DEF Inc. for levy of minimum alternate tax.,Both capital gains and fee for technical services have to be reduced while computing book profit of DEF Inc. for levy of minimum alternate tax,"Capital gains, fee for technical services and other income have to be reduced while computing book profit of DEF Inc. for levy of minimum alternate tax",A,"Since the rate of tax in respect of capital gains is lower than MAT rate and the capital gain is already credited to statement of profit and loss, the same has to be reduced while computing book profit."
16,1,"Wellness Pvt Ltd, an Indian company incorporated on 1st April, 2025 offers multi-disciplinary marketing services in print and digital media to Indian businesses. To carry on its business, the company has engaged local advertising specialists in the field of print and digital media. These specialists attend clients of the company by doing required consultancy, execution and also perform analysis of results. Depending upon the service request of the client – whether print or digital mode, specialists perform relevant tasks. The specialists employ their individual skills and exercise discretion, judgement while performing the duties. The policies of the company regarding working hours, annual leave applicable to the staff do not apply to these specialists. The remuneration of specialists varies every month depending upon type of service, seniority of specialist, skills involved etc. During the year 2025-26, Wellness Pvt Ltd recorded a turnover of ` 1.10 crores in its books of accounts. Inspired by the Government’s Digital India initiative, the company provided electronic payment facilities to customers. Most of the billed amount was collected through digital means, except from Customer X (Bill no. 15, dated 26th June, 2025 of ` 5,50,000 for printing invitation card for a marriage ceremony). Customer X paid the amount in cash to the company in 4 installments on different dates - ` 1,50,000, ` 75,000, ` 1,75,000 and ` 1,50,000. The details of payments made by the company during the year 2025-26 are as under: Particulars Mode of payment Amount (`) Professional Fees to 20 specialists Net-banking 35,00,000 Salary to staff (3 employees) (HR, junior coordinator) (Each person has total income more than ` 8 lakh) Net-banking 25,00,000 Wages to 1 security guard, 2 housekeeping staff (wages of ` 15,000 p.m. each) Cash 5,40,000 Computers purchased on 15th May, 2025 and put to use from 15th October, 2025 A/c payee Cheque 3,50,000 Interest for P.Y. 2025-26 on loan availed on 15th April, 2025 from SBI for purchase of computers A/c payee Cheque 34,500 Other administration expenses (Each expense is of less than ` 8,000) Cash 70,000 Advance given to suppliers, specialists etc. Cash 90,000 The company could recruit a qualified finance and accounts professional only on 21st March, 2026. Post his appointment, necessary income tax statutory compliances were undertaken and the default with respect to non-deduction of tax on professional fees and salary to staff given above from April, 2025 to March, 2026 was corrected in the month of April, 2026. The company withheld tax on expenses liable for withholding tax and paid such tax to the credit of Government in the same month. Being the first year of operation, all transactions of the company are with Indian resident parties. The company has chosen to follow mercantile system of accounting for tax purposes.","Is Wellness Pvt. Ltd. required to get its books of account audited under section 44AB for A.Y.2026-27? (i) No, since turnover of company is less than ` 10 crore. (ii) Yes, since the turnover of the company is more than ` 1 crore. (iii) No, since the turnover of the company is less than ` 2 crore. (iv) No, as aggregate cash receipts during the year do not exceed 5% of total amount received. (v) Yes, as cash payments during the year exceed 5% of aggregate payments. (vi) Yes, as the company is not eligible for presumptive taxation. The correct answer is -","No, due to reasons stated in (i) and (iv) above","Yes, due to reasons stated in (ii) and (v) above","No, due to reason stated in (iii) above","Yes, due to reasons stated in (ii) and (vi) above",B,"As per Section 44AB, a person carrying on business is required to get its books of account audited, if its total sales, turnover or gross receipts in business > ` 1 crore in the relevant P.Y. However, threshold limit of ` 1 crore is increased to ` 10 crores if its aggregate cash receipts in the relevant P.Y. ≤ 5% of total receipts (including receipts for sales, turnover, gross receipts) and aggregate cash payments in the relevant P.Y. ≤ 5% of total payments (including amount incurred for expenditure). In the above case, since company’s aggregate cash payments exceeds 5% of total payments, limit of ` 1 crore is applicable and it is required to get its books of account audited."
16,2,"Wellness Pvt Ltd, an Indian company incorporated on 1st April, 2025 offers multi-disciplinary marketing services in print and digital media to Indian businesses. To carry on its business, the company has engaged local advertising specialists in the field of print and digital media. These specialists attend clients of the company by doing required consultancy, execution and also perform analysis of results. Depending upon the service request of the client – whether print or digital mode, specialists perform relevant tasks. The specialists employ their individual skills and exercise discretion, judgement while performing the duties. The policies of the company regarding working hours, annual leave applicable to the staff do not apply to these specialists. The remuneration of specialists varies every month depending upon type of service, seniority of specialist, skills involved etc. During the year 2025-26, Wellness Pvt Ltd recorded a turnover of ` 1.10 crores in its books of accounts. Inspired by the Government’s Digital India initiative, the company provided electronic payment facilities to customers. Most of the billed amount was collected through digital means, except from Customer X (Bill no. 15, dated 26th June, 2025 of ` 5,50,000 for printing invitation card for a marriage ceremony). Customer X paid the amount in cash to the company in 4 installments on different dates - ` 1,50,000, ` 75,000, ` 1,75,000 and ` 1,50,000. The details of payments made by the company during the year 2025-26 are as under: Particulars Mode of payment Amount (`) Professional Fees to 20 specialists Net-banking 35,00,000 Salary to staff (3 employees) (HR, junior coordinator) (Each person has total income more than ` 8 lakh) Net-banking 25,00,000 Wages to 1 security guard, 2 housekeeping staff (wages of ` 15,000 p.m. each) Cash 5,40,000 Computers purchased on 15th May, 2025 and put to use from 15th October, 2025 A/c payee Cheque 3,50,000 Interest for P.Y. 2025-26 on loan availed on 15th April, 2025 from SBI for purchase of computers A/c payee Cheque 34,500 Other administration expenses (Each expense is of less than ` 8,000) Cash 70,000 Advance given to suppliers, specialists etc. Cash 90,000 The company could recruit a qualified finance and accounts professional only on 21st March, 2026. Post his appointment, necessary income tax statutory compliances were undertaken and the default with respect to non-deduction of tax on professional fees and salary to staff given above from April, 2025 to March, 2026 was corrected in the month of April, 2026. The company withheld tax on expenses liable for withholding tax and paid such tax to the credit of Government in the same month. Being the first year of operation, all transactions of the company are with Indian resident parties. The company has chosen to follow mercantile system of accounting for tax purposes.",What is the amount to be disallowed for non-deduction of tax at source while computing profits and gains of business or profession of the P.Y. 2025-26?,"Nil, since the entire amount of tax has been deducted and remitted on or before the due date of filing of return u/s 139(1)","` 10,50,000","` 18,00,000","` 19,62,000",C,"As per the provisions of section 40(a)(ia), 30% of any amount payable to a resident on which tax is deductible, shall be disallowed if such tax has not been deducted during the relevant P.Y., or after deduction the same has not been paid till the due date of filing return of income u/s 139(1) of the Act. In the above case, TDS was deductible on ` 60,00,000 (` 35,00,000 + ` 25,00,000) which is not deducted during the P.Y. 2025-26. Hence, 30% of ` 60,00,000 shall be disallowed during the P.Y. 2025-26"
16,3,"Wellness Pvt Ltd, an Indian company incorporated on 1st April, 2025 offers multi-disciplinary marketing services in print and digital media to Indian businesses. To carry on its business, the company has engaged local advertising specialists in the field of print and digital media. These specialists attend clients of the company by doing required consultancy, execution and also perform analysis of results. Depending upon the service request of the client – whether print or digital mode, specialists perform relevant tasks. The specialists employ their individual skills and exercise discretion, judgement while performing the duties. The policies of the company regarding working hours, annual leave applicable to the staff do not apply to these specialists. The remuneration of specialists varies every month depending upon type of service, seniority of specialist, skills involved etc. During the year 2025-26, Wellness Pvt Ltd recorded a turnover of ` 1.10 crores in its books of accounts. Inspired by the Government’s Digital India initiative, the company provided electronic payment facilities to customers. Most of the billed amount was collected through digital means, except from Customer X (Bill no. 15, dated 26th June, 2025 of ` 5,50,000 for printing invitation card for a marriage ceremony). Customer X paid the amount in cash to the company in 4 installments on different dates - ` 1,50,000, ` 75,000, ` 1,75,000 and ` 1,50,000. The details of payments made by the company during the year 2025-26 are as under: Particulars Mode of payment Amount (`) Professional Fees to 20 specialists Net-banking 35,00,000 Salary to staff (3 employees) (HR, junior coordinator) (Each person has total income more than ` 8 lakh) Net-banking 25,00,000 Wages to 1 security guard, 2 housekeeping staff (wages of ` 15,000 p.m. each) Cash 5,40,000 Computers purchased on 15th May, 2025 and put to use from 15th October, 2025 A/c payee Cheque 3,50,000 Interest for P.Y. 2025-26 on loan availed on 15th April, 2025 from SBI for purchase of computers A/c payee Cheque 34,500 Other administration expenses (Each expense is of less than ` 8,000) Cash 70,000 Advance given to suppliers, specialists etc. Cash 90,000 The company could recruit a qualified finance and accounts professional only on 21st March, 2026. Post his appointment, necessary income tax statutory compliances were undertaken and the default with respect to non-deduction of tax on professional fees and salary to staff given above from April, 2025 to March, 2026 was corrected in the month of April, 2026. The company withheld tax on expenses liable for withholding tax and paid such tax to the credit of Government in the same month. Being the first year of operation, all transactions of the company are with Indian resident parties. The company has chosen to follow mercantile system of accounting for tax purposes.",What is the amount of depreciation allowable u/s 32(1) for the P.Y. 2025-26 on the computers purchased?,"` 73,600","` 70,000","` 73,450","` 76,900",A,"As per the provisions of section 36 and 43(1), interest on loan for a capital asset relating to a period prior to the date of put of use, shall be added to the cost of asset and not allowed as an expense. So, the interest of ` 18,000 (` 34,500/11.5 x 6) from 15.4.2025 to 15.10.2025 will be added to the cost of the Computer. Also, as the asset is put to use for a period of less than 180 days, the rate of depreciation will be 50% of the normal rate. So, depreciation is ` 3,68,000 (` 3,50,000 + ` 18,000) x 40% x 50% = ` 73,600"
16,4,"Wellness Pvt Ltd, an Indian company incorporated on 1st April, 2025 offers multi-disciplinary marketing services in print and digital media to Indian businesses. To carry on its business, the company has engaged local advertising specialists in the field of print and digital media. These specialists attend clients of the company by doing required consultancy, execution and also perform analysis of results. Depending upon the service request of the client – whether print or digital mode, specialists perform relevant tasks. The specialists employ their individual skills and exercise discretion, judgement while performing the duties. The policies of the company regarding working hours, annual leave applicable to the staff do not apply to these specialists. The remuneration of specialists varies every month depending upon type of service, seniority of specialist, skills involved etc. During the year 2025-26, Wellness Pvt Ltd recorded a turnover of ` 1.10 crores in its books of accounts. Inspired by the Government’s Digital India initiative, the company provided electronic payment facilities to customers. Most of the billed amount was collected through digital means, except from Customer X (Bill no. 15, dated 26th June, 2025 of ` 5,50,000 for printing invitation card for a marriage ceremony). Customer X paid the amount in cash to the company in 4 installments on different dates - ` 1,50,000, ` 75,000, ` 1,75,000 and ` 1,50,000. The details of payments made by the company during the year 2025-26 are as under: Particulars Mode of payment Amount (`) Professional Fees to 20 specialists Net-banking 35,00,000 Salary to staff (3 employees) (HR, junior coordinator) (Each person has total income more than ` 8 lakh) Net-banking 25,00,000 Wages to 1 security guard, 2 housekeeping staff (wages of ` 15,000 p.m. each) Cash 5,40,000 Computers purchased on 15th May, 2025 and put to use from 15th October, 2025 A/c payee Cheque 3,50,000 Interest for P.Y. 2025-26 on loan availed on 15th April, 2025 from SBI for purchase of computers A/c payee Cheque 34,500 Other administration expenses (Each expense is of less than ` 8,000) Cash 70,000 Advance given to suppliers, specialists etc. Cash 90,000 The company could recruit a qualified finance and accounts professional only on 21st March, 2026. Post his appointment, necessary income tax statutory compliances were undertaken and the default with respect to non-deduction of tax on professional fees and salary to staff given above from April, 2025 to March, 2026 was corrected in the month of April, 2026. The company withheld tax on expenses liable for withholding tax and paid such tax to the credit of Government in the same month. Being the first year of operation, all transactions of the company are with Indian resident parties. The company has chosen to follow mercantile system of accounting for tax purposes.",What is the total income of Wellness Pvt Ltd. for the A.Y. 2026-27?,"` 66,39,900","` 66,25,500","` 49,89,900","` 44,49,900",A,"The total income will be computed by reducing the allowable expenditures from the turnover of the year. Turnover = ` 1,10,00,000 Less: Expenses allowable Remuneration= ` 35,00,000 x 70%= ` 24,50,000 Salary to staff = ` 25,00,000 x 70% =` 17,50,000 Wages (not allowed as payment exceeding ` 10,000 in cash) Interest on loan for computers (From 15.10.2025 to 31.3.2026) =` 16,500 Depreciation as computed in MCQ 3 = ` 73,600 Administration expenses (Amount in cash is less than ` 10,000) = ` 70,000 Net Profit/ Total Income = ` 66,39,900"
16,5,"Wellness Pvt Ltd, an Indian company incorporated on 1st April, 2025 offers multi-disciplinary marketing services in print and digital media to Indian businesses. To carry on its business, the company has engaged local advertising specialists in the field of print and digital media. These specialists attend clients of the company by doing required consultancy, execution and also perform analysis of results. Depending upon the service request of the client – whether print or digital mode, specialists perform relevant tasks. The specialists employ their individual skills and exercise discretion, judgement while performing the duties. The policies of the company regarding working hours, annual leave applicable to the staff do not apply to these specialists. The remuneration of specialists varies every month depending upon type of service, seniority of specialist, skills involved etc. During the year 2025-26, Wellness Pvt Ltd recorded a turnover of ` 1.10 crores in its books of accounts. Inspired by the Government’s Digital India initiative, the company provided electronic payment facilities to customers. Most of the billed amount was collected through digital means, except from Customer X (Bill no. 15, dated 26th June, 2025 of ` 5,50,000 for printing invitation card for a marriage ceremony). Customer X paid the amount in cash to the company in 4 installments on different dates - ` 1,50,000, ` 75,000, ` 1,75,000 and ` 1,50,000. The details of payments made by the company during the year 2025-26 are as under: Particulars Mode of payment Amount (`) Professional Fees to 20 specialists Net-banking 35,00,000 Salary to staff (3 employees) (HR, junior coordinator) (Each person has total income more than ` 8 lakh) Net-banking 25,00,000 Wages to 1 security guard, 2 housekeeping staff (wages of ` 15,000 p.m. each) Cash 5,40,000 Computers purchased on 15th May, 2025 and put to use from 15th October, 2025 A/c payee Cheque 3,50,000 Interest for P.Y. 2025-26 on loan availed on 15th April, 2025 from SBI for purchase of computers A/c payee Cheque 34,500 Other administration expenses (Each expense is of less than ` 8,000) Cash 70,000 Advance given to suppliers, specialists etc. Cash 90,000 The company could recruit a qualified finance and accounts professional only on 21st March, 2026. Post his appointment, necessary income tax statutory compliances were undertaken and the default with respect to non-deduction of tax on professional fees and salary to staff given above from April, 2025 to March, 2026 was corrected in the month of April, 2026. The company withheld tax on expenses liable for withholding tax and paid such tax to the credit of Government in the same month. Being the first year of operation, all transactions of the company are with Indian resident parties. The company has chosen to follow mercantile system of accounting for tax purposes.","Is any penalty imposable on the company for cash receipts from Customer X and if yes, how much?","No, since each receipt is less than ` 2,00,000","Yes, ` 5,50,000","No, since amount exceeding ` 2,00,000 is not received on a single day","No, since amount received is not in the nature of loan or advance",B,"As per section 269ST, no person shall receive an amount of ` 2 lakhs or more other than by an account payee cheque or account payee bank draft or by use of electronic clearing system through a bank account or through such other prescribed electronic mode form a person for a single transaction, or a day or for an event. As per section 271DA, in contravention of the provisions of section 269ST, penalty of sum equal to the amount of such receipt is leviable."
17,1,"Mallika purchased a land in Pune at a cost of ` 50 lakhs in December 2008 and held the same as her capital asset till 30th September, 2022. She started her real estate business on 1st October, 2022 and converted the said land into stock-in-trade of her business on the said date, when the fair market value of the land was ` 300 lakhs. She constructed 20 apartments of equal size, quality and dimension and the construction was completed in December, 2025. Cost of construction of each apartment is ` 15 lakhs. She sold 14 apartments at ` 40 lakhs per apartment during the period from January, 2026 - February, 2026. The remaining 6 apartments were held in stock as on 31st March, 2026. All the six apartments were sold in April, 2026 at ` 40 lakhs per apartment. She also holds a penthouse in Nagpur, construction of which was completed in March, 2025, as stock-in-trade. She let out the penthouse to Mr. Harish, a salaried individual, for ` 60,000 per month from April, 2025 to March, 2026, to whom she has furnished her PAN. He paid municipal taxes of ` 7,200 each for the years 2025-26 and 2026-27 in March, 2026 and March, 2027, respectively. The said penthouse was, thereafter, sold in April, 2027 for ` 70 lakhs. She invested ` 20 lakhs in bonds issued by National Highway Authority of India on 31st March, 2026; ` 20 lakhs in bonds of Rural Electrification Corporation Ltd. on 30th June, 2026, ` 10 lakhs in bonds of Rural Electrification Corporation Ltd. on 30th September, 2026 and ` 10 lakhs in bonds of National Highway Authority of India on 31st December, 2026. Mallika is subject to tax audit for the P.Y.2025-26. Cost Inflation Indices: F.Y.2008-09: 137 F.Y.2022-23: 331 F.Y.2023-24: 348 F.Y.2024-25: 363 F.Y.2025-26: 376",What is the amount of capital gains chargeable to tax in the hands of Mallika for A.Y.2026-27?,"` 75,43,796","` 85,43,796","` 1,79,19,708","` 1,25,43,796",B,"As per the provisions of capital gains, in case of conversion of capital asset into stock in trade, the income shall be liable to tax under the head capital gain in the year in which the stock is sold. The FMV of the land as on the date of conversion will be the sale consideration. Sale consideration = ` 3,00,00,000 Less: Indexed Cost of acquisition (` 50 lakhs x 331/137) = ` 1,20,80,292 lakhs LTCG = ` 1,79,19,708 lakhs Proportionate LTCG arising during P.Y. 2025-26 = ` 1,79,19,708 x 14/20 = ` 1,25,43,796 Less: Deduction u/s 54EC [Invested within 6 months from the date of transfer of stock] = ` 40 lakhs Capital gain chargeable to tax = ` 85,43,796"
17,2,"Mallika purchased a land in Pune at a cost of ` 50 lakhs in December 2008 and held the same as her capital asset till 30th September, 2022. She started her real estate business on 1st October, 2022 and converted the said land into stock-in-trade of her business on the said date, when the fair market value of the land was ` 300 lakhs. She constructed 20 apartments of equal size, quality and dimension and the construction was completed in December, 2025. Cost of construction of each apartment is ` 15 lakhs. She sold 14 apartments at ` 40 lakhs per apartment during the period from January, 2026 - February, 2026. The remaining 6 apartments were held in stock as on 31st March, 2026. All the six apartments were sold in April, 2026 at ` 40 lakhs per apartment. She also holds a penthouse in Nagpur, construction of which was completed in March, 2025, as stock-in-trade. She let out the penthouse to Mr. Harish, a salaried individual, for ` 60,000 per month from April, 2025 to March, 2026, to whom she has furnished her PAN. He paid municipal taxes of ` 7,200 each for the years 2025-26 and 2026-27 in March, 2026 and March, 2027, respectively. The said penthouse was, thereafter, sold in April, 2027 for ` 70 lakhs. She invested ` 20 lakhs in bonds issued by National Highway Authority of India on 31st March, 2026; ` 20 lakhs in bonds of Rural Electrification Corporation Ltd. on 30th June, 2026, ` 10 lakhs in bonds of Rural Electrification Corporation Ltd. on 30th September, 2026 and ` 10 lakhs in bonds of National Highway Authority of India on 31st December, 2026. Mallika is subject to tax audit for the P.Y.2025-26. Cost Inflation Indices: F.Y.2008-09: 137 F.Y.2022-23: 331 F.Y.2023-24: 348 F.Y.2024-25: 363 F.Y.2025-26: 376",What is the amount of income chargeable to tax in the hands of Mallika for A.Y.2026-27 under the head “Profits and gains of business or profession”?,` 350 lakhs,` 50 lakhs,` 100 lakhs,` 140 lakhs,D,"In case of conversion of capital asset into stock in trade, the business income will be calculated in the year of actual transfer of such stock. Sale consideration = ` 40 lakhs x 14 = ` 560 lakhs Less: Proportionate FMV of land on date of conversion [` 300 x 14/20] = ` 210 lakhs Less: Cost of construction = ` 15 lakhs x 14 = ` 210 lakhs Business Income = ` 140 lakhs"
17,3,"Mallika purchased a land in Pune at a cost of ` 50 lakhs in December 2008 and held the same as her capital asset till 30th September, 2022. She started her real estate business on 1st October, 2022 and converted the said land into stock-in-trade of her business on the said date, when the fair market value of the land was ` 300 lakhs. She constructed 20 apartments of equal size, quality and dimension and the construction was completed in December, 2025. Cost of construction of each apartment is ` 15 lakhs. She sold 14 apartments at ` 40 lakhs per apartment during the period from January, 2026 - February, 2026. The remaining 6 apartments were held in stock as on 31st March, 2026. All the six apartments were sold in April, 2026 at ` 40 lakhs per apartment. She also holds a penthouse in Nagpur, construction of which was completed in March, 2025, as stock-in-trade. She let out the penthouse to Mr. Harish, a salaried individual, for ` 60,000 per month from April, 2025 to March, 2026, to whom she has furnished her PAN. He paid municipal taxes of ` 7,200 each for the years 2025-26 and 2026-27 in March, 2026 and March, 2027, respectively. The said penthouse was, thereafter, sold in April, 2027 for ` 70 lakhs. She invested ` 20 lakhs in bonds issued by National Highway Authority of India on 31st March, 2026; ` 20 lakhs in bonds of Rural Electrification Corporation Ltd. on 30th June, 2026, ` 10 lakhs in bonds of Rural Electrification Corporation Ltd. on 30th September, 2026 and ` 10 lakhs in bonds of National Highway Authority of India on 31st December, 2026. Mallika is subject to tax audit for the P.Y.2025-26. Cost Inflation Indices: F.Y.2008-09: 137 F.Y.2022-23: 331 F.Y.2023-24: 348 F.Y.2024-25: 363 F.Y.2025-26: 376",What is the amount of income chargeable to tax under the head “Capital gains” and “Profits and gains of business or profession” in the hands of Mallika for the A.Y.2027-28?,"Nil and Nil, respectively","` 43,75,912 and ` 60,00,000, respectively","` 33,75,912 and ` 60,00,000, respectively","` 55,29,198 and ` 60,00,000, respectively",B,"LTCG as computed in MCQ 1 = ` 1,79,19,708 lakhs Proportionate LTCG arising during P.Y. 2026-27 = ` 1,79,19,708 x 6/20 = ` 53,75,912 Less: Deduction u/s 54EC [Invested within 6 months from the date of transfer of stock] = ` 10 lakhs Capital gain chargeable to tax = ` 43,75,912 Sale consideration = ` 40 lakhs x 6 = ` 240 lakhs Less: Proportionate FMV of land on date of conversion [` 300 x 6/20] = ` 90 lakhs Less: Cost of construction = ` 15 lakhs x 6 = ` 90 lakhs Business Income = ` 60 lakhs"
17,4,"Mallika purchased a land in Pune at a cost of ` 50 lakhs in December 2008 and held the same as her capital asset till 30th September, 2022. She started her real estate business on 1st October, 2022 and converted the said land into stock-in-trade of her business on the said date, when the fair market value of the land was ` 300 lakhs. She constructed 20 apartments of equal size, quality and dimension and the construction was completed in December, 2025. Cost of construction of each apartment is ` 15 lakhs. She sold 14 apartments at ` 40 lakhs per apartment during the period from January, 2026 - February, 2026. The remaining 6 apartments were held in stock as on 31st March, 2026. All the six apartments were sold in April, 2026 at ` 40 lakhs per apartment. She also holds a penthouse in Nagpur, construction of which was completed in March, 2025, as stock-in-trade. She let out the penthouse to Mr. Harish, a salaried individual, for ` 60,000 per month from April, 2025 to March, 2026, to whom she has furnished her PAN. He paid municipal taxes of ` 7,200 each for the years 2025-26 and 2026-27 in March, 2026 and March, 2027, respectively. The said penthouse was, thereafter, sold in April, 2027 for ` 70 lakhs. She invested ` 20 lakhs in bonds issued by National Highway Authority of India on 31st March, 2026; ` 20 lakhs in bonds of Rural Electrification Corporation Ltd. on 30th June, 2026, ` 10 lakhs in bonds of Rural Electrification Corporation Ltd. on 30th September, 2026 and ` 10 lakhs in bonds of National Highway Authority of India on 31st December, 2026. Mallika is subject to tax audit for the P.Y.2025-26. Cost Inflation Indices: F.Y.2008-09: 137 F.Y.2022-23: 331 F.Y.2023-24: 348 F.Y.2024-25: 363 F.Y.2025-26: 376","Is the annual value of penthouse held as stock-in-trade taxable? If so, under which head and what is the amount taxable for A.Y.2026-27?","No, since annual value of property held as stock-in-trade is exempt for a period of two years from the end of the financial year of completion of construction","Yes, ` 5,04,000 under the head “Income from house property”","Yes, ` 4,98,960 under the head “Income from house property”","The rental income of ` 7,20,000 is chargeable under the head “Profits and gains of business or profession”, since property is held as stock in trade",B,"Since the property is let out, it is taxable under the head house property. The amount shall be taxable net of standard deduction u/s 24(a) of 30%."
17,5,"Mallika purchased a land in Pune at a cost of ` 50 lakhs in December 2008 and held the same as her capital asset till 30th September, 2022. She started her real estate business on 1st October, 2022 and converted the said land into stock-in-trade of her business on the said date, when the fair market value of the land was ` 300 lakhs. She constructed 20 apartments of equal size, quality and dimension and the construction was completed in December, 2025. Cost of construction of each apartment is ` 15 lakhs. She sold 14 apartments at ` 40 lakhs per apartment during the period from January, 2026 - February, 2026. The remaining 6 apartments were held in stock as on 31st March, 2026. All the six apartments were sold in April, 2026 at ` 40 lakhs per apartment. She also holds a penthouse in Nagpur, construction of which was completed in March, 2025, as stock-in-trade. She let out the penthouse to Mr. Harish, a salaried individual, for ` 60,000 per month from April, 2025 to March, 2026, to whom she has furnished her PAN. He paid municipal taxes of ` 7,200 each for the years 2025-26 and 2026-27 in March, 2026 and March, 2027, respectively. The said penthouse was, thereafter, sold in April, 2027 for ` 70 lakhs. She invested ` 20 lakhs in bonds issued by National Highway Authority of India on 31st March, 2026; ` 20 lakhs in bonds of Rural Electrification Corporation Ltd. on 30th June, 2026, ` 10 lakhs in bonds of Rural Electrification Corporation Ltd. on 30th September, 2026 and ` 10 lakhs in bonds of National Highway Authority of India on 31st December, 2026. Mallika is subject to tax audit for the P.Y.2025-26. Cost Inflation Indices: F.Y.2008-09: 137 F.Y.2022-23: 331 F.Y.2023-24: 348 F.Y.2024-25: 363 F.Y.2025-26: 376","Is Mr. Harish liable to deduct tax at source on rent paid to Mallika in the F.Y.2025-26? If so, what is the amount of tax to be deducted and when?","No, since Mr. Harish, being a salaried employee, is not subject to tax audit; hence, there is no obligation to deduct tax at source","Yes, he has to deduct tax at source of ` 6,000 from rent payable every month","Yes, he has to deduct tax of ` 14,400 from the rent payable for March, 2026","Yes, he has to deduct tax of ` 36,000 from the rent payable for March, 2026",C,"Since Mr. Harish pays rent exceeding ` 50,000 per month in the F.Y. 2025-26, he is liable to deduct tax at source @2%. The tax is to be deducted in the last month of the P.Y. 2025-26 i.e., March 2026 or in the last month of tenancy, if the property is vacated during the year. Since property is not vacated during the year, ` 14,400 [(` 60,000 x 12 x 2%)] has to be deducted from rent payable for March, 2026."
18,1,"PQR LLP commenced operations of the business of a new three-star hotel in Baroda, Gujarat on 1.4.2025. The company incurred capital expenditure of ` 75 lakh on land in March, 2025 exclusively for the above business, and capitalized the same in its books of account as on 1st April, 2025. Further, during the P.Y. 2025-26, it incurred capital expenditure of ` 3 crore (out of which ` 1.25 crore was for acquisition of land and ` 1.75 crore was for acquisition of building) exclusively for the above business. The payments in respect of the above expenditure were made by account payee cheque. The profits from the business of running this hotel (before claiming deduction under section 35AD) for the A.Y.2026-27 is ` 80 lakh. Mr. P, one of the partners of the LLP, has commenced the business of manufacture of apparel on 1.10.2025. He employed 220 new employees during the P.Y. 2025-26, the details of whom are as follows – No. of employees Date of employment Regular/ Casual Total monthly emoluments per employee (`) (i) 40 1.10.2025 Regular 24,000 (ii) 80 1.10.2025 Regular 24,500 (iii) 50 1.11.2025 Casual 25,500 (iv) 30 1.11.2025 Regular 25,000 (v) 20 1.12.2025 Casual 24,000 All regular employees participate in Recognized Provident Fund and their emoluments are paid by account payee cheque. The profits and gains derived from manufacture of apparel that year is ` 92 lakhs and his total turnover is ` 10.20 crores.","Assuming that PQR LLP has fulfilled all the conditions specified for claim of deduction under section 35AD and has not claimed any deduction under Chapter VI-A under the heading “C. – Deductions in respect of certain incomes”, what would be the quantum of deduction under section 35AD, which it is eligible to claim as deduction, for A.Y.2026-27?",` 375 lakh,` 300 lakh,` 200 lakh,` 175 lakh,D,"Section 35AD provides deduction of the capital expenditure incurred by the assessee in respect of specified business. As commencement of operations of the business of a new three-star hotel is a specified business for deduction under 35AD, the capital expenditure excluding the cost of land would be allowed as deduction."
18,2,"PQR LLP commenced operations of the business of a new three-star hotel in Baroda, Gujarat on 1.4.2025. The company incurred capital expenditure of ` 75 lakh on land in March, 2025 exclusively for the above business, and capitalized the same in its books of account as on 1st April, 2025. Further, during the P.Y. 2025-26, it incurred capital expenditure of ` 3 crore (out of which ` 1.25 crore was for acquisition of land and ` 1.75 crore was for acquisition of building) exclusively for the above business. The payments in respect of the above expenditure were made by account payee cheque. The profits from the business of running this hotel (before claiming deduction under section 35AD) for the A.Y.2026-27 is ` 80 lakh. Mr. P, one of the partners of the LLP, has commenced the business of manufacture of apparel on 1.10.2025. He employed 220 new employees during the P.Y. 2025-26, the details of whom are as follows – No. of employees Date of employment Regular/ Casual Total monthly emoluments per employee (`) (i) 40 1.10.2025 Regular 24,000 (ii) 80 1.10.2025 Regular 24,500 (iii) 50 1.11.2025 Casual 25,500 (iv) 30 1.11.2025 Regular 25,000 (v) 20 1.12.2025 Casual 24,000 All regular employees participate in Recognized Provident Fund and their emoluments are paid by account payee cheque. The profits and gains derived from manufacture of apparel that year is ` 92 lakhs and his total turnover is ` 10.20 crores.","Assuming that PQR LLP also has another existing business of running a four-star hotel in Ahmedabad, which commenced operations fifteen years back, the profits from which are ` 130 lakh for the A.Y.2026-27, what would be its income chargeable/loss under the head “Profits and gains of business or profession” for the A.Y.2026-27?",` 130 lakh,` 35 lakh,(` 45 lakh),` 10 lakh,B,"The loss of a specified business can be adjusted against the income from another specified business irrespective of the other business being eligible for deduction u/s 35AD or not. The loss from specified business is ` 95 lakhs (Profit before section 35AD deduction = ` 80 lakhs – deduction u/s 35AD = ` 175 lakhs). Further, the other specified business has profit of ` 130 lakhs. So, the income under PGBP after adjustment of loss will be ` 35 lakhs (` 130 lakhs - ` 95 lakhs)."
18,3,"PQR LLP commenced operations of the business of a new three-star hotel in Baroda, Gujarat on 1.4.2025. The company incurred capital expenditure of ` 75 lakh on land in March, 2025 exclusively for the above business, and capitalized the same in its books of account as on 1st April, 2025. Further, during the P.Y. 2025-26, it incurred capital expenditure of ` 3 crore (out of which ` 1.25 crore was for acquisition of land and ` 1.75 crore was for acquisition of building) exclusively for the above business. The payments in respect of the above expenditure were made by account payee cheque. The profits from the business of running this hotel (before claiming deduction under section 35AD) for the A.Y.2026-27 is ` 80 lakh. Mr. P, one of the partners of the LLP, has commenced the business of manufacture of apparel on 1.10.2025. He employed 220 new employees during the P.Y. 2025-26, the details of whom are as follows – No. of employees Date of employment Regular/ Casual Total monthly emoluments per employee (`) (i) 40 1.10.2025 Regular 24,000 (ii) 80 1.10.2025 Regular 24,500 (iii) 50 1.11.2025 Casual 25,500 (iv) 30 1.11.2025 Regular 25,000 (v) 20 1.12.2025 Casual 24,000 All regular employees participate in Recognized Provident Fund and their emoluments are paid by account payee cheque. The profits and gains derived from manufacture of apparel that year is ` 92 lakhs and his total turnover is ` 10.20 crores.","If, out of the amount of ` 1.25 crore paid for acquisition of land in the P.Y.2025-26, ` 75 lakh was paid by way of cash, what would be the answer to MCQ 1 and MCQ 2 above?","` 175 lakh; ` 35 lakh, respectively","` 125 lakh; ` 85 lakh, respectively","` 100 lakh; ` 110 lakh, respectively","` 225 lakh; (` 15 lakh), respectively",A,"As the amount of land is not allowed as deduction u/s 35AD, irrespective of the mode of payment, there will be no change in the answers."
18,4,"PQR LLP commenced operations of the business of a new three-star hotel in Baroda, Gujarat on 1.4.2025. The company incurred capital expenditure of ` 75 lakh on land in March, 2025 exclusively for the above business, and capitalized the same in its books of account as on 1st April, 2025. Further, during the P.Y. 2025-26, it incurred capital expenditure of ` 3 crore (out of which ` 1.25 crore was for acquisition of land and ` 1.75 crore was for acquisition of building) exclusively for the above business. The payments in respect of the above expenditure were made by account payee cheque. The profits from the business of running this hotel (before claiming deduction under section 35AD) for the A.Y.2026-27 is ` 80 lakh. Mr. P, one of the partners of the LLP, has commenced the business of manufacture of apparel on 1.10.2025. He employed 220 new employees during the P.Y. 2025-26, the details of whom are as follows – No. of employees Date of employment Regular/ Casual Total monthly emoluments per employee (`) (i) 40 1.10.2025 Regular 24,000 (ii) 80 1.10.2025 Regular 24,500 (iii) 50 1.11.2025 Casual 25,500 (iv) 30 1.11.2025 Regular 25,000 (v) 20 1.12.2025 Casual 24,000 All regular employees participate in Recognized Provident Fund and their emoluments are paid by account payee cheque. The profits and gains derived from manufacture of apparel that year is ` 92 lakhs and his total turnover is ` 10.20 crores.","Considering the assumption given in MCQ 2 above, what would be the tax payable (rounded off) by PQR LLP for A.Y.2025-26?","` 10,92,000","` 41,48,140",Nil,"` 40,40,000",B,"Tax on ` 35 lakhs under normal provisions of the Act Tax payable (including HEC @4%) = ` 10,92,000 AMT liability Adjusted total income = ` 35 lakhs + ` 175 lakhs - ` 17.5 lakhs = ` 192.5 lakhs AMT payable (including surcharge @12@ and HEC @4%) = ` 41,48,144 As the AMT is higher than tax payable under normal provisions of the Act, tax payable would be ` 41,48,140"
18,5,"PQR LLP commenced operations of the business of a new three-star hotel in Baroda, Gujarat on 1.4.2025. The company incurred capital expenditure of ` 75 lakh on land in March, 2025 exclusively for the above business, and capitalized the same in its books of account as on 1st April, 2025. Further, during the P.Y. 2025-26, it incurred capital expenditure of ` 3 crore (out of which ` 1.25 crore was for acquisition of land and ` 1.75 crore was for acquisition of building) exclusively for the above business. The payments in respect of the above expenditure were made by account payee cheque. The profits from the business of running this hotel (before claiming deduction under section 35AD) for the A.Y.2026-27 is ` 80 lakh. Mr. P, one of the partners of the LLP, has commenced the business of manufacture of apparel on 1.10.2025. He employed 220 new employees during the P.Y. 2025-26, the details of whom are as follows – No. of employees Date of employment Regular/ Casual Total monthly emoluments per employee (`) (i) 40 1.10.2025 Regular 24,000 (ii) 80 1.10.2025 Regular 24,500 (iii) 50 1.11.2025 Casual 25,500 (iv) 30 1.11.2025 Regular 25,000 (v) 20 1.12.2025 Casual 24,000 All regular employees participate in Recognized Provident Fund and their emoluments are paid by account payee cheque. The profits and gains derived from manufacture of apparel that year is ` 92 lakhs and his total turnover is ` 10.20 crores.","Would Mr. P be eligible for deduction under section 80JJAA in the A.Y. 2026-27? If so, what is the quantum of deduction?","No, he would not be eligible for deduction u/s 80JJAA since the employees have not been employed for 240 days in the P.Y.2025-26. He can, however, claim deduction thereunder in the P.Y. 2026-27.","Yes; ` 63,81,000","Yes; ` 58,68,000","Yes; ` 52,56,000",B,"Section 80JJAA provides deduction of the additional employee cost, if the conditions prescribed under the said section are fulfilled. Here, the regular employees in case of apparel business who worked for more than 150 days having salary not more than ` 25,000 would be eligible. Thus, the amount of deduction u/s 80JJAA would be = 30% of [(40 x ` 24,000 x 6) + (80 x ` 24,500 x 6) + (30 x ` 25,000 x 5)] = ` 63,81,000"
19,1,"Mr. Harshit, a resident Indian, is in retail business in Mumbai and his turnover for F.Y.2024-25 was ` 10.90 crores. He regularly purchases goods from another resident, Mr. Pranav, a wholesaler in Mumbai. The aggregate payments made by Mr. Harshit to Mr. Pranav during the F.Y.2025-26 towards consideration for purchase of goods were ` 80 lakhs (` 20 lakhs on 8.5.2025, ` 25 lakhs on 27.8.2025, ` 20 lakhs on 18.10.2025 and ` 15 lakhs on 11.2.2026). Mr. Pranav’s turnover for F.Y.2024-25 was ` 10.10 crores. Mr. Pranav paid ` 5 lakhs on 1.9.2025 to M/s. Thomas Cook for a holiday package to Singapore for a week with his family, comprising of his wife and two children, being twins aged 22 years, in the last week of September. For his daughter’s MBA in Iowa State University, USA, he remitted ` 12 lakhs on 15.2.2026, out of his personal savings, through Bank of India, Bandra branch, Mumbai which is an authorised dealer, under LRS. He also took an education loan of ` 15 lakhs on 28.2.2026 from State Bank of India, Madam Cama Road, Mumbai, for his son’s two-year Master of Public Administration program in Columbia University, USA and remitted the said amount through the same bank, which is an authorised dealer, under the Liberalised Remittance Scheme of RBI (LRS). Mr. Pranav also remitted ` 6 lakhs on 28.3.2026, out of his personal savings, under LRS through Bank of India, Bandra branch, as gift to his sister residing in London, on the occasion of her 50th birthday. Mr. Pranav has furnished undertakings containing the details of earlier remittance to Bank of India.","Are provisions of TDS/TCS under the Income-tax Act, 1961 attracted in respect of purchase/sale transaction between Mr. Harshit and Mr. Pranav? If so, what is the quantum of tax to be deducted/collected for the P.Y. 2025-26?","No; TDS/TCS provisions are not attracted for F.Y.2025-26, since the turnover of Mr. Harshit in the immediately preceding financial year i.e., F.Y. 2024-25 does not exceed ` 10 crores.","Yes, Mr. Harshit has to deduct tax@0.1% of ` 30 lakhs (` 15 lakhs on 18.10.2025 and ` 15 lakhs on 11.2.2026)","Yes, Mr. Pranav has to collect tax@0.1% of ` 30 lakhs (` 15 lakhs on 18.10.2025 and ` 15 lakhs on 11.2.2026)","Yes, Mr. Pranav has to collect tax@0.1% of ` 80 lakhs",B,"As per section 194Q, the buyer who is responsible for purchase of goods of value exceeding ` 50 lakhs, he is required to deduct tax @0.1% of such sum exceeding ` 50,00,000 during a previous year. Buyer is a person whose turnover exceeds ` 10 crores during the financial year immediately preceding the financial year in which the purchase of goods is carried out. Tax is to be deducted at the time of credit of sum to the account of the seller or at the time of payment, whichever is earlier. W.e.f. 1.4.2025, no TCS is required to be collected at source under section 206C(1H), even in case TDS not attracted under section 194Q."
19,2,"Mr. Harshit, a resident Indian, is in retail business in Mumbai and his turnover for F.Y.2024-25 was ` 10.90 crores. He regularly purchases goods from another resident, Mr. Pranav, a wholesaler in Mumbai. The aggregate payments made by Mr. Harshit to Mr. Pranav during the F.Y.2025-26 towards consideration for purchase of goods were ` 80 lakhs (` 20 lakhs on 8.5.2025, ` 25 lakhs on 27.8.2025, ` 20 lakhs on 18.10.2025 and ` 15 lakhs on 11.2.2026). Mr. Pranav’s turnover for F.Y.2024-25 was ` 10.10 crores. Mr. Pranav paid ` 5 lakhs on 1.9.2025 to M/s. Thomas Cook for a holiday package to Singapore for a week with his family, comprising of his wife and two children, being twins aged 22 years, in the last week of September. For his daughter’s MBA in Iowa State University, USA, he remitted ` 12 lakhs on 15.2.2026, out of his personal savings, through Bank of India, Bandra branch, Mumbai which is an authorised dealer, under LRS. He also took an education loan of ` 15 lakhs on 28.2.2026 from State Bank of India, Madam Cama Road, Mumbai, for his son’s two-year Master of Public Administration program in Columbia University, USA and remitted the said amount through the same bank, which is an authorised dealer, under the Liberalised Remittance Scheme of RBI (LRS). Mr. Pranav also remitted ` 6 lakhs on 28.3.2026, out of his personal savings, under LRS through Bank of India, Bandra branch, as gift to his sister residing in London, on the occasion of her 50th birthday. Mr. Pranav has furnished undertakings containing the details of earlier remittance to Bank of India.","In case of failure to furnish PAN by the deductee/collectee as required based on the answer to MCQ 1 above, what would be the applicable rate of TDS/TCS?","Not applicable, since there is no requirement to deduct or collect tax",20%,5%,1%,C,"As per section 206AA, if the deductee does not submit his PAN, the rate of tax would be higher ♦ at the rate specified in the relevant provision of the Act, or ♦ 20%, or ♦ at the rate in force. Provided, where the tax is required to be deducted under section 194Q, higher rate will be 5% instead of 20%."
19,3,"Mr. Harshit, a resident Indian, is in retail business in Mumbai and his turnover for F.Y.2024-25 was ` 10.90 crores. He regularly purchases goods from another resident, Mr. Pranav, a wholesaler in Mumbai. The aggregate payments made by Mr. Harshit to Mr. Pranav during the F.Y.2025-26 towards consideration for purchase of goods were ` 80 lakhs (` 20 lakhs on 8.5.2025, ` 25 lakhs on 27.8.2025, ` 20 lakhs on 18.10.2025 and ` 15 lakhs on 11.2.2026). Mr. Pranav’s turnover for F.Y.2024-25 was ` 10.10 crores. Mr. Pranav paid ` 5 lakhs on 1.9.2025 to M/s. Thomas Cook for a holiday package to Singapore for a week with his family, comprising of his wife and two children, being twins aged 22 years, in the last week of September. For his daughter’s MBA in Iowa State University, USA, he remitted ` 12 lakhs on 15.2.2026, out of his personal savings, through Bank of India, Bandra branch, Mumbai which is an authorised dealer, under LRS. He also took an education loan of ` 15 lakhs on 28.2.2026 from State Bank of India, Madam Cama Road, Mumbai, for his son’s two-year Master of Public Administration program in Columbia University, USA and remitted the said amount through the same bank, which is an authorised dealer, under the Liberalised Remittance Scheme of RBI (LRS). Mr. Pranav also remitted ` 6 lakhs on 28.3.2026, out of his personal savings, under LRS through Bank of India, Bandra branch, as gift to his sister residing in London, on the occasion of her 50th birthday. Mr. Pranav has furnished undertakings containing the details of earlier remittance to Bank of India.","Is Thomas Cook required to collect tax at source on receipt of ` 5 lakh from Mr. Pranav for holiday package to Singapore? If so, what is the amount of tax to be collected?","Yes; ` 25,000","Yes; ` 5,000","Yes; ` 2,500","No tax is required to be collected at source, since the receipt does not exceed ` 7 lakh",A,"As per section 206C(1G), TCS is to be collected on remittance on overseas tour package by the seller of an overseas tour programme packages. The rate is 5% till the amount of ` 10,00,000 and 20% on an amount exceeding ` 10,00,000. In this case, the amount paid for overseas tour package is ` 5,00,000, thus TCS @5% will apply on the amount of ` 5,00,000."
19,4,"Mr. Harshit, a resident Indian, is in retail business in Mumbai and his turnover for F.Y.2024-25 was ` 10.90 crores. He regularly purchases goods from another resident, Mr. Pranav, a wholesaler in Mumbai. The aggregate payments made by Mr. Harshit to Mr. Pranav during the F.Y.2025-26 towards consideration for purchase of goods were ` 80 lakhs (` 20 lakhs on 8.5.2025, ` 25 lakhs on 27.8.2025, ` 20 lakhs on 18.10.2025 and ` 15 lakhs on 11.2.2026). Mr. Pranav’s turnover for F.Y.2024-25 was ` 10.10 crores. Mr. Pranav paid ` 5 lakhs on 1.9.2025 to M/s. Thomas Cook for a holiday package to Singapore for a week with his family, comprising of his wife and two children, being twins aged 22 years, in the last week of September. For his daughter’s MBA in Iowa State University, USA, he remitted ` 12 lakhs on 15.2.2026, out of his personal savings, through Bank of India, Bandra branch, Mumbai which is an authorised dealer, under LRS. He also took an education loan of ` 15 lakhs on 28.2.2026 from State Bank of India, Madam Cama Road, Mumbai, for his son’s two-year Master of Public Administration program in Columbia University, USA and remitted the said amount through the same bank, which is an authorised dealer, under the Liberalised Remittance Scheme of RBI (LRS). Mr. Pranav also remitted ` 6 lakhs on 28.3.2026, out of his personal savings, under LRS through Bank of India, Bandra branch, as gift to his sister residing in London, on the occasion of her 50th birthday. Mr. Pranav has furnished undertakings containing the details of earlier remittance to Bank of India.",What is the amount of tax to be collected from Mr. Pranav in respect of the remittance of amounts overseas for his daughter’s and son’s education?,"TCS @5% of ` 2 lakhs is attracted in respect of remittance for his daughter’s education. However, no TCS is attracted on remittances out of education loan for his son’s education.","TCS@5% of ` 2 lakhs and ` 15 lakhs are attracted in respect of remittance for daughter’s and son’s education, respectively","TCS@5% of ` 2 lakhs and TCS@0.5% of ` 5 lakhs are attracted in respect of remittance for daughter’s and son’s education, respectively.","No TCS is attracted in respect of remittance for daughter’s education. However, TCS@0.5% of ` 5 lakhs is attracted in respect of remittance for son’s education;",A,"As per section 206C(1G), tax @5% is to be collected on remittance made under the LRS exceeding an amount of ` 10,00,000 for education or medical. However, TCS will not be collected, if the remittance is out of education loan obtained from any financial institution as referred to in section 80E. Accordingly, TCS @5% on ` 2 lakhs shall apply on the remittance made in case of daughter’s education and no TCS is required on ` 15 lakhs remitted out of education loan from SBI."
19,5,"Mr. Harshit, a resident Indian, is in retail business in Mumbai and his turnover for F.Y.2024-25 was ` 10.90 crores. He regularly purchases goods from another resident, Mr. Pranav, a wholesaler in Mumbai. The aggregate payments made by Mr. Harshit to Mr. Pranav during the F.Y.2025-26 towards consideration for purchase of goods were ` 80 lakhs (` 20 lakhs on 8.5.2025, ` 25 lakhs on 27.8.2025, ` 20 lakhs on 18.10.2025 and ` 15 lakhs on 11.2.2026). Mr. Pranav’s turnover for F.Y.2024-25 was ` 10.10 crores. Mr. Pranav paid ` 5 lakhs on 1.9.2025 to M/s. Thomas Cook for a holiday package to Singapore for a week with his family, comprising of his wife and two children, being twins aged 22 years, in the last week of September. For his daughter’s MBA in Iowa State University, USA, he remitted ` 12 lakhs on 15.2.2026, out of his personal savings, through Bank of India, Bandra branch, Mumbai which is an authorised dealer, under LRS. He also took an education loan of ` 15 lakhs on 28.2.2026 from State Bank of India, Madam Cama Road, Mumbai, for his son’s two-year Master of Public Administration program in Columbia University, USA and remitted the said amount through the same bank, which is an authorised dealer, under the Liberalised Remittance Scheme of RBI (LRS). Mr. Pranav also remitted ` 6 lakhs on 28.3.2026, out of his personal savings, under LRS through Bank of India, Bandra branch, as gift to his sister residing in London, on the occasion of her 50th birthday. Mr. Pranav has furnished undertakings containing the details of earlier remittance to Bank of India.","Are TCS provisions attracted in respect of remittance of gift to sister? If so, what is the amount of tax to be collected from Mr. Pranav?","No, since the remittance is out of personal savings for a personal purpose","No, since the amount remitted to his sister is less than ` 10 lakhs","Yes, ` 1,20,000","Yes, ` 30,000.",C,"As per section 206C(1G), tax is to be collected on remittance made under the LRS exceeding an amount of ` 10,00,000. The rate is 20% for purposes other than education or medical. Since the threshold is already exhausted against earlier remittances made under LRS, TCS @20% on ` 6,00,000 will be applicable."
20,1,"Ganga LLP is a limited liability partnership set up a unit in Special Economic Zone (SEZ) in the financial year 2019-20 for manufacture of textiles. The unit fulfills all the conditions under section 10AA of the Income-tax Act, 1961. During the financial year 2024-25, it has also set up a warehousing facility in Pune for storage of sugar, fulfilling the conditions for claim of deduction under section 35AD. Capital expenditure in respect of warehouse amounted to ` 97 lakhs (including cost of land ` 32 lakhs). The warehouse became operational with effect from 1st April, 2025 and the expenditure of ` 97 lakhs was capitalized in the books on that date. The details for the financial year 2025-26 are given hereunder: Particulars ` Profit of unit located in SEZ 60,00,000 Export sales of above unit received in India in convertible foreign exchange on or before 30.9.2026 1,20,00,000 Domestic sales of above unit 40,00,000 Profit from operation of warehousing facility (before considering deduction under section 35AD) 1,60,00,000 Mr. Ganesh, one of the partners of the LLP, commenced the business of manufacture of leather on 1.4.2024. His turnover in the P.Y.2024-25 is ` 180 lakh and in the P.Y.2025-26 is ` 200 lakhs. The payments made in the P.Y.2025-26 is ` 190 lakhs. The profit for P.Y.2025-26 as per books of account maintained u/s 44AA is ` 12.10 lakhs. Out of the turnover of ` 200 lakhs, ` 190 lakhs is received through RTGS and NEFT and ` 10 lakhs is received by way of cash. Out of the payments of ` 190 lakhs made (including expenditure incurred), ` 180 lakhs is through RTGS/ NEFT and the remaining ` 10 lakhs through cash.","What is the amount of deduction under section 10AA and 35AD available to Ganga LLP while computing income under the regular provisions of the Income-tax Act, 1961 for A.Y.2026-27?","` 45 lakhs and ` 65 lakhs, respectively","` 22.50 lakhs and ` 65 lakhs, respectively","` 45 lakhs and ` 97 lakhs, respectively","` 22.50 lakhs and ` 97 lakhs, respectively",B,"Deduction u/s 35AD = ` 60 lakhs x ` 120lakhs/` 160lakhs x 50% = ` 22,50,000 Section 35AD provides deduction of the capital expenditure incurred by the assessee in respect of specified business. As warehousing facility for storage of sugar is a specified business for deduction under 35AD, the capital expenditure excluding the cost of land would be allowed as deduction."
20,2,"Ganga LLP is a limited liability partnership set up a unit in Special Economic Zone (SEZ) in the financial year 2019-20 for manufacture of textiles. The unit fulfills all the conditions under section 10AA of the Income-tax Act, 1961. During the financial year 2024-25, it has also set up a warehousing facility in Pune for storage of sugar, fulfilling the conditions for claim of deduction under section 35AD. Capital expenditure in respect of warehouse amounted to ` 97 lakhs (including cost of land ` 32 lakhs). The warehouse became operational with effect from 1st April, 2025 and the expenditure of ` 97 lakhs was capitalized in the books on that date. The details for the financial year 2025-26 are given hereunder: Particulars ` Profit of unit located in SEZ 60,00,000 Export sales of above unit received in India in convertible foreign exchange on or before 30.9.2026 1,20,00,000 Domestic sales of above unit 40,00,000 Profit from operation of warehousing facility (before considering deduction under section 35AD) 1,60,00,000 Mr. Ganesh, one of the partners of the LLP, commenced the business of manufacture of leather on 1.4.2024. His turnover in the P.Y.2024-25 is ` 180 lakh and in the P.Y.2025-26 is ` 200 lakhs. The payments made in the P.Y.2025-26 is ` 190 lakhs. The profit for P.Y.2025-26 as per books of account maintained u/s 44AA is ` 12.10 lakhs. Out of the turnover of ` 200 lakhs, ` 190 lakhs is received through RTGS and NEFT and ` 10 lakhs is received by way of cash. Out of the payments of ` 190 lakhs made (including expenditure incurred), ` 180 lakhs is through RTGS/ NEFT and the remaining ` 10 lakhs through cash.","What is the tax liability of Ganga LLP computed under the regular provisions of the Income-tax Act, 1961 for A.Y.2026-27?","` 38,43,840","` 31,70,000","` 46,30,080","` 19,65,600",C,"Profits of unit located in SEZ = ` 60 lakhs Profit from operation of warehousing facility (before considering deduction under section 35AD) = ` 1,60,00,000 Less: Deduction u/s 35AD = ` 65,00,000 Gross Total Income= ` 1,55,00,000 Less: Deduction u/s 10AA = ` 22,50,000 Total Income = ` 1,32,50,000 Tax on ` 1,32,50,000 under normal provisions of the Act Tax liability (including Surcharge @12% plus HEC @4%) = ` 46,30,080"
20,3,"Ganga LLP is a limited liability partnership set up a unit in Special Economic Zone (SEZ) in the financial year 2019-20 for manufacture of textiles. The unit fulfills all the conditions under section 10AA of the Income-tax Act, 1961. During the financial year 2024-25, it has also set up a warehousing facility in Pune for storage of sugar, fulfilling the conditions for claim of deduction under section 35AD. Capital expenditure in respect of warehouse amounted to ` 97 lakhs (including cost of land ` 32 lakhs). The warehouse became operational with effect from 1st April, 2025 and the expenditure of ` 97 lakhs was capitalized in the books on that date. The details for the financial year 2025-26 are given hereunder: Particulars ` Profit of unit located in SEZ 60,00,000 Export sales of above unit received in India in convertible foreign exchange on or before 30.9.2026 1,20,00,000 Domestic sales of above unit 40,00,000 Profit from operation of warehousing facility (before considering deduction under section 35AD) 1,60,00,000 Mr. Ganesh, one of the partners of the LLP, commenced the business of manufacture of leather on 1.4.2024. His turnover in the P.Y.2024-25 is ` 180 lakh and in the P.Y.2025-26 is ` 200 lakhs. The payments made in the P.Y.2025-26 is ` 190 lakhs. The profit for P.Y.2025-26 as per books of account maintained u/s 44AA is ` 12.10 lakhs. Out of the turnover of ` 200 lakhs, ` 190 lakhs is received through RTGS and NEFT and ` 10 lakhs is received by way of cash. Out of the payments of ` 190 lakhs made (including expenditure incurred), ` 180 lakhs is through RTGS/ NEFT and the remaining ` 10 lakhs through cash.",What is the alternate minimum tax (rounded off) payable by Ganga LLP as per section 115JC for A.Y.2026-27?,"` 39,49,750","` 41,07,740","` 43,95,280","` 46,00,670",D,"AMT liability Adjusted total income = ` 1,32,50,000 + ` 22,50,000 + ` 65,00,000 - ` 6,50,000 = ` 2,13,50,000 AMT liability (including surcharge @12% and HEC @4%) = ` 46,00,669"
20,4,"Ganga LLP is a limited liability partnership set up a unit in Special Economic Zone (SEZ) in the financial year 2019-20 for manufacture of textiles. The unit fulfills all the conditions under section 10AA of the Income-tax Act, 1961. During the financial year 2024-25, it has also set up a warehousing facility in Pune for storage of sugar, fulfilling the conditions for claim of deduction under section 35AD. Capital expenditure in respect of warehouse amounted to ` 97 lakhs (including cost of land ` 32 lakhs). The warehouse became operational with effect from 1st April, 2025 and the expenditure of ` 97 lakhs was capitalized in the books on that date. The details for the financial year 2025-26 are given hereunder: Particulars ` Profit of unit located in SEZ 60,00,000 Export sales of above unit received in India in convertible foreign exchange on or before 30.9.2026 1,20,00,000 Domestic sales of above unit 40,00,000 Profit from operation of warehousing facility (before considering deduction under section 35AD) 1,60,00,000 Mr. Ganesh, one of the partners of the LLP, commenced the business of manufacture of leather on 1.4.2024. His turnover in the P.Y.2024-25 is ` 180 lakh and in the P.Y.2025-26 is ` 200 lakhs. The payments made in the P.Y.2025-26 is ` 190 lakhs. The profit for P.Y.2025-26 as per books of account maintained u/s 44AA is ` 12.10 lakhs. Out of the turnover of ` 200 lakhs, ` 190 lakhs is received through RTGS and NEFT and ` 10 lakhs is received by way of cash. Out of the payments of ` 190 lakhs made (including expenditure incurred), ` 180 lakhs is through RTGS/ NEFT and the remaining ` 10 lakhs through cash.","Is there any AMT credit to be carried forward under section 115JEE? If so, what is the amount of such credit?","Yes; ` 5,22,340","Yes; ` 7,56,830","Yes; ` 2,63,900",No,D,"Since tax payable as per the regular provisions of the Act is higher, there will be no AMT credit."
20,5,"Ganga LLP is a limited liability partnership set up a unit in Special Economic Zone (SEZ) in the financial year 2019-20 for manufacture of textiles. The unit fulfills all the conditions under section 10AA of the Income-tax Act, 1961. During the financial year 2024-25, it has also set up a warehousing facility in Pune for storage of sugar, fulfilling the conditions for claim of deduction under section 35AD. Capital expenditure in respect of warehouse amounted to ` 97 lakhs (including cost of land ` 32 lakhs). The warehouse became operational with effect from 1st April, 2025 and the expenditure of ` 97 lakhs was capitalized in the books on that date. The details for the financial year 2025-26 are given hereunder: Particulars ` Profit of unit located in SEZ 60,00,000 Export sales of above unit received in India in convertible foreign exchange on or before 30.9.2026 1,20,00,000 Domestic sales of above unit 40,00,000 Profit from operation of warehousing facility (before considering deduction under section 35AD) 1,60,00,000 Mr. Ganesh, one of the partners of the LLP, commenced the business of manufacture of leather on 1.4.2024. His turnover in the P.Y.2024-25 is ` 180 lakh and in the P.Y.2025-26 is ` 200 lakhs. The payments made in the P.Y.2025-26 is ` 190 lakhs. The profit for P.Y.2025-26 as per books of account maintained u/s 44AA is ` 12.10 lakhs. Out of the turnover of ` 200 lakhs, ` 190 lakhs is received through RTGS and NEFT and ` 10 lakhs is received by way of cash. Out of the payments of ` 190 lakhs made (including expenditure incurred), ` 180 lakhs is through RTGS/ NEFT and the remaining ` 10 lakhs through cash.","What is the income to be declared by Mr. Ganesh for A.Y.2026-27 under the head “Profits and gains of business or profession”, so that he makes maximum tax savings without getting his books of account audited?",` 12 lakhs,` 12.10 lakhs,` 12.20 lakhs,` 16 lakhs,C,"Mr. Ganesh shall be eligible to claim the benefits of presumptive taxation under section 44AD. As per the same, profit is computed @6% on the turnover received through RTGS and NEFT till the due date of filing return of income u/s 139(1) and 8% on the balance amount. Presumptive profits = 6% x 190 lakhs + 8% x 10 lakhs = ` 12.20 lakhs Profit as per books of account = ` 12.10 lakhs Profit to be declared without getting his books of account audited = ` 12.20 lakhs"
21,1,"BMT Shipping Co. is an Indian company having its place of effective management in India. It owns three vessels out of which two are “Qualifying Ships”. The registered tonnage of the two qualifying vessels is 33,840 tons and 230 kgs and 24,952 tons and 370 kgs respectively. In the F.Y. 2025-26, the first vessel was operated for 212 days and the second for 347 days. The WDV of the block of assets for tax purposes, being ships, as on 01.04.2025 was ` 1200 lakhs. Ships forming part of Block of Assets WDV as per books as on 01-04-2025 (` in lakhs) Qualifying Ship 1 580 Qualifying Ship 2 270 Non-qualifying Ship 3 230 Other Information: (i) Profit from core activity referred to in section 115-VI(1) read with 115- VI(2) is ` 70 lakhs. (ii) Profit from incidental activity computed as per section 115-VI(1) read with 115-VI(5) is ` 14 lakhs. (iii) Book profits calculated as per the Explanation to section 115JB(2) [in so far as it relates to income derived from core and incidental activity] are ` 100 lakhs. LMN Shipping Co. is a foreign company whose place of effective management is outside India in the P.Y.2025-26. Its gross receipts for P.Y.2025-26 is ` 630 lakhs, the break up of which is given hereunder – Place where goods are shipped Place where amount is paid to/received by BMI Shipping Co. Amount paid (` in lakhs) (i) Goods shipped at ports in India In India 200 Outside India 150 (ii) Goods shipped at ports outside India In India 180 Outside India 100 630",What would be the tonnage income of BMT Shipping Co. computed under section 115VG for A.Y. 2026-27?,"` 71,05,880","` 71,12,028","` 71,20,454","` 71,26,602",C,"The tonnage income of a qualifying ship is to be calculated on the basis of the daily tonnage income of such ship multiplied by the number of days in the previous year. Ship 1 (33,800 tons) (Rounded off) As the tons are exceeding 25,000, the income will be ` 11,770 plus ` 29 for each 100 tons exceeding 25,000 tons. This ship was in operation for 212 days. So, amount will be 212 x [` 11,770 + (29 x 88)] = ` 30,36,264. Ship 2 (25,000 tons) (Rounded off) As the tons are exceeding 10,000 but not more than 25,000, the income will be ` 5,470 plus ` 42 for 100 tons exceeding 10,000 tons. The ship was in operation for 347 days. So, amount will be 347 x [5,470 + (42 x 150]= ` 40,84,190. Thus, total amount will be ` 71,20,454."
21,2,"BMT Shipping Co. is an Indian company having its place of effective management in India. It owns three vessels out of which two are “Qualifying Ships”. The registered tonnage of the two qualifying vessels is 33,840 tons and 230 kgs and 24,952 tons and 370 kgs respectively. In the F.Y. 2025-26, the first vessel was operated for 212 days and the second for 347 days. The WDV of the block of assets for tax purposes, being ships, as on 01.04.2025 was ` 1200 lakhs. Ships forming part of Block of Assets WDV as per books as on 01-04-2025 (` in lakhs) Qualifying Ship 1 580 Qualifying Ship 2 270 Non-qualifying Ship 3 230 Other Information: (i) Profit from core activity referred to in section 115-VI(1) read with 115- VI(2) is ` 70 lakhs. (ii) Profit from incidental activity computed as per section 115-VI(1) read with 115-VI(5) is ` 14 lakhs. (iii) Book profits calculated as per the Explanation to section 115JB(2) [in so far as it relates to income derived from core and incidental activity] are ` 100 lakhs. LMN Shipping Co. is a foreign company whose place of effective management is outside India in the P.Y.2025-26. Its gross receipts for P.Y.2025-26 is ` 630 lakhs, the break up of which is given hereunder – Place where goods are shipped Place where amount is paid to/received by BMI Shipping Co. Amount paid (` in lakhs) (i) Goods shipped at ports in India In India 200 Outside India 150 (ii) Goods shipped at ports outside India In India 180 Outside India 100 630",What would be the written down value as on 01.04.2025 of “Qualifying Ships” of BMT Shipping Co. for tax purpose as per section 115VK?,` 850 lakhs,` 944.44 lakhs,` 1200 lakhs,` 970 lakhs,B,"The WDV of qualifying ships will be divided in the ratio of book WDV of the qualifying ships and book WDV of the non-qualifying ships. Accordingly, the WDV of qualifying ships = ` 1,200 lakhs x ` 850 lakhs/ ` 1,080 lakhs = ` 944.44 lakhs"
21,3,"BMT Shipping Co. is an Indian company having its place of effective management in India. It owns three vessels out of which two are “Qualifying Ships”. The registered tonnage of the two qualifying vessels is 33,840 tons and 230 kgs and 24,952 tons and 370 kgs respectively. In the F.Y. 2025-26, the first vessel was operated for 212 days and the second for 347 days. The WDV of the block of assets for tax purposes, being ships, as on 01.04.2025 was ` 1200 lakhs. Ships forming part of Block of Assets WDV as per books as on 01-04-2025 (` in lakhs) Qualifying Ship 1 580 Qualifying Ship 2 270 Non-qualifying Ship 3 230 Other Information: (i) Profit from core activity referred to in section 115-VI(1) read with 115- VI(2) is ` 70 lakhs. (ii) Profit from incidental activity computed as per section 115-VI(1) read with 115-VI(5) is ` 14 lakhs. (iii) Book profits calculated as per the Explanation to section 115JB(2) [in so far as it relates to income derived from core and incidental activity] are ` 100 lakhs. LMN Shipping Co. is a foreign company whose place of effective management is outside India in the P.Y.2025-26. Its gross receipts for P.Y.2025-26 is ` 630 lakhs, the break up of which is given hereunder – Place where goods are shipped Place where amount is paid to/received by BMI Shipping Co. Amount paid (` in lakhs) (i) Goods shipped at ports in India In India 200 Outside India 150 (ii) Goods shipped at ports outside India In India 180 Outside India 100 630",The minimum reserve requirement as per section 115VT in case of BMT Shipping Co. for P.Y.2025-26 is -,` 16.8 lakhs,` 20 lakhs,` 14 lakhs,` 15 lakhs,B,"As per section 115VT, the minimum reserve requirements is 20% of the book profit from the core and incidental activities. As the amount of book profit from core and incidental activities is ` 100 lakhs, the minimum reserve requirements is (20% x ` 100 lakhs = ` 20 lakhs)"
21,4,"BMT Shipping Co. is an Indian company having its place of effective management in India. It owns three vessels out of which two are “Qualifying Ships”. The registered tonnage of the two qualifying vessels is 33,840 tons and 230 kgs and 24,952 tons and 370 kgs respectively. In the F.Y. 2025-26, the first vessel was operated for 212 days and the second for 347 days. The WDV of the block of assets for tax purposes, being ships, as on 01.04.2025 was ` 1200 lakhs. Ships forming part of Block of Assets WDV as per books as on 01-04-2025 (` in lakhs) Qualifying Ship 1 580 Qualifying Ship 2 270 Non-qualifying Ship 3 230 Other Information: (i) Profit from core activity referred to in section 115-VI(1) read with 115- VI(2) is ` 70 lakhs. (ii) Profit from incidental activity computed as per section 115-VI(1) read with 115-VI(5) is ` 14 lakhs. (iii) Book profits calculated as per the Explanation to section 115JB(2) [in so far as it relates to income derived from core and incidental activity] are ` 100 lakhs. LMN Shipping Co. is a foreign company whose place of effective management is outside India in the P.Y.2025-26. Its gross receipts for P.Y.2025-26 is ` 630 lakhs, the break up of which is given hereunder – Place where goods are shipped Place where amount is paid to/received by BMI Shipping Co. Amount paid (` in lakhs) (i) Goods shipped at ports in India In India 200 Outside India 150 (ii) Goods shipped at ports outside India In India 180 Outside India 100 630","Would any amount be taxable under the other provisions of the Income- tax Act, 1961 as per section 115VT(5), if BMT Shipping Co. had transferred ` 15 lakhs to Tonnage Tax Reserve Account during P.Y. 2025- 26? If yes, what is the amount so taxable?",Yes; ` 1.80 lakhs,"No amount is taxable as per section 115VT(5), since the amount transferred is more than the minimum reserve requirement",Yes; ` 5 lakhs,Yes; ` 21 lakhs,D,"In such case, the taxable amount under the provisions of Income tax Act = Relevant shipping income x shortfall in reserve/ minimum reserve to be created. Thus, the taxable income = ` 84 lakhs x ` 5 lakhs/` 20 lakhs = ` 21 lakhs"
21,5,"BMT Shipping Co. is an Indian company having its place of effective management in India. It owns three vessels out of which two are “Qualifying Ships”. The registered tonnage of the two qualifying vessels is 33,840 tons and 230 kgs and 24,952 tons and 370 kgs respectively. In the F.Y. 2025-26, the first vessel was operated for 212 days and the second for 347 days. The WDV of the block of assets for tax purposes, being ships, as on 01.04.2025 was ` 1200 lakhs. Ships forming part of Block of Assets WDV as per books as on 01-04-2025 (` in lakhs) Qualifying Ship 1 580 Qualifying Ship 2 270 Non-qualifying Ship 3 230 Other Information: (i) Profit from core activity referred to in section 115-VI(1) read with 115- VI(2) is ` 70 lakhs. (ii) Profit from incidental activity computed as per section 115-VI(1) read with 115-VI(5) is ` 14 lakhs. (iii) Book profits calculated as per the Explanation to section 115JB(2) [in so far as it relates to income derived from core and incidental activity] are ` 100 lakhs. LMN Shipping Co. is a foreign company whose place of effective management is outside India in the P.Y.2025-26. Its gross receipts for P.Y.2025-26 is ` 630 lakhs, the break up of which is given hereunder – Place where goods are shipped Place where amount is paid to/received by BMI Shipping Co. Amount paid (` in lakhs) (i) Goods shipped at ports in India In India 200 Outside India 150 (ii) Goods shipped at ports outside India In India 180 Outside India 100 630",What shall be the income computed under section 44B of LMN Shipping Co. for A.Y.2026-27?,` 39.75 lakhs,` 53 lakhs,` 26.50 lakhs,` 47.25 lakhs,A,"7.5% of the following amounts will be taxable in India in the hands of LMN Shipping Co. – 1. amount paid or payable, whether within India or outside India, on account of carriage of goods shipped at any port in India 2. amount received or deemed to be received in India on account of carriage of goods shipped at any port outside India. Thus, taxable amount will be = 7.5% x ` 530 lakhs (` 200 lakhs + ` 150 lakhs + ` 180 lakhs) = ` 39.75 lakhs"
22,1,"Mr. Sachdeva had bought a residential house worth ` 4 crores at Worli, Mumbai in 2000 and let out the house on rent to Mr. Akhil. The property was funded through loan from SBI. The interest due for F.Y.2025-26 to SBI is ` 40 lakhs, out of which he paid only ` 37 lakhs during the year. Mr. Sachdeva then took a loan of ` 2 crores from another bank, namely, MPC Bank on 1.10.2025 for construction of first floor in that house for self-occupation. The construction is in progress as on 31.3.2026. Mr. Sachdeva started repaying EMIs due to MPC Bank. During the P.Y. 2025-26, he repaid principal amount of ` 30 lakhs and ` 5 lakhs to SBI and MPC Bank, respectively. He also paid interest of ` 5 lakhs to MPC Bank out of ` 6 lakhs, being interest due for the period from 1.10.2025 to 31.3.2026. Mr. Sachdeva transfers a house property in a village at Wada in his minor daughter’s name i.e., Miss Rysha’s as her birthday gift. Miss Rysha gave the said house to the Panchayat head from April, 2025 at a rent of ` 5,000 per month. Mrs. Sachdeva’s total income for A.Y.2026-27 is higher than that of Mr. Sachdeva, since she won ` 20 lakhs from lottery this year. In other years, Mr. Sachdeva’s total income is higher than that of Mrs. Sachdeva. Miss Rysha has not had any other source of income in any earlier year. Also, she does not have any other source of income this year. Mr. Sachdeva bought petrol driven car worth ` 50 lakhs and an electric vehicle worth ` 70 lakhs on loan from BSM Bank which it sanctioned on 1.4.2022. BSM Bank charged interest of ` 5 lakhs on petrol driven car and ` 7 lakhs on electric vehicle for the P.Y.2025-26. Mr. Sachdeva has also taken loan from FRM Bank for his daughter’s higher education. He paid ` 50,000 as interest to FRM Bank. He also paid medi-claim of ` 20,000 to New India Assurance Scheme for insuring his health. Mrs. Sachdeva owns a shop of 100 square feet area in Mumbai. She rented it to an architect who gave her an interest-free deposit of ` 1,00,000. The rent paid by the architect from 1st April, 2025 is ` 60,000 per month. Mr. Sachdeva’s brother, Mr. Ajay who is a non-resident sold his house at Bandra Kurla Complex, Mumbai to another non-resident, Mr. David, who is based at Germany for a consideration of ` 20 crores on 01.09.2025. Mr. Ajay died on 01.11.2025 on account of a car accident. Assume Mr. Sachdeva has shifted out of the default tax regime u/s 115BAC.",What is the amount of interest allowable as deduction u/s 24 to Mr. Sachdeva for A.Y.2026-27?,` 46 lakhs,` 42 lakhs,` 40 lakhs,` 37 lakhs,C,Interest on borrowings from SBI on accrual basis = ` 40 lakhs. Interest on borrowings from MPC Bank is not allowed during P.Y. 2025-26 since the construction is in progress.
22,2,"Mr. Sachdeva had bought a residential house worth ` 4 crores at Worli, Mumbai in 2000 and let out the house on rent to Mr. Akhil. The property was funded through loan from SBI. The interest due for F.Y.2025-26 to SBI is ` 40 lakhs, out of which he paid only ` 37 lakhs during the year. Mr. Sachdeva then took a loan of ` 2 crores from another bank, namely, MPC Bank on 1.10.2025 for construction of first floor in that house for self-occupation. The construction is in progress as on 31.3.2026. Mr. Sachdeva started repaying EMIs due to MPC Bank. During the P.Y. 2025-26, he repaid principal amount of ` 30 lakhs and ` 5 lakhs to SBI and MPC Bank, respectively. He also paid interest of ` 5 lakhs to MPC Bank out of ` 6 lakhs, being interest due for the period from 1.10.2025 to 31.3.2026. Mr. Sachdeva transfers a house property in a village at Wada in his minor daughter’s name i.e., Miss Rysha’s as her birthday gift. Miss Rysha gave the said house to the Panchayat head from April, 2025 at a rent of ` 5,000 per month. Mrs. Sachdeva’s total income for A.Y.2026-27 is higher than that of Mr. Sachdeva, since she won ` 20 lakhs from lottery this year. In other years, Mr. Sachdeva’s total income is higher than that of Mrs. Sachdeva. Miss Rysha has not had any other source of income in any earlier year. Also, she does not have any other source of income this year. Mr. Sachdeva bought petrol driven car worth ` 50 lakhs and an electric vehicle worth ` 70 lakhs on loan from BSM Bank which it sanctioned on 1.4.2022. BSM Bank charged interest of ` 5 lakhs on petrol driven car and ` 7 lakhs on electric vehicle for the P.Y.2025-26. Mr. Sachdeva has also taken loan from FRM Bank for his daughter’s higher education. He paid ` 50,000 as interest to FRM Bank. He also paid medi-claim of ` 20,000 to New India Assurance Scheme for insuring his health. Mrs. Sachdeva owns a shop of 100 square feet area in Mumbai. She rented it to an architect who gave her an interest-free deposit of ` 1,00,000. The rent paid by the architect from 1st April, 2025 is ` 60,000 per month. Mr. Sachdeva’s brother, Mr. Ajay who is a non-resident sold his house at Bandra Kurla Complex, Mumbai to another non-resident, Mr. David, who is based at Germany for a consideration of ` 20 crores on 01.09.2025. Mr. Ajay died on 01.11.2025 on account of a car accident. Assume Mr. Sachdeva has shifted out of the default tax regime u/s 115BAC.","What is the amount of deduction permissible to Mr. Sachdeva under Chapter VI-A of Income-tax Act, 1961 for A.Y. 2026-27?","` 1,70,000","` 2,20,000","` 3,70,000","` 14,20,000",C,"Deduction under section 80C = Repayment of loan to SBI of ` 30,00,000, subject to maximum of ` 1,50,000 Deduction under section 80D (Mediclaim) = ` 20,000 Deduction under section 80E (Interest on daughter’s education loan) = ` 50,000 Deduction under section 80EEB (Interest on electric vehicle) = ` 1,50,000 Total deduction under Chapter VI-A = ` 3,70,000"
22,3,"Mr. Sachdeva had bought a residential house worth ` 4 crores at Worli, Mumbai in 2000 and let out the house on rent to Mr. Akhil. The property was funded through loan from SBI. The interest due for F.Y.2025-26 to SBI is ` 40 lakhs, out of which he paid only ` 37 lakhs during the year. Mr. Sachdeva then took a loan of ` 2 crores from another bank, namely, MPC Bank on 1.10.2025 for construction of first floor in that house for self-occupation. The construction is in progress as on 31.3.2026. Mr. Sachdeva started repaying EMIs due to MPC Bank. During the P.Y. 2025-26, he repaid principal amount of ` 30 lakhs and ` 5 lakhs to SBI and MPC Bank, respectively. He also paid interest of ` 5 lakhs to MPC Bank out of ` 6 lakhs, being interest due for the period from 1.10.2025 to 31.3.2026. Mr. Sachdeva transfers a house property in a village at Wada in his minor daughter’s name i.e., Miss Rysha’s as her birthday gift. Miss Rysha gave the said house to the Panchayat head from April, 2025 at a rent of ` 5,000 per month. Mrs. Sachdeva’s total income for A.Y.2026-27 is higher than that of Mr. Sachdeva, since she won ` 20 lakhs from lottery this year. In other years, Mr. Sachdeva’s total income is higher than that of Mrs. Sachdeva. Miss Rysha has not had any other source of income in any earlier year. Also, she does not have any other source of income this year. Mr. Sachdeva bought petrol driven car worth ` 50 lakhs and an electric vehicle worth ` 70 lakhs on loan from BSM Bank which it sanctioned on 1.4.2022. BSM Bank charged interest of ` 5 lakhs on petrol driven car and ` 7 lakhs on electric vehicle for the P.Y.2025-26. Mr. Sachdeva has also taken loan from FRM Bank for his daughter’s higher education. He paid ` 50,000 as interest to FRM Bank. He also paid medi-claim of ` 20,000 to New India Assurance Scheme for insuring his health. Mrs. Sachdeva owns a shop of 100 square feet area in Mumbai. She rented it to an architect who gave her an interest-free deposit of ` 1,00,000. The rent paid by the architect from 1st April, 2025 is ` 60,000 per month. Mr. Sachdeva’s brother, Mr. Ajay who is a non-resident sold his house at Bandra Kurla Complex, Mumbai to another non-resident, Mr. David, who is based at Germany for a consideration of ` 20 crores on 01.09.2025. Mr. Ajay died on 01.11.2025 on account of a car accident. Assume Mr. Sachdeva has shifted out of the default tax regime u/s 115BAC.","Is notional interest on interest free deposit received in respect of shop let out on rent chargeable to income-tax? If so, under which head of income would the same be taxable?","No, it is not chargeable to tax","Yes, it is chargeable to tax as profits and gains from business, since a commercial property has been let out","Yes, it is chargeable to tax as “Income from Other Sources”, being the residuary head of income","Yes, it is chargeable to tax as “Income from house property”, since section 22 does not distinguish between a residential house property and commercial house property",A,Notional interest on interest free deposit is not taxable
22,4,"Mr. Sachdeva had bought a residential house worth ` 4 crores at Worli, Mumbai in 2000 and let out the house on rent to Mr. Akhil. The property was funded through loan from SBI. The interest due for F.Y.2025-26 to SBI is ` 40 lakhs, out of which he paid only ` 37 lakhs during the year. Mr. Sachdeva then took a loan of ` 2 crores from another bank, namely, MPC Bank on 1.10.2025 for construction of first floor in that house for self-occupation. The construction is in progress as on 31.3.2026. Mr. Sachdeva started repaying EMIs due to MPC Bank. During the P.Y. 2025-26, he repaid principal amount of ` 30 lakhs and ` 5 lakhs to SBI and MPC Bank, respectively. He also paid interest of ` 5 lakhs to MPC Bank out of ` 6 lakhs, being interest due for the period from 1.10.2025 to 31.3.2026. Mr. Sachdeva transfers a house property in a village at Wada in his minor daughter’s name i.e., Miss Rysha’s as her birthday gift. Miss Rysha gave the said house to the Panchayat head from April, 2025 at a rent of ` 5,000 per month. Mrs. Sachdeva’s total income for A.Y.2026-27 is higher than that of Mr. Sachdeva, since she won ` 20 lakhs from lottery this year. In other years, Mr. Sachdeva’s total income is higher than that of Mrs. Sachdeva. Miss Rysha has not had any other source of income in any earlier year. Also, she does not have any other source of income this year. Mr. Sachdeva bought petrol driven car worth ` 50 lakhs and an electric vehicle worth ` 70 lakhs on loan from BSM Bank which it sanctioned on 1.4.2022. BSM Bank charged interest of ` 5 lakhs on petrol driven car and ` 7 lakhs on electric vehicle for the P.Y.2025-26. Mr. Sachdeva has also taken loan from FRM Bank for his daughter’s higher education. He paid ` 50,000 as interest to FRM Bank. He also paid medi-claim of ` 20,000 to New India Assurance Scheme for insuring his health. Mrs. Sachdeva owns a shop of 100 square feet area in Mumbai. She rented it to an architect who gave her an interest-free deposit of ` 1,00,000. The rent paid by the architect from 1st April, 2025 is ` 60,000 per month. Mr. Sachdeva’s brother, Mr. Ajay who is a non-resident sold his house at Bandra Kurla Complex, Mumbai to another non-resident, Mr. David, who is based at Germany for a consideration of ` 20 crores on 01.09.2025. Mr. Ajay died on 01.11.2025 on account of a car accident. Assume Mr. Sachdeva has shifted out of the default tax regime u/s 115BAC.","The Assessing Officer came to know about the transaction of sale of property at BKC, Mumbai on 15th December, 2025 and wants to hold Mr. David as an agent of Mr. Ajay u/s 163(1). Can he do so? If not, why?","No, he cannot hold Mr. David as an agent since Mr. David is non- resident","No, he cannot hold Mr. David as an agent since Mr. Ajay’s brother stays in India and he has to be treated as an agent","No, he cannot hold Mr. David as an agent due to reasons stated in (a) and (b) above","Yes, he can hold Mr. David as an agent as per the provisions of the Income-tax Act, 1961",D,"As per section 163 of the Act, an ""agent"", in relation to a non-resident, includes any other person who, whether a resident or non-resident, has acquired by means of a transfer, a capital asset in India."
22,5,"Mr. Sachdeva had bought a residential house worth ` 4 crores at Worli, Mumbai in 2000 and let out the house on rent to Mr. Akhil. The property was funded through loan from SBI. The interest due for F.Y.2025-26 to SBI is ` 40 lakhs, out of which he paid only ` 37 lakhs during the year. Mr. Sachdeva then took a loan of ` 2 crores from another bank, namely, MPC Bank on 1.10.2025 for construction of first floor in that house for self-occupation. The construction is in progress as on 31.3.2026. Mr. Sachdeva started repaying EMIs due to MPC Bank. During the P.Y. 2025-26, he repaid principal amount of ` 30 lakhs and ` 5 lakhs to SBI and MPC Bank, respectively. He also paid interest of ` 5 lakhs to MPC Bank out of ` 6 lakhs, being interest due for the period from 1.10.2025 to 31.3.2026. Mr. Sachdeva transfers a house property in a village at Wada in his minor daughter’s name i.e., Miss Rysha’s as her birthday gift. Miss Rysha gave the said house to the Panchayat head from April, 2025 at a rent of ` 5,000 per month. Mrs. Sachdeva’s total income for A.Y.2026-27 is higher than that of Mr. Sachdeva, since she won ` 20 lakhs from lottery this year. In other years, Mr. Sachdeva’s total income is higher than that of Mrs. Sachdeva. Miss Rysha has not had any other source of income in any earlier year. Also, she does not have any other source of income this year. Mr. Sachdeva bought petrol driven car worth ` 50 lakhs and an electric vehicle worth ` 70 lakhs on loan from BSM Bank which it sanctioned on 1.4.2022. BSM Bank charged interest of ` 5 lakhs on petrol driven car and ` 7 lakhs on electric vehicle for the P.Y.2025-26. Mr. Sachdeva has also taken loan from FRM Bank for his daughter’s higher education. He paid ` 50,000 as interest to FRM Bank. He also paid medi-claim of ` 20,000 to New India Assurance Scheme for insuring his health. Mrs. Sachdeva owns a shop of 100 square feet area in Mumbai. She rented it to an architect who gave her an interest-free deposit of ` 1,00,000. The rent paid by the architect from 1st April, 2025 is ` 60,000 per month. Mr. Sachdeva’s brother, Mr. Ajay who is a non-resident sold his house at Bandra Kurla Complex, Mumbai to another non-resident, Mr. David, who is based at Germany for a consideration of ` 20 crores on 01.09.2025. Mr. Ajay died on 01.11.2025 on account of a car accident. Assume Mr. Sachdeva has shifted out of the default tax regime u/s 115BAC.",In whose hands would Rysha’s rental income from house property at Wada be taxable?,In Rysha’s hands,In Mr. Sachdeva’s hands,In Mrs. Sachdeva’s hands,It would change every year depending on the parent whose income is higher in that year,B,"Mr. Sachdeva is a deemed owner u/s 27 of the property transferred to Miss Rysha. Accordingly, rental income would be chargeable to tax in his hands."
23,1,"Mr. Rajat is a diamond merchant. During the P.Y.2025-26, he has turnover of ` 20 crores and net profit of ` 60 lakhs after taking into account all the permissible deductions. He has invested in shares of various private limited companies, from which dividend of ` 12 lakhs is receivable by him. He has two house properties in India, both of which were self-occupied. On one of the properties, he had taken loan of ` 50 lakh on which interest payable was ` 2,50,000, out of which he paid ` 1,80,000 during the year. On his birthday, he received jewellery from his friend (fair market value of which was ` 5 lakhs). He had also withdrawn cash of ` 1.2 crores during the P.Y. 2025-26 in aggregate from his current account maintained with ABC Bank. Further, he also withdrew ` 50 lakhs from a co-operative bank account in October, 2025. He is regularly filing his return of income. His brother, Mr. Rahul has not filed his return of income for the last five years, even though his total income exceeded the basic exemption limit. He withdrew ` 50 lakhs from a co-operative bank account in March, 2026. Also, Mr. Rajat holds 20% voting power in XYZ Pvt. Ltd. (closely held company and engaged in diamond manufacturing) from which he has obtained loan of ` 10 lakhs on 1.4.2025. The company had free reserves of ` 8 lakh as on 31.3.2025.",Which of the following statements is correct in respect of loan of ` 10 lakhs obtained by Mr. Rajat from XYZ Pvt. Ltd?,` 10 lakhs would be taxable as deemed dividend in the hands of Mr. Rajat,` 8 lakhs would be taxable as deemed dividend in the hands of Mr. Rajat,"The entire amount is received in the ordinary course of the business and therefore, the loan obtained would not be treated as deemed dividend",The company will pay distribution tax@ 34.944% on ` 8 lakhs,B,"As per the provisions of section 2(22)(e), any payment by a closely held company to a shareholder having the beneficial ownership of atleast 10% of the equity shares will be deemed to be dividend. Further, such dividend shall be limited to the extent of accumulated profits."
23,2,"Mr. Rajat is a diamond merchant. During the P.Y.2025-26, he has turnover of ` 20 crores and net profit of ` 60 lakhs after taking into account all the permissible deductions. He has invested in shares of various private limited companies, from which dividend of ` 12 lakhs is receivable by him. He has two house properties in India, both of which were self-occupied. On one of the properties, he had taken loan of ` 50 lakh on which interest payable was ` 2,50,000, out of which he paid ` 1,80,000 during the year. On his birthday, he received jewellery from his friend (fair market value of which was ` 5 lakhs). He had also withdrawn cash of ` 1.2 crores during the P.Y. 2025-26 in aggregate from his current account maintained with ABC Bank. Further, he also withdrew ` 50 lakhs from a co-operative bank account in October, 2025. He is regularly filing his return of income. His brother, Mr. Rahul has not filed his return of income for the last five years, even though his total income exceeded the basic exemption limit. He withdrew ` 50 lakhs from a co-operative bank account in March, 2026. Also, Mr. Rajat holds 20% voting power in XYZ Pvt. Ltd. (closely held company and engaged in diamond manufacturing) from which he has obtained loan of ` 10 lakhs on 1.4.2025. The company had free reserves of ` 8 lakh as on 31.3.2025.",Would cash withdrawals by Mr. Rajat during the P.Y. 2025-26 attract deduction of tax at source?,"Yes, tax is required to be deducted u/s 194N @5% on ` 1.2 crores by ABC Bank and 2% on ` 50 lakhs by the co-operative bank","Yes, tax is required to be deducted@2% on ` 20 lakhs u/s 194N by ABC Bank","Yes, tax is required to be deducted@5% on ` 20 lakhs u/s 194N by ABC Bank","Yes, tax is required to be deducted u/s 194N @5% on ` 20 lakhs by ABC Bank and 2% on ` 50 lakhs by the co-operative bank",B,"As per section 194N, ABC Bank is required to deduct tax at source @2% on cash withdrawal by Mr. Rajat exceeding ` 1 crore."
23,3,"Mr. Rajat is a diamond merchant. During the P.Y.2025-26, he has turnover of ` 20 crores and net profit of ` 60 lakhs after taking into account all the permissible deductions. He has invested in shares of various private limited companies, from which dividend of ` 12 lakhs is receivable by him. He has two house properties in India, both of which were self-occupied. On one of the properties, he had taken loan of ` 50 lakh on which interest payable was ` 2,50,000, out of which he paid ` 1,80,000 during the year. On his birthday, he received jewellery from his friend (fair market value of which was ` 5 lakhs). He had also withdrawn cash of ` 1.2 crores during the P.Y. 2025-26 in aggregate from his current account maintained with ABC Bank. Further, he also withdrew ` 50 lakhs from a co-operative bank account in October, 2025. He is regularly filing his return of income. His brother, Mr. Rahul has not filed his return of income for the last five years, even though his total income exceeded the basic exemption limit. He withdrew ` 50 lakhs from a co-operative bank account in March, 2026. Also, Mr. Rajat holds 20% voting power in XYZ Pvt. Ltd. (closely held company and engaged in diamond manufacturing) from which he has obtained loan of ` 10 lakhs on 1.4.2025. The company had free reserves of ` 8 lakh as on 31.3.2025.",Would cash withdrawals by Mr. Rahul during the P.Y. 2025-26 attract deduction of tax at source?,"No, TDS provisions are not attracted since cash withdrawals is less than ` 1 crore","No, TDS provisions are not attracted in respect of cash withdrawals from co-operative bank","No, TDS provisions are not attracted due to reasons stated in both (a) and (b)","Yes, tax is required to be deducted@2% on ` 30 lakhs u/s 194N by co-operative bank",D,"As per section 194N, ABC Bank is required to deduct tax at source @2% on cash withdrawal by Mr. Rahul exceeding ` 20 lakhs since Mr. Rahul has not filed his return of income for the last three years."
23,4,"Mr. Rajat is a diamond merchant. During the P.Y.2025-26, he has turnover of ` 20 crores and net profit of ` 60 lakhs after taking into account all the permissible deductions. He has invested in shares of various private limited companies, from which dividend of ` 12 lakhs is receivable by him. He has two house properties in India, both of which were self-occupied. On one of the properties, he had taken loan of ` 50 lakh on which interest payable was ` 2,50,000, out of which he paid ` 1,80,000 during the year. On his birthday, he received jewellery from his friend (fair market value of which was ` 5 lakhs). He had also withdrawn cash of ` 1.2 crores during the P.Y. 2025-26 in aggregate from his current account maintained with ABC Bank. Further, he also withdrew ` 50 lakhs from a co-operative bank account in October, 2025. He is regularly filing his return of income. His brother, Mr. Rahul has not filed his return of income for the last five years, even though his total income exceeded the basic exemption limit. He withdrew ` 50 lakhs from a co-operative bank account in March, 2026. Also, Mr. Rajat holds 20% voting power in XYZ Pvt. Ltd. (closely held company and engaged in diamond manufacturing) from which he has obtained loan of ` 10 lakhs on 1.4.2025. The company had free reserves of ` 8 lakh as on 31.3.2025.","What is the total income of Mr. Rajat for P.Y.2025-26, assuming that he has shifted out of the default tax regime under section 115BAC?",` 72 lakhs,` 75 lakhs,` 83 lakhs,` 83.20 lakhs,C,"Income from house property = (` 2,00,000) Net profit = ` 60,00,000 Dividend on shares = ` 12,00,000 Gift exceeding ` 50,000 from friend = ` 5,00,000 Deemed dividend u/s 2(22)(e) = ` 8,00,000 Gross Total Income/ Total Income = ` 83,00,000"
23,5,"Mr. Rajat is a diamond merchant. During the P.Y.2025-26, he has turnover of ` 20 crores and net profit of ` 60 lakhs after taking into account all the permissible deductions. He has invested in shares of various private limited companies, from which dividend of ` 12 lakhs is receivable by him. He has two house properties in India, both of which were self-occupied. On one of the properties, he had taken loan of ` 50 lakh on which interest payable was ` 2,50,000, out of which he paid ` 1,80,000 during the year. On his birthday, he received jewellery from his friend (fair market value of which was ` 5 lakhs). He had also withdrawn cash of ` 1.2 crores during the P.Y. 2025-26 in aggregate from his current account maintained with ABC Bank. Further, he also withdrew ` 50 lakhs from a co-operative bank account in October, 2025. He is regularly filing his return of income. His brother, Mr. Rahul has not filed his return of income for the last five years, even though his total income exceeded the basic exemption limit. He withdrew ` 50 lakhs from a co-operative bank account in March, 2026. Also, Mr. Rajat holds 20% voting power in XYZ Pvt. Ltd. (closely held company and engaged in diamond manufacturing) from which he has obtained loan of ` 10 lakhs on 1.4.2025. The company had free reserves of ` 8 lakh as on 31.3.2025.","What is the amount of gross tax liability of Mr. Rajat for the A.Y. 2026-27, assuming that he has shifted out of the default tax regime under section 115BAC?","` 23,59,500","` 26,34,060","` 25,94,060","` 26,40,924",B,"Tax on ` 83,00,000 as per slab rate = ` 23,02,500 Add: Surcharge @10% = ` 2,30,250 = ` 25,32,750 Add: HEC @4% = ` 1,01,310 Tax liability = ` 26,34,060"
24,1,"The Assessing Officer surveyed TR & Hotels, which was within his jurisdiction, at 11:30 p.m. on 15.8.2025 for the purpose of obtaining information which may be relevant to the proceedings under the Income-tax Act, 1961. The restaurant is kept open for business every day between 11 a.m. and 12 midnight. On 25.8.2025, the Assessing Officer entered RR & Hotels which was also within his jurisdiction at 9:15 p.m. for the purpose of collecting information which may be useful for the purposes of the Income-tax Act, 1961. This Restaurant is kept open for business every day between 7 am to 10:30 pm. In both the above cases, the Assessing Officer impounded and retained in his custody for a period of 18 days (exclusive of holidays), books of account and other documents inspected by him, after recording reasons for doing so. The Assessing Officer, however, did not take prior permission from income-tax authority equivalent to Commissioner or above for doing so. The owners of these restaurants claim that the Assessing Officer could not enter the restaurants after sunset and take away with him the books of account kept at the restaurants. The owners also claimed that the Assessing Officer ought to have obtained the prior approval of income-tax authority equivalent to Chief Commissioner or above before entering the restaurants.",Is the action of the Assessing Officer entering TR & Hotels at 11:30 pm valid?,"Not valid, since Assessing Officer entered the restaurant after the sunset.","Valid, since Assessing Officer entered during the hours at which such place is open for the conduct of business and prior permission of higher authorities is not required to be obtained for survey.","Not valid, since prior permission of income-tax authority equivalent to Chief Commissioner or above is not obtained by the Assessing Officer though he entered during the hours at which such place is open for the conduct of business.","Not valid, since Assessing Officer entered after the sunset and prior permission of Chief Commissioner or above was not obtained.",C,"Section 133A(2) provides that the income-tax authority may enter any place of business or profession, for the purpose of obtaining information which may be relevant to the proceedings under the Income-tax Act, 1961, only during the hours at which such place is open for the conduct of business or profession and in the case of any other place, only after sunrise and before sunset. Further, all income-tax authorities has to take approval from Principal Director General or the Director General or Principal Chief Commissioner or the Chief Commissioner in all cases of survey. In the present case, though he entered during the hours at which such place is open for the conduct of business but prior permission of income-tax authority equivalent to Chief Commissioner or above is not obtained by the Assessing Officer to conduct survey. Thus, action of the Assessing Officer is not valid."
24,2,"The Assessing Officer surveyed TR & Hotels, which was within his jurisdiction, at 11:30 p.m. on 15.8.2025 for the purpose of obtaining information which may be relevant to the proceedings under the Income-tax Act, 1961. The restaurant is kept open for business every day between 11 a.m. and 12 midnight. On 25.8.2025, the Assessing Officer entered RR & Hotels which was also within his jurisdiction at 9:15 p.m. for the purpose of collecting information which may be useful for the purposes of the Income-tax Act, 1961. This Restaurant is kept open for business every day between 7 am to 10:30 pm. In both the above cases, the Assessing Officer impounded and retained in his custody for a period of 18 days (exclusive of holidays), books of account and other documents inspected by him, after recording reasons for doing so. The Assessing Officer, however, did not take prior permission from income-tax authority equivalent to Commissioner or above for doing so. The owners of these restaurants claim that the Assessing Officer could not enter the restaurants after sunset and take away with him the books of account kept at the restaurants. The owners also claimed that the Assessing Officer ought to have obtained the prior approval of income-tax authority equivalent to Chief Commissioner or above before entering the restaurants.","Would your answer to MCQ 1 change if the Assessing Officer had surveyed TR & Hotels only for the purpose of verifying whether tax has been deducted/collected at source in accordance with the provisions of the Income-tax Act, 1961?","The action of Assessing Officer is not valid, since he entered the place after sunset and permission of income-tax authority equivalent to Chief Commissioner or above is not obtained.","The action of Assessing Officer is valid, since he entered the place during the hours at which such place is open for conduct of business and permission of Chief Commissioner or above authorities not required to be obtained.","The action of Assessing Officer is not valid, since he has not obtained the permission of Chief Commissioner.","The action of Assessing Officer is not valid, since he entered the place after 10 pm.",A,"Section 133A(2A) provides that the income-tax authority for the purpose of verifying that tax has been deducted or collected at source may enter an office, or a place where business or profession is carried on after sunrise and before sunset. In this case also, all income-tax authorities has to take approval from Principal Director General or the Director General or Principal Chief Commissioner or the Chief Commissioner."
24,3,"The Assessing Officer surveyed TR & Hotels, which was within his jurisdiction, at 11:30 p.m. on 15.8.2025 for the purpose of obtaining information which may be relevant to the proceedings under the Income-tax Act, 1961. The restaurant is kept open for business every day between 11 a.m. and 12 midnight. On 25.8.2025, the Assessing Officer entered RR & Hotels which was also within his jurisdiction at 9:15 p.m. for the purpose of collecting information which may be useful for the purposes of the Income-tax Act, 1961. This Restaurant is kept open for business every day between 7 am to 10:30 pm. In both the above cases, the Assessing Officer impounded and retained in his custody for a period of 18 days (exclusive of holidays), books of account and other documents inspected by him, after recording reasons for doing so. The Assessing Officer, however, did not take prior permission from income-tax authority equivalent to Commissioner or above for doing so. The owners of these restaurants claim that the Assessing Officer could not enter the restaurants after sunset and take away with him the books of account kept at the restaurants. The owners also claimed that the Assessing Officer ought to have obtained the prior approval of income-tax authority equivalent to Chief Commissioner or above before entering the restaurants.",Is the action of the Assessing Officer entering RR & Hotels at 9:15 pm valid?,"Not valid, since Assessing Officer entered the restaurant after the sunset.","Valid, since Assessing Officer entered during the hours at which such place is open for the conduct of business and prior permission of higher authorities is not required to be obtained.","Not valid, since prior permission of Chief Commissioner or above is not obtained by the Assessing Officer though he entered the place during the hours at which such place is open for the conduct of business.","Not valid, since Assessing Officer entered after the sunset and prior permission of Chief Commissioner or above is not obtained.",B,"Section 133B(2) provides that the income-tax authority may enter any place of business or profession, for the purpose of collecting any information which may be useful for, or relevant to, the purposes of this Act, 1961, only during the hours at which such place is open for the conduct of business or profession."
24,4,"The Assessing Officer surveyed TR & Hotels, which was within his jurisdiction, at 11:30 p.m. on 15.8.2025 for the purpose of obtaining information which may be relevant to the proceedings under the Income-tax Act, 1961. The restaurant is kept open for business every day between 11 a.m. and 12 midnight. On 25.8.2025, the Assessing Officer entered RR & Hotels which was also within his jurisdiction at 9:15 p.m. for the purpose of collecting information which may be useful for the purposes of the Income-tax Act, 1961. This Restaurant is kept open for business every day between 7 am to 10:30 pm. In both the above cases, the Assessing Officer impounded and retained in his custody for a period of 18 days (exclusive of holidays), books of account and other documents inspected by him, after recording reasons for doing so. The Assessing Officer, however, did not take prior permission from income-tax authority equivalent to Commissioner or above for doing so. The owners of these restaurants claim that the Assessing Officer could not enter the restaurants after sunset and take away with him the books of account kept at the restaurants. The owners also claimed that the Assessing Officer ought to have obtained the prior approval of income-tax authority equivalent to Chief Commissioner or above before entering the restaurants.","Is the action of the Assessing Officer in impounding and retaining in his custody books of account and other documents of TR & Hotels, after recording reasons for doing so, without taking prior permission from income-tax authority equivalent to Commissioner or above, valid?","The action of Assessing Officer is not valid, since prior approval of Commissioner or above authority is not obtained.",The action of Assessing Officer is valid.,"The action of Assessing Officer is not valid, since prior approval of Joint Commissioner is not obtained.","The action of Assessing Officer is not valid, since he cannot retain impounded books of accounts or other documents .",A,"As per section 133A(3), an income-tax authority cannot impound any books of account or other documents except after recording his reasons for so doing or retain in his custody any such books of account or other documents for a period exceeding fifteen days (exclusive of holidays) without obtaining the approval of the Principal Chief Commissioner or the Chief Commissioner or the Principal Director General or the Director General or the Principal Commissioner or the Commissioner or the Principal Director or the Director."
24,5,"The Assessing Officer surveyed TR & Hotels, which was within his jurisdiction, at 11:30 p.m. on 15.8.2025 for the purpose of obtaining information which may be relevant to the proceedings under the Income-tax Act, 1961. The restaurant is kept open for business every day between 11 a.m. and 12 midnight. On 25.8.2025, the Assessing Officer entered RR & Hotels which was also within his jurisdiction at 9:15 p.m. for the purpose of collecting information which may be useful for the purposes of the Income-tax Act, 1961. This Restaurant is kept open for business every day between 7 am to 10:30 pm. In both the above cases, the Assessing Officer impounded and retained in his custody for a period of 18 days (exclusive of holidays), books of account and other documents inspected by him, after recording reasons for doing so. The Assessing Officer, however, did not take prior permission from income-tax authority equivalent to Commissioner or above for doing so. The owners of these restaurants claim that the Assessing Officer could not enter the restaurants after sunset and take away with him the books of account kept at the restaurants. The owners also claimed that the Assessing Officer ought to have obtained the prior approval of income-tax authority equivalent to Chief Commissioner or above before entering the restaurants.","Would your answer to MCQ 4 change if the Assessing Officer had surveyed TR & Hotels only for the purpose of verifying whether tax has been deducted/collected at source in accordance with the provisions of the Income-tax Act, 1961?","The action of Assessing Officer is not valid, since prior approval of Commissioner or above is not obtained.",The action of Assessing Officer is valid.,"The action of Assessing Officer is not valid, since he cannot impound or retain books of accounts or other documents.","The action of Assessing Officer is not valid, since he cannot retain impounded books of accounts or other documents for a period exceeding 10 days.",C,"As per section 133A, if Assessing Officer had surveyed for the purpose of verifying that tax has been deducted or collected at source, he cannot impound and retain in his custody, any books of account or documents inspected by him or make an inventory of any cash, stock or other valuable articles or thing checked or verified by him."
25,1,"M/s. LMN LLP filed its return of income for A.Y.2025-26, declaring total income of ` 18 lakhs, on 2nd December 2025. On processing of return, the total income determined under section 143(1)(a) was ` 22 lakhs, after disallowing claim for deduction under section 10AA on account of late furnishing of return of income. Thereafter, on scrutiny, the Assessing Officer made some additions under section 40(a)(ia) and section 43B and passed an assessment order under section 143(3) assessing total income of ` 35 lakhs. Later on, the Assessing Officer noticed that some information is flagged for A.Y. 2025-26 suggesting that certain income chargeable to tax had escaped assessment. Based on the said information, notice under section 148 was issued for making reassessment under section 147 after compliance with the requirements stipulated under section 148A. The total income reassessed under section 147 was ` 42 lakhs. Consider that none of the additions or disallowances made in the assessment or re-assessment as above qualifies under section 270A(6).","For the purpose of answering this question alone, assume that intimation under section 143(1)(a) was sent to M/s LMN LLP on 1.2.2027, would such intimation be valid?","Yes, since it was sent within one year from the end of the financial year in which return was made","No, since it was sent after the expiry of nine months from the end of the financial year in which return was made","No, since it was sent after the expiry of one year from the end of the month in which return was made","No, since it was sent after the expiry of nine months from the end of the month in which return was made",B,"As per section 143(1), an intimation has to be sent within nine months from the end of the financial year in which the return was made."
25,2,"M/s. LMN LLP filed its return of income for A.Y.2025-26, declaring total income of ` 18 lakhs, on 2nd December 2025. On processing of return, the total income determined under section 143(1)(a) was ` 22 lakhs, after disallowing claim for deduction under section 10AA on account of late furnishing of return of income. Thereafter, on scrutiny, the Assessing Officer made some additions under section 40(a)(ia) and section 43B and passed an assessment order under section 143(3) assessing total income of ` 35 lakhs. Later on, the Assessing Officer noticed that some information is flagged for A.Y. 2025-26 suggesting that certain income chargeable to tax had escaped assessment. Based on the said information, notice under section 148 was issued for making reassessment under section 147 after compliance with the requirements stipulated under section 148A. The total income reassessed under section 147 was ` 42 lakhs. Consider that none of the additions or disallowances made in the assessment or re-assessment as above qualifies under section 270A(6).","For the purpose of answering this question alone, assume that in case of M/s LMN LLP, certain other incomes (which had escaped assessment and came to Assessing Officer’s notice subsequently in the course of reassessment proceedings) were also assessed or reassessed in the reassessment order made under section 147, in respect of which provisions of section 148A were not complied with. Examine whether the action of the Assessing Officer is valid while making reassessment order in respect of such incomes?","The action of the Assessing Officer is not valid, since reassessment cannot be made in respect of other incomes which comes to his notice subsequently","The action of the Assessing Officer is not valid, since provisions of section 148A are not complied with","The action of the Assessing Officer is not valid, due to the reasons mentioned in (a) and (b) above",The action of the Assessing Officer is valid,D,"As per Explanation to section 147, the Assessing Officer may assess or reassess the income in respect of any issue, which has escaped assessment, and such issue comes to his notice subsequently in the course of the proceedings under this section, irrespective of the fact that the provisions of section 148A have not been complied with. Therefore, the action of the Assessing Officer is valid."
25,3,"M/s. LMN LLP filed its return of income for A.Y.2025-26, declaring total income of ` 18 lakhs, on 2nd December 2025. On processing of return, the total income determined under section 143(1)(a) was ` 22 lakhs, after disallowing claim for deduction under section 10AA on account of late furnishing of return of income. Thereafter, on scrutiny, the Assessing Officer made some additions under section 40(a)(ia) and section 43B and passed an assessment order under section 143(3) assessing total income of ` 35 lakhs. Later on, the Assessing Officer noticed that some information is flagged for A.Y. 2025-26 suggesting that certain income chargeable to tax had escaped assessment. Based on the said information, notice under section 148 was issued for making reassessment under section 147 after compliance with the requirements stipulated under section 148A. The total income reassessed under section 147 was ` 42 lakhs. Consider that none of the additions or disallowances made in the assessment or re-assessment as above qualifies under section 270A(6).","Compute the amount of penalty to be levied under section 270A of the Income-tax Act, 1961 at the time of assessment made under section 143(3)? Assume under-reporting of income is not on account of misreporting.","` 2,02,800","` 2,65,200","` 5,30,400","` 4,05,600",A,"As this is the case of under-reporting, the amount of penalty under section 270A will be 50% of the tax payable on the under-reported income. Under-reported income = ` 13 lakhs Tax on under-reported income = ` 10,92,000 i.e., tax on ` 35 lakhs [` 22 lakhs computed as per the intimation under section 143(1)(a) + ` 13 lakhs of under-reported income] – ` 6,86,400 i.e., tax on ` 22 lakhs [income computed as per the intimation under section 143(1)(a)] = ` 4,05,600"
25,4,"M/s. LMN LLP filed its return of income for A.Y.2025-26, declaring total income of ` 18 lakhs, on 2nd December 2025. On processing of return, the total income determined under section 143(1)(a) was ` 22 lakhs, after disallowing claim for deduction under section 10AA on account of late furnishing of return of income. Thereafter, on scrutiny, the Assessing Officer made some additions under section 40(a)(ia) and section 43B and passed an assessment order under section 143(3) assessing total income of ` 35 lakhs. Later on, the Assessing Officer noticed that some information is flagged for A.Y. 2025-26 suggesting that certain income chargeable to tax had escaped assessment. Based on the said information, notice under section 148 was issued for making reassessment under section 147 after compliance with the requirements stipulated under section 148A. The total income reassessed under section 147 was ` 42 lakhs. Consider that none of the additions or disallowances made in the assessment or re-assessment as above qualifies under section 270A(6).","Compute the amount of penalty to be levied under section 270A of the Income tax Act, 1961 at the time of reassessment under section 147. Assume under-reporting of income is on account of misreporting.","` 1,09,200","` 4,36,800","` 2,18,400","` 3,12,000",B,"As this is the case of misreporting, the amount of penalty under section 270A will be 200% of the tax payable on the under-reported income. Under-reported income = ` 7 lakhs Tax on under-reported income = ` 13,10,400 i.e., tax on ` 42 lakhs [` 35 lakhs computed as per the order under section 143(3) + ` 7 lakhs of under-reported income] – ` 10,92,000 i.e., tax on ` 35 lakhs [income computed as per the order under section 143(3)] = ` 2,18,400."
25,5,"M/s. LMN LLP filed its return of income for A.Y.2025-26, declaring total income of ` 18 lakhs, on 2nd December 2025. On processing of return, the total income determined under section 143(1)(a) was ` 22 lakhs, after disallowing claim for deduction under section 10AA on account of late furnishing of return of income. Thereafter, on scrutiny, the Assessing Officer made some additions under section 40(a)(ia) and section 43B and passed an assessment order under section 143(3) assessing total income of ` 35 lakhs. Later on, the Assessing Officer noticed that some information is flagged for A.Y. 2025-26 suggesting that certain income chargeable to tax had escaped assessment. Based on the said information, notice under section 148 was issued for making reassessment under section 147 after compliance with the requirements stipulated under section 148A. The total income reassessed under section 147 was ` 42 lakhs. Consider that none of the additions or disallowances made in the assessment or re-assessment as above qualifies under section 270A(6).","In continuation to MCQ 4, assume reassessment order made under section 147 was received on 12.12.2026 and M/s LMN LLP does not prefer appeal against such order, can M/s LMN LLP make application for grant of immunity from penalty? If yes, what is the time limit for making the said application?","No, M/s LMN LLP cannot make application for grant of immunity","Yes, M/s LMN LLP can make application for grant of immunity on or before 11.01.2027","Yes, M/s LMN LLP can make application for grant of immunity on or before 31.01.2027","Yes, M/s LMN LLP can make application for grant of immunity on or before 31.03.2027",A,"As per section 270AA(3), no immunity shall be granted by the Assessing Officer if the penalty proceedings u/s 270A have been initiated on account of misreporting of income."
26,1,"Seva Niketan, a charitable trust registered under section 12AB runs an educational institution, which is engaged solely in education and a hospital for treatment of persons suffering from mental disorder solely for philanthropic purposes. The trust furnished the following information: (i) The total receipts of the trust for the P.Y. 2025-26 for educational institution is ` 3.10 crores and for the hospital it is ` 3.40 crores. (ii) Voluntary contributions [included in (i) above] received for the P.Y. 2025-26 from the public amounted to ` 105 lakhs. It includes corpus donations of ` 55 lakhs (for purchase of building for the trust) and anonymous donations of ` 20 lakhs. (iii) During the P.Y. 2025-26, computers purchased for ` 50 lakhs out of - Loan – ` 25 lakhs - Voluntary contributions - ` 25 lakhs (iv) Corpus donations received during the current year are invested in - - Post Office Savings Accounts ` 10 lakhs - Canara Bank as Fixed deposits ` 5 lakhs - Non-banking Financial Corporation (NBFC) ` 10 lakhs (v) Deposited ` 15 lakhs towards post office savings account which were utilised for purchase of building during the P.Y. 2020-21 and P.Y. 2021- 22 out of corpus fund ` 10 lakhs and ` 5 lakhs, respectively. (vi) Amount paid to another trust registered u/s 12AB by way of donation of ` 10 lakhs. Out of the said amount of ` 2 lakhs are given as corpus donations. (vii) ` 6 lakhs, being the amount set apart in the P.Y.2024-25 by the trust for charitable purposes u/s 11(2) utilized in the P.Y. 2025-26 for making donation to another charitable trust, whose object is also education.",Seva Niketan wants to avail exemption under section 10(23C)(iiiad) and 10(23C)(iiiae) in respect of educational institution and hospital for the P.Y. 2025-26. Can it do so?,"Yes, it can do so since annual receipts for each activity do not exceed ` 5 crores.","No, it cannot do so since the trust is registered under section 12AB.","No, it cannot do so since aggregate receipts from education and hospital exceed ` 5 crores.","No, it cannot do so due to the reasons mentioned in (b) and (c) above.",C,"As per Explanation to section 10(23C)(iiiae), if a person has receipts from an institution specified in sub-clause (iiiad) as well as from an institution specified in sub-clause (iiiae), whose combined receipts exceeds ` 5 crores, then, the person is not eligible for exemption under the respective sub-clauses (iiiad) & (iiiae). In this case, since aggregate receipts from education and hospital exceed ` 5 crores, Seva Niketan is not eligible for exemption."
26,2,"Seva Niketan, a charitable trust registered under section 12AB runs an educational institution, which is engaged solely in education and a hospital for treatment of persons suffering from mental disorder solely for philanthropic purposes. The trust furnished the following information: (i) The total receipts of the trust for the P.Y. 2025-26 for educational institution is ` 3.10 crores and for the hospital it is ` 3.40 crores. (ii) Voluntary contributions [included in (i) above] received for the P.Y. 2025-26 from the public amounted to ` 105 lakhs. It includes corpus donations of ` 55 lakhs (for purchase of building for the trust) and anonymous donations of ` 20 lakhs. (iii) During the P.Y. 2025-26, computers purchased for ` 50 lakhs out of - Loan – ` 25 lakhs - Voluntary contributions - ` 25 lakhs (iv) Corpus donations received during the current year are invested in - - Post Office Savings Accounts ` 10 lakhs - Canara Bank as Fixed deposits ` 5 lakhs - Non-banking Financial Corporation (NBFC) ` 10 lakhs (v) Deposited ` 15 lakhs towards post office savings account which were utilised for purchase of building during the P.Y. 2020-21 and P.Y. 2021- 22 out of corpus fund ` 10 lakhs and ` 5 lakhs, respectively. (vi) Amount paid to another trust registered u/s 12AB by way of donation of ` 10 lakhs. Out of the said amount of ` 2 lakhs are given as corpus donations. (vii) ` 6 lakhs, being the amount set apart in the P.Y.2024-25 by the trust for charitable purposes u/s 11(2) utilized in the P.Y. 2025-26 for making donation to another charitable trust, whose object is also education.",What amount of corpus donations received by the trust would not form part of the total income of the P.Y. 2025-26?,` 25 lakhs,` 40 lakhs,` 15 lakhs,` 55 lakhs,C,"Amount of corpus invested in specified modes is not considered as a part of the total income of the trust. Thus, amount of ` 15 lakhs invested in post office deposit and Canara bank deposit will not form part of the total income."
26,3,"Seva Niketan, a charitable trust registered under section 12AB runs an educational institution, which is engaged solely in education and a hospital for treatment of persons suffering from mental disorder solely for philanthropic purposes. The trust furnished the following information: (i) The total receipts of the trust for the P.Y. 2025-26 for educational institution is ` 3.10 crores and for the hospital it is ` 3.40 crores. (ii) Voluntary contributions [included in (i) above] received for the P.Y. 2025-26 from the public amounted to ` 105 lakhs. It includes corpus donations of ` 55 lakhs (for purchase of building for the trust) and anonymous donations of ` 20 lakhs. (iii) During the P.Y. 2025-26, computers purchased for ` 50 lakhs out of - Loan – ` 25 lakhs - Voluntary contributions - ` 25 lakhs (iv) Corpus donations received during the current year are invested in - - Post Office Savings Accounts ` 10 lakhs - Canara Bank as Fixed deposits ` 5 lakhs - Non-banking Financial Corporation (NBFC) ` 10 lakhs (v) Deposited ` 15 lakhs towards post office savings account which were utilised for purchase of building during the P.Y. 2020-21 and P.Y. 2021- 22 out of corpus fund ` 10 lakhs and ` 5 lakhs, respectively. (vi) Amount paid to another trust registered u/s 12AB by way of donation of ` 10 lakhs. Out of the said amount of ` 2 lakhs are given as corpus donations. (vii) ` 6 lakhs, being the amount set apart in the P.Y.2024-25 by the trust for charitable purposes u/s 11(2) utilized in the P.Y. 2025-26 for making donation to another charitable trust, whose object is also education.","What amount would be considered as application of the trust for the P.Y.2025-26 (excluding unconditional accumulation of 15%), assuming that it has fulfilled the relevant conditions stipulated under section 12A?",` 36.8 lakhs,` 25 lakhs,` 38 lakhs,` 30 lakhs,A,The amount of application will be - voluntary contribution used for computer purchase (` 25 lakhs) + amount deposited back in corpus utilized in P.Y. 21-22 (` 5 lakhs) + 85% of the amount donated to other trust for its purpose other than corpus (` 8 lakhs x 85%)
26,4,"Seva Niketan, a charitable trust registered under section 12AB runs an educational institution, which is engaged solely in education and a hospital for treatment of persons suffering from mental disorder solely for philanthropic purposes. The trust furnished the following information: (i) The total receipts of the trust for the P.Y. 2025-26 for educational institution is ` 3.10 crores and for the hospital it is ` 3.40 crores. (ii) Voluntary contributions [included in (i) above] received for the P.Y. 2025-26 from the public amounted to ` 105 lakhs. It includes corpus donations of ` 55 lakhs (for purchase of building for the trust) and anonymous donations of ` 20 lakhs. (iii) During the P.Y. 2025-26, computers purchased for ` 50 lakhs out of - Loan – ` 25 lakhs - Voluntary contributions - ` 25 lakhs (iv) Corpus donations received during the current year are invested in - - Post Office Savings Accounts ` 10 lakhs - Canara Bank as Fixed deposits ` 5 lakhs - Non-banking Financial Corporation (NBFC) ` 10 lakhs (v) Deposited ` 15 lakhs towards post office savings account which were utilised for purchase of building during the P.Y. 2020-21 and P.Y. 2021- 22 out of corpus fund ` 10 lakhs and ` 5 lakhs, respectively. (vi) Amount paid to another trust registered u/s 12AB by way of donation of ` 10 lakhs. Out of the said amount of ` 2 lakhs are given as corpus donations. (vii) ` 6 lakhs, being the amount set apart in the P.Y.2024-25 by the trust for charitable purposes u/s 11(2) utilized in the P.Y. 2025-26 for making donation to another charitable trust, whose object is also education.","Seva Niketan claims that anonymous donations received during F.Y. 2025-26 are not liable to be taxed under section 115BBC(1)(i). Is the claim of trust valid? If not, determine the tax leviable under section 115BBC.","No; ` 6,00,000","No; ` 5,70,000",Yes; the trust is not liable to pay tax under section 115BBC(1)(i),"No; ` 4,42,500",D,"Amount received as anonymous donations are taxable @30% under section 115BBC. However, exemption is allowed amounting to ` 1,00,000 or 5% of total donations, whichever is higher. Exemption would be ` 5,75,000 i.e., 5% of ` 105 lakhs. Thus, donations amounting to ` 14,75,000 (` 20,00,000 - ` 5,75,000) shall be taxed at 30%."
27,1,"The following details pertain to Mr. Sahil and his best friend Mr. Akhil: Mr. Sahil Particulars Amount (`) Amount remitted to his elder son Aarav, who is pursuing two-year MBA Program from Columbia University, USA - Out of own savings through HDFC Bank, an authorized dealer under Liberalized Remittance Scheme (LRS) of the RBI • towards tuition fees on 5.7.2025 3,50,000 • to meet day to day expenses for study purposes - 10.5.2025 - 29.9.2025 - 01.1.2026 1,20,000 90,000 1,35,000 - Through Axis Bank, an authorized dealer under Liberalized Remittance Scheme (LRS) out of • loan (towards tuition fees) on - 11.10.2025 - 10.01.2026 • Own savings (to meet day to day expenses) on 1.7.2025 3,50,000 3,50,000 4,50,000 To complete the formalities of admission, Mr. Sahil visited the USA from 10.4.2025 to 13.4.2025 for which he purchased a tour package from M/s Gate 2 Travel, a foreign tour operator and remits money under LRS on 5.4.2025. International travel tickets and hotel accommodation are included in the said package. 5,20,000 Mr. Sahil has furnished undertakings containing the details of earlier remittances to HDFC bank and Axis bank. He has also furnished his PAN to the authorized dealers and to the seller of overseas tour program package. Mr. Akhil Mr. Akhil, an Indian citizen got a job offer from M/s Wellbeing Inc., a Dubai- based company of AED 10,500 per month. He left for Dubai on 29.3.2025 and joined M/s Wellbeing Inc. on 1st April 2025. He returned to India on 15.12.2025 on leaves for 15 days. On 23.12.2025, he went on 7 days tour to Bali with his wife and son. Thereafter, he directly went to Dubai with his wife and son. On 16.12.2025, he purchased a tour package for Bali from Make Your Trip, an Indian tour operator for which he paid ` 7,50,000 towards flight tickets and hotel accommodation. During F.Y. 2025-26, he has business income of ` 4,20,000 from a retail shop in India and interest on fixed deposit and savings account with Canara Bank of ` 1,20,000 and ` 8,000, respectively. He is not liable to pay any tax in Dubai. Assume 1 AED = ` 23.","Is HDFC Bank required to collect tax at source on the amount remitted by Mr. Sahil? If so, what is the amount of tax to be collected?","Yes; TCS of ` 2,000 on 29.9.2025 and TCS of ` 27,000 on 1.1.2026","Yes; TCS of ` 500 on 29.9.2025 and TCS of ` 27,000 on 1.1.2026","Yes; TCS of ` 500 on 29.9.2025 and TCS of ` 6,750 on 1.1.2026",No tax is required to be collected at source since receipts do not exceed ` 10 lakh,C,"As per section 206C(1G), TCS is to be collected on the remittance under the scheme of LRS, if the remittance exceeds an amount of ` 10,00,000 during the F.Y. The rate of TCS depends on the nature of remittance. If the remittances during the F.Y. are of different nature, they are to be arranged chronologically and as soon as the amount exceeds ` 10,00,000, rate of TCS shall be applied as per the nature of the payment. Further, education includes day to day expenses required for undertaking study. In the given case, remittance on 29.09.2025 and 01.01.2026 would attract TCS as these are in excess of ` 10,00,000. TCS on ` 10,000 (out of ` 90,000) remitted on 29.09.2025 and TCS on ` 1,35,000 on 01.01.2026 at rate of 5% shall apply it is for educational purpose."
27,2,"The following details pertain to Mr. Sahil and his best friend Mr. Akhil: Mr. Sahil Particulars Amount (`) Amount remitted to his elder son Aarav, who is pursuing two-year MBA Program from Columbia University, USA - Out of own savings through HDFC Bank, an authorized dealer under Liberalized Remittance Scheme (LRS) of the RBI • towards tuition fees on 5.7.2025 3,50,000 • to meet day to day expenses for study purposes - 10.5.2025 - 29.9.2025 - 01.1.2026 1,20,000 90,000 1,35,000 - Through Axis Bank, an authorized dealer under Liberalized Remittance Scheme (LRS) out of • loan (towards tuition fees) on - 11.10.2025 - 10.01.2026 • Own savings (to meet day to day expenses) on 1.7.2025 3,50,000 3,50,000 4,50,000 To complete the formalities of admission, Mr. Sahil visited the USA from 10.4.2025 to 13.4.2025 for which he purchased a tour package from M/s Gate 2 Travel, a foreign tour operator and remits money under LRS on 5.4.2025. International travel tickets and hotel accommodation are included in the said package. 5,20,000 Mr. Sahil has furnished undertakings containing the details of earlier remittances to HDFC bank and Axis bank. He has also furnished his PAN to the authorized dealers and to the seller of overseas tour program package. Mr. Akhil Mr. Akhil, an Indian citizen got a job offer from M/s Wellbeing Inc., a Dubai- based company of AED 10,500 per month. He left for Dubai on 29.3.2025 and joined M/s Wellbeing Inc. on 1st April 2025. He returned to India on 15.12.2025 on leaves for 15 days. On 23.12.2025, he went on 7 days tour to Bali with his wife and son. Thereafter, he directly went to Dubai with his wife and son. On 16.12.2025, he purchased a tour package for Bali from Make Your Trip, an Indian tour operator for which he paid ` 7,50,000 towards flight tickets and hotel accommodation. During F.Y. 2025-26, he has business income of ` 4,20,000 from a retail shop in India and interest on fixed deposit and savings account with Canara Bank of ` 1,20,000 and ` 8,000, respectively. He is not liable to pay any tax in Dubai. Assume 1 AED = ` 23.","Is Axis Bank required to collect tax at source on the amount remitted by Mr. Sahil? If so, what is the amount of tax to be collected?","Yes; TCS of ` 7,500 on 1.7.2025; TCS of ` 1,750 on 11.10.2025 and TCS of ` 1,750 on 10.1.2026","Yes; TCS of ` 17,500 on 11.10.2025 and TCS of ` 17,500 on 10.1.2026","Yes; TCS of ` 1,750 on 11.10.2025 and TCS of ` 1,750 on 10.1.2026","No tax is required to be collected at source, on the remittances amount is a loan for education purpose.",D,"As per section 206C(1G), TCS shall not be collected by the authorized dealer if the remittances is for the purpose of pursuing any education and the amount remitted is out of a loan obtained from any financial institution as defined in section 80E."
27,3,"The following details pertain to Mr. Sahil and his best friend Mr. Akhil: Mr. Sahil Particulars Amount (`) Amount remitted to his elder son Aarav, who is pursuing two-year MBA Program from Columbia University, USA - Out of own savings through HDFC Bank, an authorized dealer under Liberalized Remittance Scheme (LRS) of the RBI • towards tuition fees on 5.7.2025 3,50,000 • to meet day to day expenses for study purposes - 10.5.2025 - 29.9.2025 - 01.1.2026 1,20,000 90,000 1,35,000 - Through Axis Bank, an authorized dealer under Liberalized Remittance Scheme (LRS) out of • loan (towards tuition fees) on - 11.10.2025 - 10.01.2026 • Own savings (to meet day to day expenses) on 1.7.2025 3,50,000 3,50,000 4,50,000 To complete the formalities of admission, Mr. Sahil visited the USA from 10.4.2025 to 13.4.2025 for which he purchased a tour package from M/s Gate 2 Travel, a foreign tour operator and remits money under LRS on 5.4.2025. International travel tickets and hotel accommodation are included in the said package. 5,20,000 Mr. Sahil has furnished undertakings containing the details of earlier remittances to HDFC bank and Axis bank. He has also furnished his PAN to the authorized dealers and to the seller of overseas tour program package. Mr. Akhil Mr. Akhil, an Indian citizen got a job offer from M/s Wellbeing Inc., a Dubai- based company of AED 10,500 per month. He left for Dubai on 29.3.2025 and joined M/s Wellbeing Inc. on 1st April 2025. He returned to India on 15.12.2025 on leaves for 15 days. On 23.12.2025, he went on 7 days tour to Bali with his wife and son. Thereafter, he directly went to Dubai with his wife and son. On 16.12.2025, he purchased a tour package for Bali from Make Your Trip, an Indian tour operator for which he paid ` 7,50,000 towards flight tickets and hotel accommodation. During F.Y. 2025-26, he has business income of ` 4,20,000 from a retail shop in India and interest on fixed deposit and savings account with Canara Bank of ` 1,20,000 and ` 8,000, respectively. He is not liable to pay any tax in Dubai. Assume 1 AED = ` 23.","Is tax required to be collected at source on the amount remitted for tour package to USA by Mr. Sahil? If so, what is the amount of tax to be collected?","Yes; TCS of ` 26,000","Yes; TCS of ` 1,04,000","No tax is required to be collected at source, since tour package is purchased from a foreign tour operator","No tax is required to be collected at source, since receipt does not exceed ` 10 lakh",A,"As per section 206C(1G), TCS is to be collected on remittance on overseas tour package. The rate is 5% till the amount of ` 10,00,000 and 20% on an amount exceeding ` 10,00,000. In this case, the amount paid for overseas tour package is ` 5,20,000, thus TCS @5% will apply on ` 5,20,000."
27,4,"The following details pertain to Mr. Sahil and his best friend Mr. Akhil: Mr. Sahil Particulars Amount (`) Amount remitted to his elder son Aarav, who is pursuing two-year MBA Program from Columbia University, USA - Out of own savings through HDFC Bank, an authorized dealer under Liberalized Remittance Scheme (LRS) of the RBI • towards tuition fees on 5.7.2025 3,50,000 • to meet day to day expenses for study purposes - 10.5.2025 - 29.9.2025 - 01.1.2026 1,20,000 90,000 1,35,000 - Through Axis Bank, an authorized dealer under Liberalized Remittance Scheme (LRS) out of • loan (towards tuition fees) on - 11.10.2025 - 10.01.2026 • Own savings (to meet day to day expenses) on 1.7.2025 3,50,000 3,50,000 4,50,000 To complete the formalities of admission, Mr. Sahil visited the USA from 10.4.2025 to 13.4.2025 for which he purchased a tour package from M/s Gate 2 Travel, a foreign tour operator and remits money under LRS on 5.4.2025. International travel tickets and hotel accommodation are included in the said package. 5,20,000 Mr. Sahil has furnished undertakings containing the details of earlier remittances to HDFC bank and Axis bank. He has also furnished his PAN to the authorized dealers and to the seller of overseas tour program package. Mr. Akhil Mr. Akhil, an Indian citizen got a job offer from M/s Wellbeing Inc., a Dubai- based company of AED 10,500 per month. He left for Dubai on 29.3.2025 and joined M/s Wellbeing Inc. on 1st April 2025. He returned to India on 15.12.2025 on leaves for 15 days. On 23.12.2025, he went on 7 days tour to Bali with his wife and son. Thereafter, he directly went to Dubai with his wife and son. On 16.12.2025, he purchased a tour package for Bali from Make Your Trip, an Indian tour operator for which he paid ` 7,50,000 towards flight tickets and hotel accommodation. During F.Y. 2025-26, he has business income of ` 4,20,000 from a retail shop in India and interest on fixed deposit and savings account with Canara Bank of ` 1,20,000 and ` 8,000, respectively. He is not liable to pay any tax in Dubai. Assume 1 AED = ` 23.","Does Make Your Trip require to collect tax at source on the amount received for tour package to Bali from Mr. Akhil? If so, what is the amount of tax to be collected?","Yes; ` 2,500 is required to be collected at source","Yes; ` 37,500 is required to be collected at source","Yes; ` 45,000 is required to be collected at source",No tax is required to be collected at source,D,"As per Notification No. 99/2022, dated 17.08.2022, provisions of section 206C(1G) would not be applicable to a person (being a buyer) who is a non-resident in terms of section 6. Since Mr. Akhil is a non-resident as per section 6, provisions of section 206C(1G) pertaining to TCS on overseas tour programme package shall not be applicable to him."
27,5,"The following details pertain to Mr. Sahil and his best friend Mr. Akhil: Mr. Sahil Particulars Amount (`) Amount remitted to his elder son Aarav, who is pursuing two-year MBA Program from Columbia University, USA - Out of own savings through HDFC Bank, an authorized dealer under Liberalized Remittance Scheme (LRS) of the RBI • towards tuition fees on 5.7.2025 3,50,000 • to meet day to day expenses for study purposes - 10.5.2025 - 29.9.2025 - 01.1.2026 1,20,000 90,000 1,35,000 - Through Axis Bank, an authorized dealer under Liberalized Remittance Scheme (LRS) out of • loan (towards tuition fees) on - 11.10.2025 - 10.01.2026 • Own savings (to meet day to day expenses) on 1.7.2025 3,50,000 3,50,000 4,50,000 To complete the formalities of admission, Mr. Sahil visited the USA from 10.4.2025 to 13.4.2025 for which he purchased a tour package from M/s Gate 2 Travel, a foreign tour operator and remits money under LRS on 5.4.2025. International travel tickets and hotel accommodation are included in the said package. 5,20,000 Mr. Sahil has furnished undertakings containing the details of earlier remittances to HDFC bank and Axis bank. He has also furnished his PAN to the authorized dealers and to the seller of overseas tour program package. Mr. Akhil Mr. Akhil, an Indian citizen got a job offer from M/s Wellbeing Inc., a Dubai- based company of AED 10,500 per month. He left for Dubai on 29.3.2025 and joined M/s Wellbeing Inc. on 1st April 2025. He returned to India on 15.12.2025 on leaves for 15 days. On 23.12.2025, he went on 7 days tour to Bali with his wife and son. Thereafter, he directly went to Dubai with his wife and son. On 16.12.2025, he purchased a tour package for Bali from Make Your Trip, an Indian tour operator for which he paid ` 7,50,000 towards flight tickets and hotel accommodation. During F.Y. 2025-26, he has business income of ` 4,20,000 from a retail shop in India and interest on fixed deposit and savings account with Canara Bank of ` 1,20,000 and ` 8,000, respectively. He is not liable to pay any tax in Dubai. Assume 1 AED = ` 23.",What is the total income of Mr. Akhil for the A.Y. 2026-27? Assume he has shifted out of the default tax regime u/s 115BAC.,"` 33,88,000","` 5,48,000","` 33,96,000","` 5,40,000",D,"Business Income = ` 4,20,000 Income under other sources =` 1,20,000 (Interest on FD) + ` 8,000 (Saving Bank Interest) Gross total Income = ` 5,48,000 Deduction u/s 80TTA = ` 8,000 Total income = ` 5,40,000"
27,6,"The following details pertain to Mr. Sahil and his best friend Mr. Akhil: Mr. Sahil Particulars Amount (`) Amount remitted to his elder son Aarav, who is pursuing two-year MBA Program from Columbia University, USA - Out of own savings through HDFC Bank, an authorized dealer under Liberalized Remittance Scheme (LRS) of the RBI • towards tuition fees on 5.7.2025 3,50,000 • to meet day to day expenses for study purposes - 10.5.2025 - 29.9.2025 - 01.1.2026 1,20,000 90,000 1,35,000 - Through Axis Bank, an authorized dealer under Liberalized Remittance Scheme (LRS) out of • loan (towards tuition fees) on - 11.10.2025 - 10.01.2026 • Own savings (to meet day to day expenses) on 1.7.2025 3,50,000 3,50,000 4,50,000 To complete the formalities of admission, Mr. Sahil visited the USA from 10.4.2025 to 13.4.2025 for which he purchased a tour package from M/s Gate 2 Travel, a foreign tour operator and remits money under LRS on 5.4.2025. International travel tickets and hotel accommodation are included in the said package. 5,20,000 Mr. Sahil has furnished undertakings containing the details of earlier remittances to HDFC bank and Axis bank. He has also furnished his PAN to the authorized dealers and to the seller of overseas tour program package. Mr. Akhil Mr. Akhil, an Indian citizen got a job offer from M/s Wellbeing Inc., a Dubai- based company of AED 10,500 per month. He left for Dubai on 29.3.2025 and joined M/s Wellbeing Inc. on 1st April 2025. He returned to India on 15.12.2025 on leaves for 15 days. On 23.12.2025, he went on 7 days tour to Bali with his wife and son. Thereafter, he directly went to Dubai with his wife and son. On 16.12.2025, he purchased a tour package for Bali from Make Your Trip, an Indian tour operator for which he paid ` 7,50,000 towards flight tickets and hotel accommodation. During F.Y. 2025-26, he has business income of ` 4,20,000 from a retail shop in India and interest on fixed deposit and savings account with Canara Bank of ` 1,20,000 and ` 8,000, respectively. He is not liable to pay any tax in Dubai. Assume 1 AED = ` 23.",What would be the amount of the tax liability (computed in the most beneficial manner) of Mr. Akhil for the A.Y. 2026-27?,"` 7,47,550","` 12,900","` 7,700","` 12,480",C,"Tax on ` 5,40,000 under normal provisions = ` 21,320. Tax on ` 5,48,000 under default tax regime = ` 7,700"
28,1,"Sharma Pvt. Ltd. (“S”) files its return of income for the P.Y. 2025-26 on 30th September 2026 declaring loss of ` 18,00,000. The rate of income-tax applicable to the company is 25%. The tax auditor of S, in his audit report submitted under section 44AB, has reported a disallowance of ` 2,80,000 towards personal expenditure of directors as no evidence was produced by S in support of this expenditure. However, S did not disallow the same in its computation and return of income. The return of income was processed by the Centralised Processing Centre making an addition of ` 2,80,000 towards personal expenditure and the loss u/s 143(1) was computed at ` 15,20,000. The return of income was selected for scrutiny assessment and by order passed u/s 143(3), the loss as per normal provisions was reduced to ` 11,60,000 by making an addition of ` 3,60,000. The assessment was reopened u/s 147 and by order passed u/s 147, the loss as per preceding order u/s 143(3) was converted into income of ` 3,20,000.","Which of the following statements regarding penalty on addition of ` 2,80,000 towards personal expenditure is correct? (i) Since S has claimed deduction of amount incurred towards personal expenditure of directors, S shall be considered to have under-reported its income. (ii) The under-reporting on account of claiming personal expenditure of directors as deduction can be construed as misreporting of income as it is a claim of expenditure not substantiated by any evidence. (iii) Since addition of ` 2,80,000 is an adjustment referred to in section 143(1)(a), no penalty is leviable in respect of this addition. (iv) No penalty is leviable if S offers an explanation and the Assessing Officer is satisfied that the explanation is bona fide and S has disclosed all the material facts to substantiate the explanation offered.",(i) and (iv),(ii) and (iv),(iv) only,(iii) only,D,(iii) only
28,2,"Sharma Pvt. Ltd. (“S”) files its return of income for the P.Y. 2025-26 on 30th September 2026 declaring loss of ` 18,00,000. The rate of income-tax applicable to the company is 25%. The tax auditor of S, in his audit report submitted under section 44AB, has reported a disallowance of ` 2,80,000 towards personal expenditure of directors as no evidence was produced by S in support of this expenditure. However, S did not disallow the same in its computation and return of income. The return of income was processed by the Centralised Processing Centre making an addition of ` 2,80,000 towards personal expenditure and the loss u/s 143(1) was computed at ` 15,20,000. The return of income was selected for scrutiny assessment and by order passed u/s 143(3), the loss as per normal provisions was reduced to ` 11,60,000 by making an addition of ` 3,60,000. The assessment was reopened u/s 147 and by order passed u/s 147, the loss as per preceding order u/s 143(3) was converted into income of ` 3,20,000.","What is the amount of penalty leviable u/s 270A as a consequence of assessment u/s 147, if the addition was not on account of misreporting?","` 1,09,200","` 1,92,400","` 41,600","` 1,85,000",B,"As this is the case of under-reporting, the amount of penalty under section 270A will be 50% of the tax payable on the under-reported income. The amount of penalty will be = ` 14,80,000 (` 3,20,000 – (-` 11,60,000) x 25% x 104% x 50% = ` 1,92,400"
28,3,"Sharma Pvt. Ltd. (“S”) files its return of income for the P.Y. 2025-26 on 30th September 2026 declaring loss of ` 18,00,000. The rate of income-tax applicable to the company is 25%. The tax auditor of S, in his audit report submitted under section 44AB, has reported a disallowance of ` 2,80,000 towards personal expenditure of directors as no evidence was produced by S in support of this expenditure. However, S did not disallow the same in its computation and return of income. The return of income was processed by the Centralised Processing Centre making an addition of ` 2,80,000 towards personal expenditure and the loss u/s 143(1) was computed at ` 15,20,000. The return of income was selected for scrutiny assessment and by order passed u/s 143(3), the loss as per normal provisions was reduced to ` 11,60,000 by making an addition of ` 3,60,000. The assessment was reopened u/s 147 and by order passed u/s 147, the loss as per preceding order u/s 143(3) was converted into income of ` 3,20,000.","Assuming that the additions made in the order u/s 147 are not on account of misreporting of income but only on account of under- reporting, S seeks to claim immunity from imposition of penalty u/s 270A and initiation of proceedings u/s 276C of the Act by filing an application in this regard before the Assessing Officer. What are the other conditions that need to be satisfied by S in this regard? (i) Pay the tax and interest payable as per the order u/s section 147 within the period specified in the notice of demand. (ii) Pay the tax as per the order u/s section 147 within the period specified in the notice of demand. (iii) Contest the additions made in the order, after payment of tax and interest, within the period specified in the notice of demand. (iv) No appeal should be or should have been filed against the order. The correct answer is-",(ii) and (iv),(i) and (iv),(i) and (iii),(ii) and (iii),B,"As per section 270AA, an assessee may make an application to the Assessing Officer for grant of immunity from imposition of penalty under section 270A and initiation of proceedings under section 276C or section 276CC, if he pays the tax and interest payable as per the order of assessment under section 143(3) or reassessment under section 147, within the period specified in such notice of demand; and does not prefer an appeal against such assessment/reassessment order."
29,1,"Omega Inc., a Country F company, maintains an online web-platform through which it provides end user computer software through an End-user Licence Agreement (EULA). Trailor Ltd., an Indian company, has entered into a contract for ` 6.7 crores with Omega Inc., for the Financial Year 2025-26, which is approved by the Central Government. The broad terms of the EULA between the two companies are as follows- Grant of licence. Omega Inc. grants Trailor Ltd. a limited non-exclusive licence to install, use, access, display and run the click wrap web-based Computer Software (CWCS) on a single local hard disk(s) or other permanent storage media of one computer. Trailor Ltd. should not make CWCS available over a network where it could be used by multiple computers at the same time. Reservation of rights and ownership. Omega Inc. reserves all rights not expressly granted to Trailor Ltd. in this EULA. The CWCS is protected by copyright and other intellectual property laws and treaties. Omega Inc. owns the title, copyright and other intellectual property rights in the CWCS. The CWCS is licenced (only for use and not any other purpose), not sold. Omega Inc. does not have any offices outside Country F. Extract of Article 12 of India-Country F DTAA Royalties and Fees for Technical Services 1. Royalties and fees for technical services arising in a Contracting State and paid to a resident of the other Contracting State may be taxed in that other State. 2. However, such royalties and fees for technical services may also be taxed in the Contracting State in which they arise and according to the laws of that Contracting State, but if the recipient is the beneficial owner of the royalties or fees for technical services, the tax so charged shall not exceed 10 per cent. 3. The term ""royalties"" as used in this Article means payments of any kind received as a consideration for the use of, or the right to use : (a) any copyright of a literary, artistic or scientific work, including cinematograph film or films or tapes used for radio or television broadcasting, any patent, trade mark, design or model, plan, secret formula or process, or for information concerning industrial, commercial or scientific experience, including gains derived from the alienation of any such right, property or information","Is Trailor Ltd., India required to deduct tax at source on the payment made to Omega Inc.? If yes, what amount of tax is required to be deducted at source on the said payment?","Yes, Trailor Ltd. is required to deduct tax at source of ` 1,42,14,720.","No, Trailor Ltd. is not required to deduct tax at source.","Yes, Trailor Ltd. is required to deduct tax at source of ` 2,84,29,440.","Yes, Trailor Ltd. is required to deduct tax at source of ` 67,00,000",B,"As per the landmark judgement given in the Engineering Analysis case by the Supreme Court, such income will not be considered as Royalty as per the provisions of DTAA. Thus, as the income is not chargeable to tax, TDS shall not be applicable."
29,2,"Omega Inc., a Country F company, maintains an online web-platform through which it provides end user computer software through an End-user Licence Agreement (EULA). Trailor Ltd., an Indian company, has entered into a contract for ` 6.7 crores with Omega Inc., for the Financial Year 2025-26, which is approved by the Central Government. The broad terms of the EULA between the two companies are as follows- Grant of licence. Omega Inc. grants Trailor Ltd. a limited non-exclusive licence to install, use, access, display and run the click wrap web-based Computer Software (CWCS) on a single local hard disk(s) or other permanent storage media of one computer. Trailor Ltd. should not make CWCS available over a network where it could be used by multiple computers at the same time. Reservation of rights and ownership. Omega Inc. reserves all rights not expressly granted to Trailor Ltd. in this EULA. The CWCS is protected by copyright and other intellectual property laws and treaties. Omega Inc. owns the title, copyright and other intellectual property rights in the CWCS. The CWCS is licenced (only for use and not any other purpose), not sold. Omega Inc. does not have any offices outside Country F. Extract of Article 12 of India-Country F DTAA Royalties and Fees for Technical Services 1. Royalties and fees for technical services arising in a Contracting State and paid to a resident of the other Contracting State may be taxed in that other State. 2. However, such royalties and fees for technical services may also be taxed in the Contracting State in which they arise and according to the laws of that Contracting State, but if the recipient is the beneficial owner of the royalties or fees for technical services, the tax so charged shall not exceed 10 per cent. 3. The term ""royalties"" as used in this Article means payments of any kind received as a consideration for the use of, or the right to use : (a) any copyright of a literary, artistic or scientific work, including cinematograph film or films or tapes used for radio or television broadcasting, any patent, trade mark, design or model, plan, secret formula or process, or for information concerning industrial, commercial or scientific experience, including gains derived from the alienation of any such right, property or information","Would Trailor Ltd., India be required to deduct tax at source on the payment made to Omega Inc, if there was no DTAA between India and Country F? If so, what amount of tax is required to be deducted at source on the said payment?","Yes, Trailor Ltd. is required to deduct tax at source of ` 1,42,14,720.","No, Trailor Ltd. is not required to deduct tax at source, since such sum is not taxable in the hands of Omega Inc.","Yes, Trailor Ltd. is required to deduct tax at source of ` 2,84,29,440.","Yes, Trailor Ltd. is required to deduct tax at source of ` 71,07,360",A,"As there is no DTAA, the benefit of non-taxability of royalty cannot be claimed by the non-resident and the provisions of Income tax Act will apply. As per the Act, it is taxable as Royalty. Thus, tax is to be withheld as per the rates in force i.e. 20% plus surcharge@ 2% and HEC @4%."
29,3,"Omega Inc., a Country F company, maintains an online web-platform through which it provides end user computer software through an End-user Licence Agreement (EULA). Trailor Ltd., an Indian company, has entered into a contract for ` 6.7 crores with Omega Inc., for the Financial Year 2025-26, which is approved by the Central Government. The broad terms of the EULA between the two companies are as follows- Grant of licence. Omega Inc. grants Trailor Ltd. a limited non-exclusive licence to install, use, access, display and run the click wrap web-based Computer Software (CWCS) on a single local hard disk(s) or other permanent storage media of one computer. Trailor Ltd. should not make CWCS available over a network where it could be used by multiple computers at the same time. Reservation of rights and ownership. Omega Inc. reserves all rights not expressly granted to Trailor Ltd. in this EULA. The CWCS is protected by copyright and other intellectual property laws and treaties. Omega Inc. owns the title, copyright and other intellectual property rights in the CWCS. The CWCS is licenced (only for use and not any other purpose), not sold. Omega Inc. does not have any offices outside Country F. Extract of Article 12 of India-Country F DTAA Royalties and Fees for Technical Services 1. Royalties and fees for technical services arising in a Contracting State and paid to a resident of the other Contracting State may be taxed in that other State. 2. However, such royalties and fees for technical services may also be taxed in the Contracting State in which they arise and according to the laws of that Contracting State, but if the recipient is the beneficial owner of the royalties or fees for technical services, the tax so charged shall not exceed 10 per cent. 3. The term ""royalties"" as used in this Article means payments of any kind received as a consideration for the use of, or the right to use : (a) any copyright of a literary, artistic or scientific work, including cinematograph film or films or tapes used for radio or television broadcasting, any patent, trade mark, design or model, plan, secret formula or process, or for information concerning industrial, commercial or scientific experience, including gains derived from the alienation of any such right, property or information","What would be the tax liability of Omega Inc. if there is no DTAA between India and Country F, and it incurred ` 20,00,000 for providing end-user software to Trailor Ltd.?","` 1,42,14,720.",Nil,"` 2,84,29,440.","` 1,37,90,400",A,"As per section 115A, royalty income of a non-resident received from the Indian concern in pursuance of an agreement made by the non-resident with the Indian concern and the agreement is approved by the Central Government will be taxable @20% plus surcharge@ 2% and HEC @4%."
29,4,"Omega Inc., a Country F company, maintains an online web-platform through which it provides end user computer software through an End-user Licence Agreement (EULA). Trailor Ltd., an Indian company, has entered into a contract for ` 6.7 crores with Omega Inc., for the Financial Year 2025-26, which is approved by the Central Government. The broad terms of the EULA between the two companies are as follows- Grant of licence. Omega Inc. grants Trailor Ltd. a limited non-exclusive licence to install, use, access, display and run the click wrap web-based Computer Software (CWCS) on a single local hard disk(s) or other permanent storage media of one computer. Trailor Ltd. should not make CWCS available over a network where it could be used by multiple computers at the same time. Reservation of rights and ownership. Omega Inc. reserves all rights not expressly granted to Trailor Ltd. in this EULA. The CWCS is protected by copyright and other intellectual property laws and treaties. Omega Inc. owns the title, copyright and other intellectual property rights in the CWCS. The CWCS is licenced (only for use and not any other purpose), not sold. Omega Inc. does not have any offices outside Country F. Extract of Article 12 of India-Country F DTAA Royalties and Fees for Technical Services 1. Royalties and fees for technical services arising in a Contracting State and paid to a resident of the other Contracting State may be taxed in that other State. 2. However, such royalties and fees for technical services may also be taxed in the Contracting State in which they arise and according to the laws of that Contracting State, but if the recipient is the beneficial owner of the royalties or fees for technical services, the tax so charged shall not exceed 10 per cent. 3. The term ""royalties"" as used in this Article means payments of any kind received as a consideration for the use of, or the right to use : (a) any copyright of a literary, artistic or scientific work, including cinematograph film or films or tapes used for radio or television broadcasting, any patent, trade mark, design or model, plan, secret formula or process, or for information concerning industrial, commercial or scientific experience, including gains derived from the alienation of any such right, property or information","Would Omega Inc. required to file return of Income for the A.Y. 2026-27, if there is no DTAA between India and Country F?","Yes, required to file return of income, since the said income is chargeable to tax in India.","No, not required to file return of income, since the said income is not chargeable to tax in India.","Yes, required to file return of income, even if the said income is not chargeable to tax in India as information of income arising from India is to be disclosed in return.","No, not required to file return of income, if Trailor Ltd. deducted tax at source on such income.",D,"As per section 115A, it shall not be necessary for the assessee to furnish a return of income if the following conditions are satisfied: (a) The total income consists of only royalty; and (b) Tax deductible at source has been deducted from such income and the rate of such deduction is not less than the rate of 20%."
30,1,"The following information pertains to Mr. Apoorv, an Indian citizen and non- resident in India, for the previous year 2025-26: (i) Dividend from TPO Ltd., an Indian Company (gross) of ` 1,30,000. (ii) Interest on debentures of SLP Pvt. Ltd. (subscribed in convertible foreign exchange) of ` 1,35,000 (gross). (iii) He incurred interest on loan taken for purchase of shares of TPO Ltd. and for purchase of debentures of SLP Pvt. Ltd. of ` 30,000 and ` 20,000, respectively. (iv) On 15th March 2026, he sold debentures of Fix Ltd. for ` 18,25,000 which were subscribed in convertible foreign exchange on 10th June 2004 in dollars equivalent to ` 4,65,000. He paid commission to broker of ` 7,000 at the time of sale. (v) On 30th April, 2026, he reinvested the sale proceeds of debentures of ` 4,80,000 for purchase of listed shares of an Indian company, Fly High Ltd. Cost Inflation Index: F.Y. 2004-05 - 113; F.Y.2025-26 – 376.",What is the amount of dividend taxable in the hands of Mr. Apoorv and at what rate TPO Ltd. is required to deduct tax at source on dividend income distributed to Mr. Apoorv?,"` 1,30,000 and 10%","` 1,04,000 and 10%","` 1,00,000 and 20.8%","` 1,30,000 and 20.8%",D,"Section 195 requires deduction on any other sum chargeable under the provisions of this Act at the rates in force. Further, section 115A provides that the income in the nature of dividend in the hands of non-residents to be taxed at the rate of 20%, plus surcharge (if applicable) and HEC. Moreover, no deduction under section 57 shall be allowed from the dividend income."
30,2,"The following information pertains to Mr. Apoorv, an Indian citizen and non- resident in India, for the previous year 2025-26: (i) Dividend from TPO Ltd., an Indian Company (gross) of ` 1,30,000. (ii) Interest on debentures of SLP Pvt. Ltd. (subscribed in convertible foreign exchange) of ` 1,35,000 (gross). (iii) He incurred interest on loan taken for purchase of shares of TPO Ltd. and for purchase of debentures of SLP Pvt. Ltd. of ` 30,000 and ` 20,000, respectively. (iv) On 15th March 2026, he sold debentures of Fix Ltd. for ` 18,25,000 which were subscribed in convertible foreign exchange on 10th June 2004 in dollars equivalent to ` 4,65,000. He paid commission to broker of ` 7,000 at the time of sale. (v) On 30th April, 2026, he reinvested the sale proceeds of debentures of ` 4,80,000 for purchase of listed shares of an Indian company, Fly High Ltd. Cost Inflation Index: F.Y. 2004-05 - 113; F.Y.2025-26 – 376.","Assuming for the purpose of this MCQ that Mr. Apoorv is a resident in India for the P.Y. 2025-26, determine the amount of dividend taxable in his hands and at what rate TPO Ltd. is required to deduct tax at source on dividend income distributed to him?","` 1,30,000 and 10%","` 1,04,000 and 10%","` 1,00,000 and 20%","` 1,30,000 and 20%",B,"If Mr. Apoorv is resident, the TDS shall be deducted as per section 194 i.e. @ 10%. Further, as per section 56 and 57, the income shall be taxed under the head other sources and the assessee can claim deduction of the interest expense out of such dividend income. However, maximum amount allowed as deduction shall be 20% of such dividend income. Thus, the taxable dividend income will be ` 1,04,000"
30,3,"The following information pertains to Mr. Apoorv, an Indian citizen and non- resident in India, for the previous year 2025-26: (i) Dividend from TPO Ltd., an Indian Company (gross) of ` 1,30,000. (ii) Interest on debentures of SLP Pvt. Ltd. (subscribed in convertible foreign exchange) of ` 1,35,000 (gross). (iii) He incurred interest on loan taken for purchase of shares of TPO Ltd. and for purchase of debentures of SLP Pvt. Ltd. of ` 30,000 and ` 20,000, respectively. (iv) On 15th March 2026, he sold debentures of Fix Ltd. for ` 18,25,000 which were subscribed in convertible foreign exchange on 10th June 2004 in dollars equivalent to ` 4,65,000. He paid commission to broker of ` 7,000 at the time of sale. (v) On 30th April, 2026, he reinvested the sale proceeds of debentures of ` 4,80,000 for purchase of listed shares of an Indian company, Fly High Ltd. Cost Inflation Index: F.Y. 2004-05 - 113; F.Y.2025-26 – 376.",What is the amount of interest on debentures of SLP Pvt. Ltd. taxable in the hands of Mr. Apoorv and at what rate? Ignore surcharge and cess.,"` 1,35,000 taxable @20%","` 1,05,000 taxable @20%","` 1,08,000 taxable at slab rates","` 1,05,000 taxable at slab rates",A,"Section 115A provides that the income in the nature of interest received from the Government or an Indian concern on monies borrowed or debt incurred by the Government /Indian concern in foreign currency in the hands of non-residents to be taxed at the rate of 20%. Further, no deduction under section 57 shall be allowed from the interest income. In this case, Mr. Apoorv is a non-resident earning income of ` 1,35,000 on account of interest on debenture from SLP Pvt. Ltd. Accordingly, such income is taxed at the rate of 20%."
30,4,"The following information pertains to Mr. Apoorv, an Indian citizen and non- resident in India, for the previous year 2025-26: (i) Dividend from TPO Ltd., an Indian Company (gross) of ` 1,30,000. (ii) Interest on debentures of SLP Pvt. Ltd. (subscribed in convertible foreign exchange) of ` 1,35,000 (gross). (iii) He incurred interest on loan taken for purchase of shares of TPO Ltd. and for purchase of debentures of SLP Pvt. Ltd. of ` 30,000 and ` 20,000, respectively. (iv) On 15th March 2026, he sold debentures of Fix Ltd. for ` 18,25,000 which were subscribed in convertible foreign exchange on 10th June 2004 in dollars equivalent to ` 4,65,000. He paid commission to broker of ` 7,000 at the time of sale. (v) On 30th April, 2026, he reinvested the sale proceeds of debentures of ` 4,80,000 for purchase of listed shares of an Indian company, Fly High Ltd. Cost Inflation Index: F.Y. 2004-05 - 113; F.Y.2025-26 – 376.","What would be the amount of long-term capital gains taxable in the hands of Mr. Apoorv on sale of debentures of Fix Ltd., as per the provisions of Chapter XII-A of the Income-tax Act, 1961? Ignore the effect of first proviso to section 48 (benefit of foreign currency conversion).","` 13,53,000","` 9,95,772","` 9,97,142","` 13,60,000",B,"Sale consideration = ` 18,25,000 Less: Transfer Exp = ` 7,000 Net sale consideration = ` 18,18,000 Less: Cost of acquisition = ` 4,65,000 Long term capital gain = ` 13,53,000 Exemption u/s 115F = ` 13,53,000 x ` 4,80,000/` 18,18,000 = ` 3,57,228 LTCG chargeable to tax = ` 9,95,772"
30,5,"The following information pertains to Mr. Apoorv, an Indian citizen and non- resident in India, for the previous year 2025-26: (i) Dividend from TPO Ltd., an Indian Company (gross) of ` 1,30,000. (ii) Interest on debentures of SLP Pvt. Ltd. (subscribed in convertible foreign exchange) of ` 1,35,000 (gross). (iii) He incurred interest on loan taken for purchase of shares of TPO Ltd. and for purchase of debentures of SLP Pvt. Ltd. of ` 30,000 and ` 20,000, respectively. (iv) On 15th March 2026, he sold debentures of Fix Ltd. for ` 18,25,000 which were subscribed in convertible foreign exchange on 10th June 2004 in dollars equivalent to ` 4,65,000. He paid commission to broker of ` 7,000 at the time of sale. (v) On 30th April, 2026, he reinvested the sale proceeds of debentures of ` 4,80,000 for purchase of listed shares of an Indian company, Fly High Ltd. Cost Inflation Index: F.Y. 2004-05 - 113; F.Y.2025-26 – 376.","Assuming for the purpose of this MCQ that Mr. Apoorv is a resident in India for the previous year 2025-26, what would be the amount of taxable capital gains on sale of debentures of Fix Ltd. in the hands of Mr. Apoorv?","` 13,53,000","` 3,85,965","` 9,95,772","` 13,60,000",A,"Sale consideration = ` 18,25,000 Less: Transfer Exp = ` 7,000 Net sale consideration = ` 18,18,000 Less: Cost of acquisition = ` 4,65,000 Long term capital gain = ` 13,53,000"
31,1,"Falcon Ltd of Country X is an associated enterprise of Max Inc. of USA. Falcon Ltd. has a branch in India since 2010. It was selling goods to Indian customers by importing from various countries besides sale in India of goods manufactured by it in Country X. The adjusted total income of the Indian branch of Falcon Ltd for the year ended 31st March, 2026 is ` 80 lakhs. The branch incurred ` 12 lakhs by way of executive and general administrative expenditure during the financial year 2025-26. The head office has allocated ` 18 lakhs as the branch's share of head office expenditure including the expenditure of ` 12 lakhs incurred by the branch. A survey under section 133A of the Act was conducted in its branch premises in January, 2026 and undisclosed assets of ` 90 lakhs were found. Assessment for the assessment year 2025-26 was completed by making addition of the entire undisclosed asset of ` 90 lakhs. The assessee preferred appeal before CIT (Appeals) who gave complete relief to the assessee. The Income-tax Department wants to file an appeal before ITAT. T (P) Ltd. an Indian company, a wholly owned subsidiary of Falcon Ltd., paid ` 50 lakhs to XYZ Inc. of Country M as fee for technical services. Services were rendered by the employees of the branch of XYZ Inc. in India. There is no DTAA between India and Country M. T(P) Ltd. has entered into certain international transactions during the P.Y. 2024-25 and P.Y. 2025-26. T (P) Ltd. invested in SS (P) Ltd of Country Y and received dividend of ` 550 lakhs during the financial year 2025-26. It declared and distributed an interim dividend of ` 250 lakhs on 10.11.2025 and a final dividend of ` 230 lakhs on 12.11.2026. T (P) Ltd. has filed its return of income on 15.11.2025 for A.Y. 2025-26 and on 30.11.2026 for A.Y. 2026-27.",How much tax to be deductible at source by T (P) Ltd on the fee for technical services paid to XYZ Inc.?,"` 20,80,000","` 20,00,000","` 18,20,000","` 10,40,000",C,"If income by way of FTS arising from the agreement made by the non- resident with the Indian company after 31.03.2003 & such non-resident carries business in India through PE and the right, property, or contract in respect of which FTS are paid is effectively connected with such permanent establishment, then section 44DA shall be applicable. In the present case, XYZ Inc fulfills the above condition. Accordingly, T (P) Ltd will deduct tax @36.4% (35% + 4% cess) on income of ` 50 lakhs"
31,2,"Falcon Ltd of Country X is an associated enterprise of Max Inc. of USA. Falcon Ltd. has a branch in India since 2010. It was selling goods to Indian customers by importing from various countries besides sale in India of goods manufactured by it in Country X. The adjusted total income of the Indian branch of Falcon Ltd for the year ended 31st March, 2026 is ` 80 lakhs. The branch incurred ` 12 lakhs by way of executive and general administrative expenditure during the financial year 2025-26. The head office has allocated ` 18 lakhs as the branch's share of head office expenditure including the expenditure of ` 12 lakhs incurred by the branch. A survey under section 133A of the Act was conducted in its branch premises in January, 2026 and undisclosed assets of ` 90 lakhs were found. Assessment for the assessment year 2025-26 was completed by making addition of the entire undisclosed asset of ` 90 lakhs. The assessee preferred appeal before CIT (Appeals) who gave complete relief to the assessee. The Income-tax Department wants to file an appeal before ITAT. T (P) Ltd. an Indian company, a wholly owned subsidiary of Falcon Ltd., paid ` 50 lakhs to XYZ Inc. of Country M as fee for technical services. Services were rendered by the employees of the branch of XYZ Inc. in India. There is no DTAA between India and Country M. T(P) Ltd. has entered into certain international transactions during the P.Y. 2024-25 and P.Y. 2025-26. T (P) Ltd. invested in SS (P) Ltd of Country Y and received dividend of ` 550 lakhs during the financial year 2025-26. It declared and distributed an interim dividend of ` 250 lakhs on 10.11.2025 and a final dividend of ` 230 lakhs on 12.11.2026. T (P) Ltd. has filed its return of income on 15.11.2025 for A.Y. 2025-26 and on 30.11.2026 for A.Y. 2026-27.",How much of the dividend received by T (P) Ltd would be liable to tax for the assessment year 2026-27?,` 70 lakhs,` 320 lakhs,` 300 lakhs,` 550 lakhs,C,"Deduction under 80M would be lower of an amount of dividend distributed till due date [i.e., one month prior to date of furnishing return u/s section 139(1)] or the dividend received. In this case, dividend income received is ` 550 lakhs and dividend distributed is ` 250 lakhs. Thus, deduction will be ` 250 lakhs. Therefore, the dividend liable to tax is ` 300 lakhs."
31,3,"Falcon Ltd of Country X is an associated enterprise of Max Inc. of USA. Falcon Ltd. has a branch in India since 2010. It was selling goods to Indian customers by importing from various countries besides sale in India of goods manufactured by it in Country X. The adjusted total income of the Indian branch of Falcon Ltd for the year ended 31st March, 2026 is ` 80 lakhs. The branch incurred ` 12 lakhs by way of executive and general administrative expenditure during the financial year 2025-26. The head office has allocated ` 18 lakhs as the branch's share of head office expenditure including the expenditure of ` 12 lakhs incurred by the branch. A survey under section 133A of the Act was conducted in its branch premises in January, 2026 and undisclosed assets of ` 90 lakhs were found. Assessment for the assessment year 2025-26 was completed by making addition of the entire undisclosed asset of ` 90 lakhs. The assessee preferred appeal before CIT (Appeals) who gave complete relief to the assessee. The Income-tax Department wants to file an appeal before ITAT. T (P) Ltd. an Indian company, a wholly owned subsidiary of Falcon Ltd., paid ` 50 lakhs to XYZ Inc. of Country M as fee for technical services. Services were rendered by the employees of the branch of XYZ Inc. in India. There is no DTAA between India and Country M. T(P) Ltd. has entered into certain international transactions during the P.Y. 2024-25 and P.Y. 2025-26. T (P) Ltd. invested in SS (P) Ltd of Country Y and received dividend of ` 550 lakhs during the financial year 2025-26. It declared and distributed an interim dividend of ` 250 lakhs on 10.11.2025 and a final dividend of ` 230 lakhs on 12.11.2026. T (P) Ltd. has filed its return of income on 15.11.2025 for A.Y. 2025-26 and on 30.11.2026 for A.Y. 2026-27.",How much of head office expenditure can be claimed by the Indian branch of Falcon Ltd for the assessment year 2026-27?,"` 4,00,000","` 6,00,000","` 12,00,000","` 18,00,000",A,"As per section 44C, lower of (5% of adjusted total income or the amount of Head Office expenditure incurred by the non-resident attributable to the business or profession in India). In this case, ` 4 lakhs being lower of [` 4 lakhs (5% of ` 80 lakhs) or ` 18 lakhs] will be allowed as deduction under section 44C."
31,4,"Falcon Ltd of Country X is an associated enterprise of Max Inc. of USA. Falcon Ltd. has a branch in India since 2010. It was selling goods to Indian customers by importing from various countries besides sale in India of goods manufactured by it in Country X. The adjusted total income of the Indian branch of Falcon Ltd for the year ended 31st March, 2026 is ` 80 lakhs. The branch incurred ` 12 lakhs by way of executive and general administrative expenditure during the financial year 2025-26. The head office has allocated ` 18 lakhs as the branch's share of head office expenditure including the expenditure of ` 12 lakhs incurred by the branch. A survey under section 133A of the Act was conducted in its branch premises in January, 2026 and undisclosed assets of ` 90 lakhs were found. Assessment for the assessment year 2025-26 was completed by making addition of the entire undisclosed asset of ` 90 lakhs. The assessee preferred appeal before CIT (Appeals) who gave complete relief to the assessee. The Income-tax Department wants to file an appeal before ITAT. T (P) Ltd. an Indian company, a wholly owned subsidiary of Falcon Ltd., paid ` 50 lakhs to XYZ Inc. of Country M as fee for technical services. Services were rendered by the employees of the branch of XYZ Inc. in India. There is no DTAA between India and Country M. T(P) Ltd. has entered into certain international transactions during the P.Y. 2024-25 and P.Y. 2025-26. T (P) Ltd. invested in SS (P) Ltd of Country Y and received dividend of ` 550 lakhs during the financial year 2025-26. It declared and distributed an interim dividend of ` 250 lakhs on 10.11.2025 and a final dividend of ` 230 lakhs on 12.11.2026. T (P) Ltd. has filed its return of income on 15.11.2025 for A.Y. 2025-26 and on 30.11.2026 for A.Y. 2026-27.",Can the Income-tax Department prefer appeal before ITAT in respect of the complete relief obtained by Falcon Ltd from CIT (Appeals)?,"No, as the tax liability is less than ` 60 lakhs","Yes, as the tax liability is more than ` 25 lakhs","Yes, as the tax liability is more than ` 60 lakhs","No, as the undisclosed asset is less than ` 100 lakhs",C,"As per Circular No. 09/2024 dated 17.9.2024, Appeals to ITAT shall be filed where the tax effect exceeds the monetary limit of ` 60 lakhs."
32,1,"A Ltd. is an Indian company which has invested in shares of other Indian and foreign companies. During the P.Y.2025-26, A Ltd. received dividend from these companies as follows: % of holding of A Ltd. Date of declaration of dividend by the company Date of distribution of dividend by the company Amount of dividend [Gross] (`) Interest expenditure on loan borrowed for investment in shares (`) B Ltd., an Indian company 10% 20.6.2025 3.7.2025 2,00,000 45,000 C Inc, a foreign company 22% 17.9.2025 12.10.2025 4,00,000 90,000 D Inc., a foreign company 30% 13.11.2025 28.11.2025 6,00,000 1,30,000 E Ltd., an Indian company 15% 14.1.2026 2.2.2026 3,20,000 70,000 A Ltd. declared and distributed dividend of ` 6 lakhs for the F.Y.2024-25 in June, 2025 and dividend of ` 7 lakhs for the F.Y.2025-26 in July, 2026 Mr. Aakash and Mr. Aarav are two brothers who have invested in shares of A Ltd. Both of them were born in India; their parents and grand parents were also born in India. Mr. Aakash is an Indian citizen who lives in Hyderabad. He is employed with a leading textile manufacturing unit at a salary of ` 1 lakh per month. His brother, Mr. Aarav is settled in Country Y since the year 2010. He is a citizen of Country Y and is a partner with a software development firm in Country Y. His share of profit in the Country Y firm for the F.Y. 2025-26 is CYD 1,20,000, which was credited to his bank account in Country Y. The value of one CYD may be taken as ` 25. He is not subject to income-tax in Country Y, since the share of profits of a firm is exempt in the hands of partners in Country Y. Mr. Aarav visits India for four months (in continuation) every year. He earns interest of ` 14 lakhs from fixed deposits with Bank of India. The details of investment in shares of A Ltd. by Mr. Aakash and Mr. Aarav are given below – Name of the shareholder % of holding Month of declaration & distribution of dividend Amt of dividend [Gross] (`) Interest expenditure on loan borrowed for investment in shares (`) Aakash 10% June, 2025 60,000 15,000 10% July, 2026 70,000 15,000 Aarav 15% June, 2025 90,000 20,000 15% July, 2026 1,05,000 20,000","What is the amount of dividend income includible in the gross total income of A Ltd. for A.Y.2026-27 under the provisions of the Income-tax Act, 1961?","` 11,85,000","` 12,16,000","` 13,15,000","` 13,36,000",B,"The dividend income is taxed under the head “income from other sources”. The interest expense is allowed as deduction from dividend income to the extent of 20% of such income. Accordingly, deduction would be allowed for ` 3,04,000 from ` 15,20,000."
32,2,"A Ltd. is an Indian company which has invested in shares of other Indian and foreign companies. During the P.Y.2025-26, A Ltd. received dividend from these companies as follows: % of holding of A Ltd. Date of declaration of dividend by the company Date of distribution of dividend by the company Amount of dividend [Gross] (`) Interest expenditure on loan borrowed for investment in shares (`) B Ltd., an Indian company 10% 20.6.2025 3.7.2025 2,00,000 45,000 C Inc, a foreign company 22% 17.9.2025 12.10.2025 4,00,000 90,000 D Inc., a foreign company 30% 13.11.2025 28.11.2025 6,00,000 1,30,000 E Ltd., an Indian company 15% 14.1.2026 2.2.2026 3,20,000 70,000 A Ltd. declared and distributed dividend of ` 6 lakhs for the F.Y.2024-25 in June, 2025 and dividend of ` 7 lakhs for the F.Y.2025-26 in July, 2026 Mr. Aakash and Mr. Aarav are two brothers who have invested in shares of A Ltd. Both of them were born in India; their parents and grand parents were also born in India. Mr. Aakash is an Indian citizen who lives in Hyderabad. He is employed with a leading textile manufacturing unit at a salary of ` 1 lakh per month. His brother, Mr. Aarav is settled in Country Y since the year 2010. He is a citizen of Country Y and is a partner with a software development firm in Country Y. His share of profit in the Country Y firm for the F.Y. 2025-26 is CYD 1,20,000, which was credited to his bank account in Country Y. The value of one CYD may be taken as ` 25. He is not subject to income-tax in Country Y, since the share of profits of a firm is exempt in the hands of partners in Country Y. Mr. Aarav visits India for four months (in continuation) every year. He earns interest of ` 14 lakhs from fixed deposits with Bank of India. The details of investment in shares of A Ltd. by Mr. Aakash and Mr. Aarav are given below – Name of the shareholder % of holding Month of declaration & distribution of dividend Amt of dividend [Gross] (`) Interest expenditure on loan borrowed for investment in shares (`) Aakash 10% June, 2025 60,000 15,000 10% July, 2026 70,000 15,000 Aarav 15% June, 2025 90,000 20,000 15% July, 2026 1,05,000 20,000",What is the deduction allowable under section 80M to A Ltd. for A.Y. 2026-27?,"` 6,00,000","` 7,00,000","` 9,20,000","` 12,16,000",D,"Deduction under 80M would be lower of an amount of dividend distributed till due date [i.e., one month prior to date of furnishing return u/s section 139(1)] or the dividend received. In this case, dividend income received included in the gross total income is ` 12,16,000 and dividend distributed is ` 13,00,000. Thus, deduction u/s 80M would be ` 12,16,000."
32,3,"A Ltd. is an Indian company which has invested in shares of other Indian and foreign companies. During the P.Y.2025-26, A Ltd. received dividend from these companies as follows: % of holding of A Ltd. Date of declaration of dividend by the company Date of distribution of dividend by the company Amount of dividend [Gross] (`) Interest expenditure on loan borrowed for investment in shares (`) B Ltd., an Indian company 10% 20.6.2025 3.7.2025 2,00,000 45,000 C Inc, a foreign company 22% 17.9.2025 12.10.2025 4,00,000 90,000 D Inc., a foreign company 30% 13.11.2025 28.11.2025 6,00,000 1,30,000 E Ltd., an Indian company 15% 14.1.2026 2.2.2026 3,20,000 70,000 A Ltd. declared and distributed dividend of ` 6 lakhs for the F.Y.2024-25 in June, 2025 and dividend of ` 7 lakhs for the F.Y.2025-26 in July, 2026 Mr. Aakash and Mr. Aarav are two brothers who have invested in shares of A Ltd. Both of them were born in India; their parents and grand parents were also born in India. Mr. Aakash is an Indian citizen who lives in Hyderabad. He is employed with a leading textile manufacturing unit at a salary of ` 1 lakh per month. His brother, Mr. Aarav is settled in Country Y since the year 2010. He is a citizen of Country Y and is a partner with a software development firm in Country Y. His share of profit in the Country Y firm for the F.Y. 2025-26 is CYD 1,20,000, which was credited to his bank account in Country Y. The value of one CYD may be taken as ` 25. He is not subject to income-tax in Country Y, since the share of profits of a firm is exempt in the hands of partners in Country Y. Mr. Aarav visits India for four months (in continuation) every year. He earns interest of ` 14 lakhs from fixed deposits with Bank of India. The details of investment in shares of A Ltd. by Mr. Aakash and Mr. Aarav are given below – Name of the shareholder % of holding Month of declaration & distribution of dividend Amt of dividend [Gross] (`) Interest expenditure on loan borrowed for investment in shares (`) Aakash 10% June, 2025 60,000 15,000 10% July, 2026 70,000 15,000 Aarav 15% June, 2025 90,000 20,000 15% July, 2026 1,05,000 20,000","What is the tax liability (rounded off) of Mr. Aakash for A.Y.2026-27 under the provisions of the Income-tax Act, 1961 if he wishes to make maximum tax savings (ignore TDS)?","` 1,04,830","` 1,03,580","` 1,78,780",` NIL,D,"The total income will be – Salary (Net of standard deduction of ` 75,000) ` 11,25,000 Other sources (` 60,000 – 20% of ` 60,000) ` 48,000 Total Income 11,73,000 Tax on total income of ` 11,73,000 as per section 115BAC is NIL due to rebate under section 87A Total income and tax liability under normal provisions of the Act is ` 11,98,000 and ` 1,78,780, respectively."
32,4,"A Ltd. is an Indian company which has invested in shares of other Indian and foreign companies. During the P.Y.2025-26, A Ltd. received dividend from these companies as follows: % of holding of A Ltd. Date of declaration of dividend by the company Date of distribution of dividend by the company Amount of dividend [Gross] (`) Interest expenditure on loan borrowed for investment in shares (`) B Ltd., an Indian company 10% 20.6.2025 3.7.2025 2,00,000 45,000 C Inc, a foreign company 22% 17.9.2025 12.10.2025 4,00,000 90,000 D Inc., a foreign company 30% 13.11.2025 28.11.2025 6,00,000 1,30,000 E Ltd., an Indian company 15% 14.1.2026 2.2.2026 3,20,000 70,000 A Ltd. declared and distributed dividend of ` 6 lakhs for the F.Y.2024-25 in June, 2025 and dividend of ` 7 lakhs for the F.Y.2025-26 in July, 2026 Mr. Aakash and Mr. Aarav are two brothers who have invested in shares of A Ltd. Both of them were born in India; their parents and grand parents were also born in India. Mr. Aakash is an Indian citizen who lives in Hyderabad. He is employed with a leading textile manufacturing unit at a salary of ` 1 lakh per month. His brother, Mr. Aarav is settled in Country Y since the year 2010. He is a citizen of Country Y and is a partner with a software development firm in Country Y. His share of profit in the Country Y firm for the F.Y. 2025-26 is CYD 1,20,000, which was credited to his bank account in Country Y. The value of one CYD may be taken as ` 25. He is not subject to income-tax in Country Y, since the share of profits of a firm is exempt in the hands of partners in Country Y. Mr. Aarav visits India for four months (in continuation) every year. He earns interest of ` 14 lakhs from fixed deposits with Bank of India. The details of investment in shares of A Ltd. by Mr. Aakash and Mr. Aarav are given below – Name of the shareholder % of holding Month of declaration & distribution of dividend Amt of dividend [Gross] (`) Interest expenditure on loan borrowed for investment in shares (`) Aakash 10% June, 2025 60,000 15,000 10% July, 2026 70,000 15,000 Aarav 15% June, 2025 90,000 20,000 15% July, 2026 1,05,000 20,000",What is the residential status of Mr. Aarav for A.Y.2026-27?,Resident and Ordinarily resident,Resident but not ordinarily resident,Non-resident,Deemed resident,C,"Since Mr. Arav does not satisfy any of the basic conditions of being a resident, he is a non-resident as per section 6(1). He is also not a deemed resident u/s 6(1A)."
32,5,"A Ltd. is an Indian company which has invested in shares of other Indian and foreign companies. During the P.Y.2025-26, A Ltd. received dividend from these companies as follows: % of holding of A Ltd. Date of declaration of dividend by the company Date of distribution of dividend by the company Amount of dividend [Gross] (`) Interest expenditure on loan borrowed for investment in shares (`) B Ltd., an Indian company 10% 20.6.2025 3.7.2025 2,00,000 45,000 C Inc, a foreign company 22% 17.9.2025 12.10.2025 4,00,000 90,000 D Inc., a foreign company 30% 13.11.2025 28.11.2025 6,00,000 1,30,000 E Ltd., an Indian company 15% 14.1.2026 2.2.2026 3,20,000 70,000 A Ltd. declared and distributed dividend of ` 6 lakhs for the F.Y.2024-25 in June, 2025 and dividend of ` 7 lakhs for the F.Y.2025-26 in July, 2026 Mr. Aakash and Mr. Aarav are two brothers who have invested in shares of A Ltd. Both of them were born in India; their parents and grand parents were also born in India. Mr. Aakash is an Indian citizen who lives in Hyderabad. He is employed with a leading textile manufacturing unit at a salary of ` 1 lakh per month. His brother, Mr. Aarav is settled in Country Y since the year 2010. He is a citizen of Country Y and is a partner with a software development firm in Country Y. His share of profit in the Country Y firm for the F.Y. 2025-26 is CYD 1,20,000, which was credited to his bank account in Country Y. The value of one CYD may be taken as ` 25. He is not subject to income-tax in Country Y, since the share of profits of a firm is exempt in the hands of partners in Country Y. Mr. Aarav visits India for four months (in continuation) every year. He earns interest of ` 14 lakhs from fixed deposits with Bank of India. The details of investment in shares of A Ltd. by Mr. Aakash and Mr. Aarav are given below – Name of the shareholder % of holding Month of declaration & distribution of dividend Amt of dividend [Gross] (`) Interest expenditure on loan borrowed for investment in shares (`) Aakash 10% June, 2025 60,000 15,000 10% July, 2026 70,000 15,000 Aarav 15% June, 2025 90,000 20,000 15% July, 2026 1,05,000 20,000","What is the tax liability (rounded off) of Mr. Aarav under the provisions of the Income-tax Act, 1961 for A.Y. 2026-27, if he wishes to make maximum tax savings (ignore TDS)?","` 2,69,880","` 2,60,520","` 1,12,320","` 1,07,640",C,"Total income = ` 90,000, dividend Income + ` 14,00,000, FD interest = ` 14,90,000 As he is a non-resident, the dividend will be taxed at 20%. Tax on total income of ` 14,90,000 as per section 115BAC is ` 1,12,320. Tax liability under normal provisions of the Act is ` 2,60,520."
33,1,"Mr. Subhash is a retailer of car spare parts. He started his business in May, 2022. His turnover for the P.Y. 2024-25 was ` 10.50 crores. He generally purchases goods from Car accessories & Co. only. Car accessories & Co. manufacturers and sells spare parts directly to the customers as well as through an e-commerce platform – CarParts.com. Car accessories & Co.’s turnover from the business for the P.Y. 2024-25 was ` 15 crores. The relevant information of purchases made by Mr. Subhash in P.Y. 2025-26 is given hereunder: Date of credit to account of Car accessories & Co. Date of Payment to Car accessories & Co. Value of spare parts without GST (`) GST @18% Total value of spare parts/ payment 15.05.2025 02.06.2025 45,00,000 8,10,000 53,10,000 18.06.2025 30.06.2025 15,00,000 2,70,000 17,70,000 28.08.2025 17.08.2025 21,50,000 3,87,000 25,37,000 14.02.2026 28.02.2026 10,50,000 1,89,000 12,39,000 In addition to the above, Mr. Subhash also purchased spare parts of Car accessories & Co. for ` 12,00,000 inclusive of GST@18% through CarParts.com on 31.12.2025. The payment was made directly to Car accessories & Co. on 15.1.2026. PAN is duly furnished by Mr. Subhash, Car accessories & Co. and CarParts.com. The GST portion is indicated separately in the invoice of Car accessories & Co. but it is not shown separately when the goods are purchased through CarParts.com.","Is Mr. Subhash required to deduct tax at source in respect of the purchase transactions made directly with Car accessories & Co. If yes, when and what is the amount of tax to be deducted at source?","Yes; ` 1,000 on 18.06.2025, ` 2,537 on 17.08.2025 and ` 1,050 on 14.02.2026","Yes; ` 2,537 on 17.08.2025 and ` 1,050 on 14.02.2026","Yes; ` 1,000 on 18.06.2025, ` 2,150 on 17.08.2025 and ` 1,050 on 14.02.2026","No, Mr. Subhash is not liable to deduct tax at source.",A,"As per section 194Q, the buyer who is responsible for purchase of goods of value exceeding ` 50 lakhs, he is required to deduct tax @0.1% of such sum exceeding ` 50,00,000 during a previous year. Buyer is a person whose turnover exceeds ` 10 crores during the financial year immediately preceding the financial year in which the purchase of goods is carried out. Tax is to be deducted at the time of credit of sum to the account of the seller or at the time of payment, whichever is earlier. In the present case, since Mr. Subhash is covered within the provisions of section 194Q, he will deduct tax @.1% on the purchase exceeding ` 50,00,000 from Car accessories & Co. Where tax is deducted at the time of credit of amount, it will be deducted on the amount credited (excluding GST) and where tax is deducted on payment, it will be deducted on the whole amount."
33,2,"Mr. Subhash is a retailer of car spare parts. He started his business in May, 2022. His turnover for the P.Y. 2024-25 was ` 10.50 crores. He generally purchases goods from Car accessories & Co. only. Car accessories & Co. manufacturers and sells spare parts directly to the customers as well as through an e-commerce platform – CarParts.com. Car accessories & Co.’s turnover from the business for the P.Y. 2024-25 was ` 15 crores. The relevant information of purchases made by Mr. Subhash in P.Y. 2025-26 is given hereunder: Date of credit to account of Car accessories & Co. Date of Payment to Car accessories & Co. Value of spare parts without GST (`) GST @18% Total value of spare parts/ payment 15.05.2025 02.06.2025 45,00,000 8,10,000 53,10,000 18.06.2025 30.06.2025 15,00,000 2,70,000 17,70,000 28.08.2025 17.08.2025 21,50,000 3,87,000 25,37,000 14.02.2026 28.02.2026 10,50,000 1,89,000 12,39,000 In addition to the above, Mr. Subhash also purchased spare parts of Car accessories & Co. for ` 12,00,000 inclusive of GST@18% through CarParts.com on 31.12.2025. The payment was made directly to Car accessories & Co. on 15.1.2026. PAN is duly furnished by Mr. Subhash, Car accessories & Co. and CarParts.com. The GST portion is indicated separately in the invoice of Car accessories & Co. but it is not shown separately when the goods are purchased through CarParts.com.","Assume that Mr. Subhash has started the retail business of car spare parts in May, 2025. In such case, would the answer of MCQ 1 be different? If yes, what would be the answer of MCQ 1?","No, the answer of MCQ 1 would be the same","Yes, the answer of MCQ 1 would change to (b).","Yes, the answer of MCQ 1 would change to (d).","Yes, the answer of MCQ 1 would change to (a).",C,"As per the clarification and guidelines issued on applicability of section 194Q since it is the first year of operation for Mr. Subash, section 194Q shall not apply on him."
33,3,"Mr. Subhash is a retailer of car spare parts. He started his business in May, 2022. His turnover for the P.Y. 2024-25 was ` 10.50 crores. He generally purchases goods from Car accessories & Co. only. Car accessories & Co. manufacturers and sells spare parts directly to the customers as well as through an e-commerce platform – CarParts.com. Car accessories & Co.’s turnover from the business for the P.Y. 2024-25 was ` 15 crores. The relevant information of purchases made by Mr. Subhash in P.Y. 2025-26 is given hereunder: Date of credit to account of Car accessories & Co. Date of Payment to Car accessories & Co. Value of spare parts without GST (`) GST @18% Total value of spare parts/ payment 15.05.2025 02.06.2025 45,00,000 8,10,000 53,10,000 18.06.2025 30.06.2025 15,00,000 2,70,000 17,70,000 28.08.2025 17.08.2025 21,50,000 3,87,000 25,37,000 14.02.2026 28.02.2026 10,50,000 1,89,000 12,39,000 In addition to the above, Mr. Subhash also purchased spare parts of Car accessories & Co. for ` 12,00,000 inclusive of GST@18% through CarParts.com on 31.12.2025. The payment was made directly to Car accessories & Co. on 15.1.2026. PAN is duly furnished by Mr. Subhash, Car accessories & Co. and CarParts.com. The GST portion is indicated separately in the invoice of Car accessories & Co. but it is not shown separately when the goods are purchased through CarParts.com.","Are the provisions of tax deduction/ collection at source attracted in respect of the transactions with CarParts.com? If yes, who has to deduct/ collect tax at source and at what rate?",Mr. Subhash is required to deduct tax at source on ` 12 lakhs @0.1%.,Car accessories & Co. is required to collect tax at source on ` 12 lakhs @0.1%.,CarParts.com is required to deduct tax at source on ` 12 lakhs @0.1%.,CarParts.com is required to deduct tax at source on ` 12 lakhs @1%.,C,"As per section 194-O, e-commerce operator is required to deduct tax at source on sale facilitated through its platform. Thus, in this case, TDS will apply on ` 12 lakhs as it is facilitated by e-commerce operator."
33,4,"Mr. Subhash is a retailer of car spare parts. He started his business in May, 2022. His turnover for the P.Y. 2024-25 was ` 10.50 crores. He generally purchases goods from Car accessories & Co. only. Car accessories & Co. manufacturers and sells spare parts directly to the customers as well as through an e-commerce platform – CarParts.com. Car accessories & Co.’s turnover from the business for the P.Y. 2024-25 was ` 15 crores. The relevant information of purchases made by Mr. Subhash in P.Y. 2025-26 is given hereunder: Date of credit to account of Car accessories & Co. Date of Payment to Car accessories & Co. Value of spare parts without GST (`) GST @18% Total value of spare parts/ payment 15.05.2025 02.06.2025 45,00,000 8,10,000 53,10,000 18.06.2025 30.06.2025 15,00,000 2,70,000 17,70,000 28.08.2025 17.08.2025 21,50,000 3,87,000 25,37,000 14.02.2026 28.02.2026 10,50,000 1,89,000 12,39,000 In addition to the above, Mr. Subhash also purchased spare parts of Car accessories & Co. for ` 12,00,000 inclusive of GST@18% through CarParts.com on 31.12.2025. The payment was made directly to Car accessories & Co. on 15.1.2026. PAN is duly furnished by Mr. Subhash, Car accessories & Co. and CarParts.com. The GST portion is indicated separately in the invoice of Car accessories & Co. but it is not shown separately when the goods are purchased through CarParts.com.","If Car accessories & Co. has not furnished his PAN to Mr. Subhash, what would be the rate of TDS for the purpose of MCQ 1.",5%,1%,0.1%,20%,A,"As per section 206AA, higher rate of TDS of 5% will apply for non- furnishing of PAN by Car accessories & Co."
34,1,"Trio Inc., a company incorporated in Country T, is engaged in manufacturing of computer hardware parts. Nice Ltd., an Indian Company, imports computer hardware parts from Trio Inc. During the previous year 2025-26, Nice Ltd. did not import any computer hardware parts from Trio Inc. On 1-4-2025, Nice Ltd. advanced a loan of ` 2.5 crores to Xylo Inc., an Australian company. As on the date of loan, the book value of total assets in the books of Xylo Inc. was ` 4.52 crores. Out of the ten directors of Xylo Inc., five are appointed by Nice Ltd. Xylo Inc. repaid the entire loan along with interest thereon on 31st March, 2026. On 9.11.2025, Trio Inc. sold 3,500 equity shares held by it in an Indian Company, XYZ Ltd. for ` 102 per share. These shares were bought by Trio Inc. on 15th April 2011 for ` 36.40 per share. Both the purchase and sale of shares were effected through a recognized stock exchange in India and STT is paid on purchase and sale. Fair Market Value of these shares on 31-01-2018 was ` 90 per share. CII for F.Y. 2011-12 – 182; F.Y. 2025-26 – 376. Nice Ltd. received the draft order from the Assessing Officer as per section 144C of the Income-tax Act, 1961 due to variations determined by the Transfer Pricing Officer in the arm’s length price for the A.Y. 2025-26. However, Nice Ltd. does not prefer to file the objection against the draft order before the Dispute Resolution Panel; Instead, it wants to file an appeal before the CIT (Appeals) under section 246A against the final order received from the Assessing Officer.","Are Nice Ltd. and Xylo Inc. associated enterprises? If so, why?","Yes, since loan advanced by Nice Ltd. to Xylo Inc. is not less than 51% of the book value of total assets of Xylo Inc.","Yes, since not less than 50% of the directors of Xylo Inc. are appointed by Nice Ltd.","Yes, due to either (a) or (b) above.","No, Nice Ltd. and Xylo Inc. are not associated enterprises, since the loan has been repaid before the end of the previous year i.e., before 31.3.2025.",A,"In the present case, Nice Ltd. and Xylo Inc are deemed associated enterprises as Nice Ltd advances loan of ` 2.5 crores to Xylo Inc. having book value of total assets of ` 4.52 crores which is not less than 51% of the book value of total assets of Xylo Inc."
34,2,"Trio Inc., a company incorporated in Country T, is engaged in manufacturing of computer hardware parts. Nice Ltd., an Indian Company, imports computer hardware parts from Trio Inc. During the previous year 2025-26, Nice Ltd. did not import any computer hardware parts from Trio Inc. On 1-4-2025, Nice Ltd. advanced a loan of ` 2.5 crores to Xylo Inc., an Australian company. As on the date of loan, the book value of total assets in the books of Xylo Inc. was ` 4.52 crores. Out of the ten directors of Xylo Inc., five are appointed by Nice Ltd. Xylo Inc. repaid the entire loan along with interest thereon on 31st March, 2026. On 9.11.2025, Trio Inc. sold 3,500 equity shares held by it in an Indian Company, XYZ Ltd. for ` 102 per share. These shares were bought by Trio Inc. on 15th April 2011 for ` 36.40 per share. Both the purchase and sale of shares were effected through a recognized stock exchange in India and STT is paid on purchase and sale. Fair Market Value of these shares on 31-01-2018 was ` 90 per share. CII for F.Y. 2011-12 – 182; F.Y. 2025-26 – 376. Nice Ltd. received the draft order from the Assessing Officer as per section 144C of the Income-tax Act, 1961 due to variations determined by the Transfer Pricing Officer in the arm’s length price for the A.Y. 2025-26. However, Nice Ltd. does not prefer to file the objection against the draft order before the Dispute Resolution Panel; Instead, it wants to file an appeal before the CIT (Appeals) under section 246A against the final order received from the Assessing Officer.","Compute the amount of long-term capital gains arising to Trio Inc. on transfer of listed shares of XYZ Ltd. What would be the tax treatment of such capital gains under the Income-tax Act, 1961?","` 42,000. The same would be taxable@12.5% u/s 112A","` 42,000. However, the said amount would not be subject to any tax.","No capital gain would arise, since cost of acquisition would be ` 102.","` 1,13,400; However, the said amount would not be subject to any tax.",B,"In the given case, the capital gain will be ` 42,000 [(` 102 - ` 90) x 3,500 shares). This is within the threshold of ` 1,25,000 u/s section 112A, therefore no tax is leviable."
34,3,"Trio Inc., a company incorporated in Country T, is engaged in manufacturing of computer hardware parts. Nice Ltd., an Indian Company, imports computer hardware parts from Trio Inc. During the previous year 2025-26, Nice Ltd. did not import any computer hardware parts from Trio Inc. On 1-4-2025, Nice Ltd. advanced a loan of ` 2.5 crores to Xylo Inc., an Australian company. As on the date of loan, the book value of total assets in the books of Xylo Inc. was ` 4.52 crores. Out of the ten directors of Xylo Inc., five are appointed by Nice Ltd. Xylo Inc. repaid the entire loan along with interest thereon on 31st March, 2026. On 9.11.2025, Trio Inc. sold 3,500 equity shares held by it in an Indian Company, XYZ Ltd. for ` 102 per share. These shares were bought by Trio Inc. on 15th April 2011 for ` 36.40 per share. Both the purchase and sale of shares were effected through a recognized stock exchange in India and STT is paid on purchase and sale. Fair Market Value of these shares on 31-01-2018 was ` 90 per share. CII for F.Y. 2011-12 – 182; F.Y. 2025-26 – 376. Nice Ltd. received the draft order from the Assessing Officer as per section 144C of the Income-tax Act, 1961 due to variations determined by the Transfer Pricing Officer in the arm’s length price for the A.Y. 2025-26. However, Nice Ltd. does not prefer to file the objection against the draft order before the Dispute Resolution Panel; Instead, it wants to file an appeal before the CIT (Appeals) under section 246A against the final order received from the Assessing Officer.","Which of the following statements are correct, in relation to the remedies available to Nice Ltd. under the Income-tax Act, 1961, if it is not satisfied with the draft order passed by the Assessing Officer?",It can file an objection before the Dispute Resolution Panel against the draft assessment order,It can file an appeal before CIT (Appeals) after getting the final assessment order,Either (a) or (b),Both (a) and (b),C,"Both options are available. Nice Ltd. is an eligible assessee and will be eligible to file objections to the DRP against the draft order of the Assessing Officer. Further, the assessee may also accept the variation at this stage and then file an appeal to the CIT(A) against the assessment order issued by the Assessing Officer."
35,1,"On 01.05.2025, ABC Ltd. (a listed co.) offered right shares in the ratio of 1:10 at a value of ` 50 per share. One of the shareholders, Mr. Sahil had 50,000 shares of ABC Ltd. on the date of offer of rights issue. He retains 30% of the rights and renounced balance right shares in favour of his friend, Mr. Jay for ` 15 per share on 28.05.2025. Mr. Sahil transferred 10,000 shares out of his original shares on 15.07.2025 for ` 65 per share. He had acquired these 10,000 shares at a cost of ` 2,38,000 on 21.6.2022. Further, Mr. Jay transferred the shares acquired from Mr. Sahil for ` 80 per share on 26.02.2026. XYZ Pvt. Ltd. bought back 80,000 shares on 14.12.2025 at a value of ` 200 per share. Such shares were issued for ` 20 per share (` 10, being the face value and ` 10, being premium) during the F.Y. 2012-13. Such bought back include 6,250 shares of Mr. Sahil (which he acquired on 28.5.2022 for ` 36.80 per share) and 250 shares of Mr. Rahul (which was inherited from his father). Rahul’s father acquired these shares on 24.5.2020 for ` 10 per share. Apart from this transaction, Mr. Rahul has income under head “Salaries” of ` 12,42,000 (computed), on which no tax is withheld by the employer. Assume Mr. Sahil does not have any other income for the P.Y. 2025-26. STT has been paid pertaining to the shares of ABC Ltd.",Compute the amount of capital gains arising in the hands of Mr. Sahil during the P.Y. 2025-26?,"Long-term capital gains of ` 1,82,000 and Short-term capital gains of ` 52,500","Long-term capital gains of ` 4,12,000 and Short-term capital gains of ` 52,500","Long-term capital gains of ` 2,87,000 and Short-term capital gains of ` 75,000","Long-term capital gains of ` 57,000 and Short-term capital gains of ` 52,500",A,"Long-term capital gain on 10,000 shares = ` 4,12,000 (` 6,50,000 – ` 2,38,000) Long-term capital loss of ` 2,30,000 (6,250 x 36.8) on buy back of shares can be set-off against LTCG of ` 4,12,000. Short-term capital gain on renouncement of right shares = ` 52,500 (3500 x ` 15)"
35,2,"On 01.05.2025, ABC Ltd. (a listed co.) offered right shares in the ratio of 1:10 at a value of ` 50 per share. One of the shareholders, Mr. Sahil had 50,000 shares of ABC Ltd. on the date of offer of rights issue. He retains 30% of the rights and renounced balance right shares in favour of his friend, Mr. Jay for ` 15 per share on 28.05.2025. Mr. Sahil transferred 10,000 shares out of his original shares on 15.07.2025 for ` 65 per share. He had acquired these 10,000 shares at a cost of ` 2,38,000 on 21.6.2022. Further, Mr. Jay transferred the shares acquired from Mr. Sahil for ` 80 per share on 26.02.2026. XYZ Pvt. Ltd. bought back 80,000 shares on 14.12.2025 at a value of ` 200 per share. Such shares were issued for ` 20 per share (` 10, being the face value and ` 10, being premium) during the F.Y. 2012-13. Such bought back include 6,250 shares of Mr. Sahil (which he acquired on 28.5.2022 for ` 36.80 per share) and 250 shares of Mr. Rahul (which was inherited from his father). Rahul’s father acquired these shares on 24.5.2020 for ` 10 per share. Apart from this transaction, Mr. Rahul has income under head “Salaries” of ` 12,42,000 (computed), on which no tax is withheld by the employer. Assume Mr. Sahil does not have any other income for the P.Y. 2025-26. STT has been paid pertaining to the shares of ABC Ltd.",Compute the amount of tax liability in the hands of Mr. Sahil for the A.Y. 2026-27. Assume Mr. Sahil is paying tax under section 115BAC.,Nil,"` 68,720","` 14,120","` 85,800",D,"Tax on LTCG of ` 1,82,000 @ 12.5% exceeding ` 1,25,000 = ` 7,125 Tax on Deemed Income on buy back of 6,250 shares of ` 12,50,000 plus STCG of ` 52,500 at the slab rate u/s 115BAC = ` 75,375. Total tax liability (including HEC) would be ` 85,800."
35,3,"On 01.05.2025, ABC Ltd. (a listed co.) offered right shares in the ratio of 1:10 at a value of ` 50 per share. One of the shareholders, Mr. Sahil had 50,000 shares of ABC Ltd. on the date of offer of rights issue. He retains 30% of the rights and renounced balance right shares in favour of his friend, Mr. Jay for ` 15 per share on 28.05.2025. Mr. Sahil transferred 10,000 shares out of his original shares on 15.07.2025 for ` 65 per share. He had acquired these 10,000 shares at a cost of ` 2,38,000 on 21.6.2022. Further, Mr. Jay transferred the shares acquired from Mr. Sahil for ` 80 per share on 26.02.2026. XYZ Pvt. Ltd. bought back 80,000 shares on 14.12.2025 at a value of ` 200 per share. Such shares were issued for ` 20 per share (` 10, being the face value and ` 10, being premium) during the F.Y. 2012-13. Such bought back include 6,250 shares of Mr. Sahil (which he acquired on 28.5.2022 for ` 36.80 per share) and 250 shares of Mr. Rahul (which was inherited from his father). Rahul’s father acquired these shares on 24.5.2020 for ` 10 per share. Apart from this transaction, Mr. Rahul has income under head “Salaries” of ` 12,42,000 (computed), on which no tax is withheld by the employer. Assume Mr. Sahil does not have any other income for the P.Y. 2025-26. STT has been paid pertaining to the shares of ABC Ltd.","Compute tax liability of Mr. Jay for the A.Y. 2026-27. Assume he has salary income of ` 4,25,000 (computed) and he has opted out of the default tax regime.",Nil,"` 7,020","` 4,290","` 6,750",B,"Tax on STCG arising from transfer of 3,500 shares of ` 52,500 taxable @20% = ` 10,500 Tax on other income = ` 8,750 Total tax = ` 6,750 (` 19,250 less rebate u/s 87A of ` 12,500) Tax liability = ` 7,020 (` 6,750 plus HEC @4%)"
35,4,"On 01.05.2025, ABC Ltd. (a listed co.) offered right shares in the ratio of 1:10 at a value of ` 50 per share. One of the shareholders, Mr. Sahil had 50,000 shares of ABC Ltd. on the date of offer of rights issue. He retains 30% of the rights and renounced balance right shares in favour of his friend, Mr. Jay for ` 15 per share on 28.05.2025. Mr. Sahil transferred 10,000 shares out of his original shares on 15.07.2025 for ` 65 per share. He had acquired these 10,000 shares at a cost of ` 2,38,000 on 21.6.2022. Further, Mr. Jay transferred the shares acquired from Mr. Sahil for ` 80 per share on 26.02.2026. XYZ Pvt. Ltd. bought back 80,000 shares on 14.12.2025 at a value of ` 200 per share. Such shares were issued for ` 20 per share (` 10, being the face value and ` 10, being premium) during the F.Y. 2012-13. Such bought back include 6,250 shares of Mr. Sahil (which he acquired on 28.5.2022 for ` 36.80 per share) and 250 shares of Mr. Rahul (which was inherited from his father). Rahul’s father acquired these shares on 24.5.2020 for ` 10 per share. Apart from this transaction, Mr. Rahul has income under head “Salaries” of ` 12,42,000 (computed), on which no tax is withheld by the employer. Assume Mr. Sahil does not have any other income for the P.Y. 2025-26. STT has been paid pertaining to the shares of ABC Ltd.","Whether the income arising on buy back of shares taxable in the hands of Mr. Rahul? If yes, what amount, and under which head it would be taxable?",Income from buy back of shares would be exempt in the hands of Mr. Rahul by virtue of section 10(34A).,"` 50,000 as deemed dividend under the head “Income from other sources” and long-term capital loss of ` 2,500 would arise.","` 47,500 as long-term capital gains under the head “Capital Gains”.","` 47,500 as deemed dividend under the head “Income from other sources”.",B,"On Buy-back of shares, the full value of consideration is deemed as dividend and taxable under the head “Income from other source”. Cost of acquisition is considered as capital loss."
35,5,"On 01.05.2025, ABC Ltd. (a listed co.) offered right shares in the ratio of 1:10 at a value of ` 50 per share. One of the shareholders, Mr. Sahil had 50,000 shares of ABC Ltd. on the date of offer of rights issue. He retains 30% of the rights and renounced balance right shares in favour of his friend, Mr. Jay for ` 15 per share on 28.05.2025. Mr. Sahil transferred 10,000 shares out of his original shares on 15.07.2025 for ` 65 per share. He had acquired these 10,000 shares at a cost of ` 2,38,000 on 21.6.2022. Further, Mr. Jay transferred the shares acquired from Mr. Sahil for ` 80 per share on 26.02.2026. XYZ Pvt. Ltd. bought back 80,000 shares on 14.12.2025 at a value of ` 200 per share. Such shares were issued for ` 20 per share (` 10, being the face value and ` 10, being premium) during the F.Y. 2012-13. Such bought back include 6,250 shares of Mr. Sahil (which he acquired on 28.5.2022 for ` 36.80 per share) and 250 shares of Mr. Rahul (which was inherited from his father). Rahul’s father acquired these shares on 24.5.2020 for ` 10 per share. Apart from this transaction, Mr. Rahul has income under head “Salaries” of ` 12,42,000 (computed), on which no tax is withheld by the employer. Assume Mr. Sahil does not have any other income for the P.Y. 2025-26. STT has been paid pertaining to the shares of ABC Ltd.",Compute total income and tax payable (after tax deducted at source on any other income other than salaries) by Mr. Rahul for the A.Y. 2026-27. Assume he is paying tax as per section 115BAC.,"Total Income – ` 12,92,000; Tax Payable – ` 71,750","Taxable Income – ` 12,89,500; Tax Payable – ` 76,360","Taxable Income – ` 12,92,000; Tax Payable – ` 76,750","Taxable Income – ` 12,89,500; Tax Payable – ` 71,360",A,"Total Income = ` 12,42,000 + ` 50,000 (deemed dividend) Tax = ` 71,752 (` 76,752 – ` 5,000 TDS on deemed dividend @10%)"
