Case_Study_ID,Question_ID,Scenario_Text,Question_Text,Option_A,Option_B,Option_C,Option_D,Correct_Option,Reasoning,,,,,,,,,,,,,,,,,,,,,,,,,,,,,,,,,,,
1,1,"IDT MCQs from S Valimbe

Extracted from Telegram Channel t.me/svalimbeclasses

This is only for study purpose so that I skip scrolling telegram

Kindly join the group and hit a like to his channel in youtube or other media if you liked it.

All MCQs are made by him or his team - i have merely scrapped it",Q: Which of the following is not a non-taxable item under GST?,Diesel,Aviation Turbine Fuel,Denatured ENA (industrial use),Alcohol for human consumption,C,Endenatured ENA used for manufacturing alcoholic liquor for human consumption is non-taxable.,,,,,,,,,,,,,,,,,,,,,,,,,,,,,,,,,,,
1,2,"IDT MCQs from S Valimbe

Extracted from Telegram Channel t.me/svalimbeclasses

This is only for study purpose so that I skip scrolling telegram

Kindly join the group and hit a like to his channel in youtube or other media if you liked it.

All MCQs are made by him or his team - i have merely scrapped it",Q: Ballu's turnover of intra state exclusive goods has crossed 40 Lacs. Ballu is a taxable person. True or false?,True,False,Blank,Blank,A,"Since he is liable to be registered u/s 22. Refer to definition of ""Taxable Person"" - 2(107)",,,,,,,,,,,,,,,,,,,,,,,,,,,,,,,,,,,
1,3,"IDT MCQs from S Valimbe

Extracted from Telegram Channel t.me/svalimbeclasses

This is only for study purpose so that I skip scrolling telegram

Kindly join the group and hit a like to his channel in youtube or other media if you liked it.

All MCQs are made by him or his team - i have merely scrapped it","Q: A rare collectible coin (not used to settle obligation to pay in transactions) is a ""good"" under GST.",True,False,Blank,Blank,A,"Since it's a currency held for numismatic value. Excluded from ""money"".",,,,,,,,,,,,,,,,,,,,,,,,,,,,,,,,,,,
1,4,"IDT MCQs from S Valimbe

Extracted from Telegram Channel t.me/svalimbeclasses

This is only for study purpose so that I skip scrolling telegram

Kindly join the group and hit a like to his channel in youtube or other media if you liked it.

All MCQs are made by him or his team - i have merely scrapped it","Q: Insurance Claim is a ""good"" as per the GST Law.",True,False,Blank,Blank,A,"It's an actionable claim. Apart from that, note that it would be ""non supply"" via Sch III, CGST.",,,,,,,,,,,,,,,,,,,,,,,,,,,,,,,,,,,
1,5,"IDT MCQs from S Valimbe

Extracted from Telegram Channel t.me/svalimbeclasses

This is only for study purpose so that I skip scrolling telegram

Kindly join the group and hit a like to his channel in youtube or other media if you liked it.

All MCQs are made by him or his team - i have merely scrapped it","Q: For any supply to be a composite supply under GST, there is a condition that there should be a ""single price"" for it.",True,False,Blank,Blank,B,"Single price condition is for mix supply, not a composite supply.",,,,,,,,,,,,,,,,,,,,,,,,,,,,,,,,,,,
1,6,"IDT MCQs from S Valimbe

Extracted from Telegram Channel t.me/svalimbeclasses

This is only for study purpose so that I skip scrolling telegram

Kindly join the group and hit a like to his channel in youtube or other media if you liked it.

All MCQs are made by him or his team - i have merely scrapped it","Q: I brought a AC, TV and a microwave from Reliance Digital. One invoice was made. I paid the total. Which type of supply is this?",Composite. Principal element rate shall apply,Mix. Highest tax rate shall apply,Neither. It's a case of single invoicing. Individual tax rates shall apply,Blank,C,This is not a bundle. Just merely a case of Single Invoicing.,,,,,,,,,,,,,,,,,,,,,,,,,,,,,,,,,,,
1,7,"IDT MCQs from S Valimbe

Extracted from Telegram Channel t.me/svalimbeclasses

This is only for study purpose so that I skip scrolling telegram

Kindly join the group and hit a like to his channel in youtube or other media if you liked it.

All MCQs are made by him or his team - i have merely scrapped it","Q: Aman's car met with an accident. He got it repaired from Astha Garage Co. Invoice was issued and amount paid. Since Aman had an insurance policy taken from Tata General Insurance, his amount was re-imbursed. Who is the recipient of repairs service?",Aman,Tata General Insurance,Will depend upon in whose name invoice is issued,Blank,B,"Focus on who is ""liable"" to pay consideration - Recipient definition. That's the Insurance company.",,,,,,,,,,,,,,,,,,,,,,,,,,,,,,,,,,,
1,8,"IDT MCQs from S Valimbe

Extracted from Telegram Channel t.me/svalimbeclasses

This is only for study purpose so that I skip scrolling telegram

Kindly join the group and hit a like to his channel in youtube or other media if you liked it.

All MCQs are made by him or his team - i have merely scrapped it",Q: A Ltd. Holds 26% equity in B Ltd. Are they related persons under GST? Note that A Ltd doesn't have any other decision making power in B Ltd business.,No,Yes since it's at least 25%,Blank,Blank,A,This is not control. And that 25% condition is when one person holds 25% or more of voting stock in 2 companies.,,,,,,,,,,,,,,,,,,,,,,,,,,,,,,,,,,,
1,9,"IDT MCQs from S Valimbe

Extracted from Telegram Channel t.me/svalimbeclasses

This is only for study purpose so that I skip scrolling telegram

Kindly join the group and hit a like to his channel in youtube or other media if you liked it.

All MCQs are made by him or his team - i have merely scrapped it",Q: Who is not a family from below under GST?,Independent son,Independent spouse,Dependent Father of spouse,Dependent brother,C,Spouse parents are not family. Doesn't matter if dependent or not.,,,,,,,,,,,,,,,,,,,,,,,,,,,,,,,,,,,
1,10,"IDT MCQs from S Valimbe

Extracted from Telegram Channel t.me/svalimbeclasses

This is only for study purpose so that I skip scrolling telegram

Kindly join the group and hit a like to his channel in youtube or other media if you liked it.

All MCQs are made by him or his team - i have merely scrapped it","Q: Astra Pipes Ltd. has principal place of business in Pune, MH. And Additional Place of Business in Mumbai, MH. Stock transfer from Pune place of business to Mumbai without consideration is a supply.",True,False,Blank,Blank,B,APOB - means separate registration is not obtained. It's a single registration in MH. And hence not a case of Distinct Persons.,,,,,,,,,,,,,,,,,,,,,,,,,,,,,,,,,,,
1,11,"IDT MCQs from S Valimbe

Extracted from Telegram Channel t.me/svalimbeclasses

This is only for study purpose so that I skip scrolling telegram

Kindly join the group and hit a like to his channel in youtube or other media if you liked it.

All MCQs are made by him or his team - i have merely scrapped it",Q: A is a DCA (del credere agent) of P. A sold goods to C. Invoice issued in the name of P. C defaults. A pays to P on C's behalf and is treated as a loan by A to C. Interest is charged on the loan as well. Which is the incorrect statement?,Loan by A to C is an independent supply on principal to principal basis,Interest is not a part of the valuation of goods by P to C,Interest is exempt from GST in this case,None. All are correct.,D,Because the invoice test has failed. 2 different transactions. Principal to Customer and DCA to Customer.,,,,,,,,,,,,,,,,,,,,,,,,,,,,,,,,,,,
1,12,"IDT MCQs from S Valimbe

Extracted from Telegram Channel t.me/svalimbeclasses

This is only for study purpose so that I skip scrolling telegram

Kindly join the group and hit a like to his channel in youtube or other media if you liked it.

All MCQs are made by him or his team - i have merely scrapped it",Q: Import of architectural services for a consideration for home renovation is a supply under GST?,Yes,No. It's not for business.,Can't answer. Need to know from whom it's being imported.,Can't answer. Need to know the amount of consideration.,A,"7(1)(b). Business or not - irrelevant. Don't think of Para 4, Sch I as this is not a case of no consideration.",,,,,,,,,,,,,,,,,,,,,,,,,,,,,,,,,,,
1,13,"IDT MCQs from S Valimbe

Extracted from Telegram Channel t.me/svalimbeclasses

This is only for study purpose so that I skip scrolling telegram

Kindly join the group and hit a like to his channel in youtube or other media if you liked it.

All MCQs are made by him or his team - i have merely scrapped it",Q: Mr. Aman and Mr. Boman are employees of Yugam Infra. Aman is a permanent employee. Boman is a casual employee. Both draw salary. Whose transaction is a supply under GST?,Aman's,Boman's,Both,Neither,D,"Both covered by Sch 3, Para 1 - Non Employee",,,,,,,,,,,,,,,,,,,,,,,,,,,,,,,,,,,
1,14,"IDT MCQs from S Valimbe

Extracted from Telegram Channel t.me/svalimbeclasses

This is only for study purpose so that I skip scrolling telegram

Kindly join the group and hit a like to his channel in youtube or other media if you liked it.

All MCQs are made by him or his team - i have merely scrapped it",Q: Service by Consumer Disputes Redressal Commission is not a supply i.e. any fees paid wrt a case is not liable to GST.,True,"False. It's not a tribunal, hence it's a supply",Blank,Blank,A,Clarified as such. It's not a tribunal but clothed with the same characteristics of a Tribunal.,,,,,,,,,,,,,,,,,,,,,,,,,,,,,,,,,,,
1,15,"IDT MCQs from S Valimbe

Extracted from Telegram Channel t.me/svalimbeclasses

This is only for study purpose so that I skip scrolling telegram

Kindly join the group and hit a like to his channel in youtube or other media if you liked it.

All MCQs are made by him or his team - i have merely scrapped it","Q; Insurance Claim is a ""good"", but it's transaction is not a ""supply"" under GST law.",True,False,Blank,Blank,A,"Since it's an actionable claim, but not a specified actionable claim.",,,,,,,,,,,,,,,,,,,,,,,,,,,,,,,,,,,
1,16,"IDT MCQs from S Valimbe

Extracted from Telegram Channel t.me/svalimbeclasses

This is only for study purpose so that I skip scrolling telegram

Kindly join the group and hit a like to his channel in youtube or other media if you liked it.

All MCQs are made by him or his team - i have merely scrapped it","Q: ABC Ins issued insurance policy to AZ Tech. Premium - Rs 1 Lac. ABC Ins trf part of risk to XYZ Insurance. Reinsurance premium charged by XYZ is Rs. 20,000. ABC deducts 2,000 ceding commission, pay 18K. Total GST on what amt? If XYZ pays GST on 20K","1,00,000","1,20,000","1,18,000","1,22,000",B,"2,000 Ceding commission - Sch 3, Para 10. Not a supply.",,,,,,,,,,,,,,,,,,,,,,,,,,,,,,,,,,,
1,17,"IDT MCQs from S Valimbe

Extracted from Telegram Channel t.me/svalimbeclasses

This is only for study purpose so that I skip scrolling telegram

Kindly join the group and hit a like to his channel in youtube or other media if you liked it.

All MCQs are made by him or his team - i have merely scrapped it","Profit Petroleum (share of gov in Production Sharing Contracts) is a consideration w.r.t a supply, but it's exempt from GST.",True,False. This is not a consideration. Not a supply.,Depends on amounts.,Blank,A,Cost petroleum is not a consideration. Profit Petroleum fulfills all parameters of supply.,,,,,,,,,,,,,,,,,,,,,,,,,,,,,,,,,,,
1,18,"IDT MCQs from S Valimbe

Extracted from Telegram Channel t.me/svalimbeclasses

This is only for study purpose so that I skip scrolling telegram

Kindly join the group and hit a like to his channel in youtube or other media if you liked it.

All MCQs are made by him or his team - i have merely scrapped it",Select the most correct option w.r.t taxability and nature of Priority Sector Lending Certificates?,Goods | Inter state | FCM,Goods | Inter State | RCM,Goods | Inter or Intra depends | RCM,None of above,B,Clarified to be goods. Igst applicable. Covered under RCM.,,,,,,,,,,,,,,,,,,,,,,,,,,,,,,,,,,,
1,19,"IDT MCQs from S Valimbe

Extracted from Telegram Channel t.me/svalimbeclasses

This is only for study purpose so that I skip scrolling telegram

Kindly join the group and hit a like to his channel in youtube or other media if you liked it.

All MCQs are made by him or his team - i have merely scrapped it",Q: Which of the following is a consideration under GST?,Penalty for violating the laws,Fixed charges for power,Cheque dishonour fine,None of above,D,None are considerations. None are for tolerating anything.,,,,,,,,,,,,,,,,,,,,,,,,,,,,,,,,,,,
1,20,"IDT MCQs from S Valimbe

Extracted from Telegram Channel t.me/svalimbeclasses

This is only for study purpose so that I skip scrolling telegram

Kindly join the group and hit a like to his channel in youtube or other media if you liked it.

All MCQs are made by him or his team - i have merely scrapped it",Q: Vouchers (as a pre-paid instrument) which are not recognised by RBI: Transactions in such vouchers is chargeable to GST?,Yes,"No: as it's ""money""",No: as it would be covered by Sch III,Blank,C,Since it's not recognised by RBI - it's not money. But it's a non specified actionable claim.,,,,,,,,,,,,,,,,,,,,,,,,,,,,,,,,,,,
1,21,"IDT MCQs from S Valimbe

Extracted from Telegram Channel t.me/svalimbeclasses

This is only for study purpose so that I skip scrolling telegram

Kindly join the group and hit a like to his channel in youtube or other media if you liked it.

All MCQs are made by him or his team - i have merely scrapped it",Q: Vandana Silk Ltd (registered) is a manufacturer of silk yarn from raw silk. It sold the yarn to Mr. Gopal (Registered in GST). Who will pay tax on such supply?,Vandana Silk Ltd under FCM,Mr. Gopal under RCM,It's a non taxable good,Blank,B,Manufacturer to Registered Person: RCM,,,,,,,,,,,,,,,,,,,,,,,,,,,,,,,,,,,
1,22,"IDT MCQs from S Valimbe

Extracted from Telegram Channel t.me/svalimbeclasses

This is only for study purpose so that I skip scrolling telegram

Kindly join the group and hit a like to his channel in youtube or other media if you liked it.

All MCQs are made by him or his team - i have merely scrapped it","Q: Raman GTA provided GTA service to a partnership firm (not registered under Partnership Act, and not registered under GST). Who will pay GST? (FCM option not availed by the GTA)",Raman GTA,Partnership firm,"No tax, since the firm is not registered under GST",Blank,B,"It's taxable since a firm is a ""specified recipient"". RCM applies. The firm shall have to take mandatory registration.",,,,,,,,,,,,,,,,,,,,,,,,,,,,,,,,,,,
1,23,"IDT MCQs from S Valimbe

Extracted from Telegram Channel t.me/svalimbeclasses

This is only for study purpose so that I skip scrolling telegram

Kindly join the group and hit a like to his channel in youtube or other media if you liked it.

All MCQs are made by him or his team - i have merely scrapped it","Q: GTA service provided to a Gov Department which is registered under GST, but solely for TDS compliance and not making any taxable supply. Who will pay GST?",GTA- FCM,Gov department - RCM,Exempt,Blank,C,Entry 21B - NN 12/2017. Question of FCM/RCM irrelevant since it's exempt.,,,,,,,,,,,,,,,,,,,,,,,,,,,,,,,,,,,
1,24,"IDT MCQs from S Valimbe

Extracted from Telegram Channel t.me/svalimbeclasses

This is only for study purpose so that I skip scrolling telegram

Kindly join the group and hit a like to his channel in youtube or other media if you liked it.

All MCQs are made by him or his team - i have merely scrapped it","Q: Aman sold goods to KRA Traders Ltd on FOR (Free on Road) basis. Aman is unregistered, whereas KRA Traders is registered under GST. GTA freight was paid for the time being by KRA Traders Ltd. GST on GTA Service?",Exempt,Taxable - FCM,Taxable - RCM,Blank,A,Recipient here is Aman as he is liable to pay the freight - it's a FOR basis transaction means Supplier has to arrange the transport. And since he is unreg individual - service is exempt from GST.,,,,,,,,,,,,,,,,,,,,,,,,,,,,,,,,,,,
1,25,"IDT MCQs from S Valimbe

Extracted from Telegram Channel t.me/svalimbeclasses

This is only for study purpose so that I skip scrolling telegram

Kindly join the group and hit a like to his channel in youtube or other media if you liked it.

All MCQs are made by him or his team - i have merely scrapped it",Q: A partnership firm sponsored a cricket tournament organised by a partnership firm. Who will pay GST on it?,Supplier,Recipient,Blank,Blank,B,Supplier is other than BC; Recipient is a partnership firm.,,,,,,,,,,,,,,,,,,,,,,,,,,,,,,,,,,,
1,26,"IDT MCQs from S Valimbe

Extracted from Telegram Channel t.me/svalimbeclasses

This is only for study purpose so that I skip scrolling telegram

Kindly join the group and hit a like to his channel in youtube or other media if you liked it.

All MCQs are made by him or his team - i have merely scrapped it",Q: Residential flat given on rent to Mr. Singh (unregistered) - an employee of a MNC. He stays with his family. He pays the rent. GST on rent?,Taxable - FCM,Exempt,Taxable - RCM,Need supplier status to answer this,B,Entry 12 all conditions satisfied.,,,,,,,,,,,,,,,,,,,,,,,,,,,,,,,,,,,
1,27,"IDT MCQs from S Valimbe

Extracted from Telegram Channel t.me/svalimbeclasses

This is only for study purpose so that I skip scrolling telegram

Kindly join the group and hit a like to his channel in youtube or other media if you liked it.

All MCQs are made by him or his team - i have merely scrapped it",Q: Residential flat given on rent to Mr. Singh (unregistered) - an employee of a MNC. Rent agreement is with the MNC company (registered under composition scheme) i.e. the Company pays the rent. GST on rent?,Taxable - FCM,Exempt,Taxable - RCM,Need supplier status,C,"Recipient here is a registered person, hence taxable. And RCM applicable. Composition scheme registration is not relevant for residential dwelling renting.",,,,,,,,,,,,,,,,,,,,,,,,,,,,,,,,,,,
1,28,"IDT MCQs from S Valimbe

Extracted from Telegram Channel t.me/svalimbeclasses

This is only for study purpose so that I skip scrolling telegram

Kindly join the group and hit a like to his channel in youtube or other media if you liked it.

All MCQs are made by him or his team - i have merely scrapped it",Q: Recovery agent provided services to a trader of goods. Who will pay GST?,Agent - FCM,Trader - RCM,Exempt,Blank,A,RCM is when recipient is a bank/financial institution/ nbfc.,,,,,,,,,,,,,,,,,,,,,,,,,,,,,,,,,,,
1,29,"IDT MCQs from S Valimbe

Extracted from Telegram Channel t.me/svalimbeclasses

This is only for study purpose so that I skip scrolling telegram

Kindly join the group and hit a like to his channel in youtube or other media if you liked it.

All MCQs are made by him or his team - i have merely scrapped it",Q: Central Government gave a commercial property on rent to LogiSol Ltd. (Previous year Agg t/o is Rs. 1 lac). Is the transaction taxable?,"Yes, GST applicable","No, exempt",Blank,Blank,A,Entry of exemption dealing with Recipient's last year turnover being upto registration threshold - excludes the service of renting of immovable property.,,,,,,,,,,,,,,,,,,,,,,,,,,,,,,,,,,,
1,30,"IDT MCQs from S Valimbe

Extracted from Telegram Channel t.me/svalimbeclasses

This is only for study purpose so that I skip scrolling telegram

Kindly join the group and hit a like to his channel in youtube or other media if you liked it.

All MCQs are made by him or his team - i have merely scrapped it",Q: Service by agent to business facilitator: FCM or RCM?,FCM,RCM,Blank,Blank,A,Agent to Business Correspondent - RCM,,,,,,,,,,,,,,,,,,,,,,,,,,,,,,,,,,,
1,31,"IDT MCQs from S Valimbe

Extracted from Telegram Channel t.me/svalimbeclasses

This is only for study purpose so that I skip scrolling telegram

Kindly join the group and hit a like to his channel in youtube or other media if you liked it.

All MCQs are made by him or his team - i have merely scrapped it",Q: Service by Agent to - Business Correspondent: FCM or RCM?,FCM,RCM,Exempt. No ques of FCM or RCM,Blank,B,"Insurance - Rural area - Agent services not exempt. Only BC, BF services exempt",,,,,,,,,,,,,,,,,,,,,,,,,,,,,,,,,,,
1,32,"IDT MCQs from S Valimbe

Extracted from Telegram Channel t.me/svalimbeclasses

This is only for study purpose so that I skip scrolling telegram

Kindly join the group and hit a like to his channel in youtube or other media if you liked it.

All MCQs are made by him or his team - i have merely scrapped it","Q: Security service (by way of security personnel) provided by BVG Security Ltd. (Unregistered) to a business entity (Registered in Delhi). Value is Rs. 1,00,000. GST is 18%. How much ITC shall the recipient claim?","18,000","No ITC, since no GST in the transaction",Need exact status of the business entity (company or firm or llp) to answer this,Blank,B,"RCM NA since the supplier is a body corporate. Since the supplier company is unregistered - means it won't charge GST. Hence, no question of ITC.",,,,,,,,,,,,,,,,,,,,,,,,,,,,,,,,,,,
1,33,"IDT MCQs from S Valimbe

Extracted from Telegram Channel t.me/svalimbeclasses

This is only for study purpose so that I skip scrolling telegram

Kindly join the group and hit a like to his channel in youtube or other media if you liked it.

All MCQs are made by him or his team - i have merely scrapped it","Q; Under SLS (securities lending scheme), the borrower shall pay the GST under RCM regardless of the registration status of the lender. Examine the statement.",Valid,Invalid,Blank,Blank,A,Blank,,,,,,,,,,,,,,,,,,,,,,,,,,,,,,,,,,,
1,34,"IDT MCQs from S Valimbe

Extracted from Telegram Channel t.me/svalimbeclasses

This is only for study purpose so that I skip scrolling telegram

Kindly join the group and hit a like to his channel in youtube or other media if you liked it.

All MCQs are made by him or his team - i have merely scrapped it",Q: Motor Vehicle for goods transport given on rent by a partnership firm to a company. Cost of fuel included in the consideration. The rate of GST is 5%.,FCM,RCM,Blank,Blank,A,MV for passengers is covered under RCM; not goods transport MV...,,,,,,,,,,,,,,,,,,,,,,,,,,,,,,,,,,,
1,35,"IDT MCQs from S Valimbe

Extracted from Telegram Channel t.me/svalimbeclasses

This is only for study purpose so that I skip scrolling telegram

Kindly join the group and hit a like to his channel in youtube or other media if you liked it.

All MCQs are made by him or his team - i have merely scrapped it","Q: If I am registered under composition scheme, I don't need to comply with the RCM provisions.",True,False,Blank,Blank,B,Sec 10(1)/(2A) - it is subject to 9(3)/(4) RCM provisions.,,,,,,,,,,,,,,,,,,,,,,,,,,,,,,,,,,,
1,36,"IDT MCQs from S Valimbe

Extracted from Telegram Channel t.me/svalimbeclasses

This is only for study purpose so that I skip scrolling telegram

Kindly join the group and hit a like to his channel in youtube or other media if you liked it.

All MCQs are made by him or his team - i have merely scrapped it","Q: I supply goods and services.

If I am eligible to opt for 10(1) i.e. goods composition scheme, but I have not opted for it - I can opt for 10(2A) composition scheme of services.",Valid,Invalid,Blank,Blank,B,"To opt for 10(2A) - should not be ""eligible"" to opt for 10(1).",,,,,,,,,,,,,,,,,,,,,,,,,,,,,,,,,,,
1,37,"IDT MCQs from S Valimbe

Extracted from Telegram Channel t.me/svalimbeclasses

This is only for study purpose so that I skip scrolling telegram

Kindly join the group and hit a like to his channel in youtube or other media if you liked it.

All MCQs are made by him or his team - i have merely scrapped it",Q: GST charged on input supplies is a cost for a composition scheme registered person.,True,False,Blank,Blank,A,Since ITC not available,,,,,,,,,,,,,,,,,,,,,,,,,,,,,,,,,,,
1,38,"IDT MCQs from S Valimbe

Extracted from Telegram Channel t.me/svalimbeclasses

This is only for study purpose so that I skip scrolling telegram

Kindly join the group and hit a like to his channel in youtube or other media if you liked it.

All MCQs are made by him or his team - i have merely scrapped it",Q: Khanna Ji is a trader of aerated waters. Can he register under composition scheme?,Yes,No,Blank,Blank,A,"Manufacturers of those notified items (ice cream, pan masala, aerated waters, bricks etc) is not permitted under composition scheme. Traders are!!",,,,,,,,,,,,,,,,,,,,,,,,,,,,,,,,,,,
1,39,"IDT MCQs from S Valimbe

Extracted from Telegram Channel t.me/svalimbeclasses

This is only for study purpose so that I skip scrolling telegram

Kindly join the group and hit a like to his channel in youtube or other media if you liked it.

All MCQs are made by him or his team - i have merely scrapped it",Q: I am a registered person. I wish to go under composition scheme today. From when Can I enter the composition scheme ?,1 April 2027,1 Jan 2027,1 Aug 2026,17 July 2026,A,File CMP 02 till 31 March'27: Composition scheme effective from 1 April 2027 i.e. FY start.,,,,,,,,,,,,,,,,,,,,,,,,,,,,,,,,,,,
1,40,"IDT MCQs from S Valimbe

Extracted from Telegram Channel t.me/svalimbeclasses

This is only for study purpose so that I skip scrolling telegram

Kindly join the group and hit a like to his channel in youtube or other media if you liked it.

All MCQs are made by him or his team - i have merely scrapped it",Q: Online money gaming is an example of OIDAR service,True,False,Blank,Blank,B,Online Gaming is OIDAR. Online money gaming is a specified actionable claim - Goods. Specifically excluded from oidar.,,,,,,,,,,,,,,,,,,,,,,,,,,,,,,,,,,,
1,41,"IDT MCQs from S Valimbe

Extracted from Telegram Channel t.me/svalimbeclasses

This is only for study purpose so that I skip scrolling telegram

Kindly join the group and hit a like to his channel in youtube or other media if you liked it.

All MCQs are made by him or his team - i have merely scrapped it",Q: Plastic Surgery performed by Mr. Vikalp Gupta (based in Pune) in a Delhi Hospital on Mr. Kabir Khan (Actor based in Mumbai). Mr. Khan is registered under GST. POS?,Pune - MH,Mumbai - MH,Delhi,Blank,C,Reg or unregistered recipient doesn't matter. Apply 12(4) - POS is where the service is performed.,,,,,,,,,,,,,,,,,,,,,,,,,,,,,,,,,,,
1,42,"IDT MCQs from S Valimbe

Extracted from Telegram Channel t.me/svalimbeclasses

This is only for study purpose so that I skip scrolling telegram

Kindly join the group and hit a like to his channel in youtube or other media if you liked it.

All MCQs are made by him or his team - i have merely scrapped it","Q: Air Asia (Airlines, reg in HR) gave a golden ticket which entitles me (registered in Pune) to avail any 5 domestic tickets in next 5 years. POS?",Apply 12(2) since embarkation point is unknown,"Apply 12(9) - POS is Pune, MH",Apply 12(9) - POS is HR,None of above,B,Embarkation point matters in B2C case. Here it's B2B...hence irrelevant. POS is loc of recipient,,,,,,,,,,,,,,,,,,,,,,,,,,,,,,,,,,,
1,43,"IDT MCQs from S Valimbe

Extracted from Telegram Channel t.me/svalimbeclasses

This is only for study purpose so that I skip scrolling telegram

Kindly join the group and hit a like to his channel in youtube or other media if you liked it.

All MCQs are made by him or his team - i have merely scrapped it","Q: A circuit (telecom) is laid from State A to State B, with an intermediate point in State C - from where there is no benefit available. POS of this Supply shall be which state? What Ratio? (Contract agreement is silent)",A and B: Ratio 1:1,"A, B and C: in ratio 1:1:1",Only A: that is the starting point,Whatever the supplier seems fit,A,"Rule 6, igst rules. Intermediate point not taken as no benefit is available there.",,,,,,,,,,,,,,,,,,,,,,,,,,,,,,,,,,,
1,44,"IDT MCQs from S Valimbe

Extracted from Telegram Channel t.me/svalimbeclasses

This is only for study purpose so that I skip scrolling telegram

Kindly join the group and hit a like to his channel in youtube or other media if you liked it.

All MCQs are made by him or his team - i have merely scrapped it",Q: Mr. Anil (Pune) gave interior designer services to Mr. Mehta (Dubai) w.r.t his property in Portugal. POS ?,Dubai,Pune,Portugal,Non taxable,C,Apply 13(4). POS is the location of the property.,,,,,,,,,,,,,,,,,,,,,,,,,,,,,,,,,,,
1,45,"IDT MCQs from S Valimbe

Extracted from Telegram Channel t.me/svalimbeclasses

This is only for study purpose so that I skip scrolling telegram

Kindly join the group and hit a like to his channel in youtube or other media if you liked it.

All MCQs are made by him or his team - i have merely scrapped it","Q: Karavs Trades (Germany) sent goods for repair to PRA Repairs (Pune). Goods were repairs. Used for the purpose required for repairs, and then sent back. Legally, this shall be which type of a supply?",Intra (POS is Pune),Inter,Blank,Blank,B,"Since POS is determined as per Sec 13: It has to be Inter state. Similar Ques: Joinder Drills. However, in recent ques - ICAI has erroneously concluded this as Intra State. My opinion: It's Inter only",,,,,,,,,,,,,,,,,,,,,,,,,,,,,,,,,,,
1,46,"IDT MCQs from S Valimbe

Extracted from Telegram Channel t.me/svalimbeclasses

This is only for study purpose so that I skip scrolling telegram

Kindly join the group and hit a like to his channel in youtube or other media if you liked it.

All MCQs are made by him or his team - i have merely scrapped it",Q: Online Gaming provided by a supplier abroad to a recipient in India. RCM or FCM?,RCM,FCM,FCM if Rec is unregistered,FCM if Rec is registered,C,This is OIDAR. Apply Sec 14: IGST. If R is registered : RCM. Otherwise FCM.,,,,,,,,,,,,,,,,,,,,,,,,,,,,,,,,,,,
1,47,"IDT MCQs from S Valimbe

Extracted from Telegram Channel t.me/svalimbeclasses

This is only for study purpose so that I skip scrolling telegram

Kindly join the group and hit a like to his channel in youtube or other media if you liked it.

All MCQs are made by him or his team - i have merely scrapped it",Q: Service of testing of samples by ESDM Company (Electronic Semi Conductor Design Mfr) to foreign clients - which are as per their developed software and design: Won't be taxed separately.,"True, part of composite supply",False,Blank,Blank,A,Basis of clarification of software design services by ESDM company,,,,,,,,,,,,,,,,,,,,,,,,,,,,,,,,,,,
1,48,"IDT MCQs from S Valimbe

Extracted from Telegram Channel t.me/svalimbeclasses

This is only for study purpose so that I skip scrolling telegram

Kindly join the group and hit a like to his channel in youtube or other media if you liked it.

All MCQs are made by him or his team - i have merely scrapped it",Q: Counselling of persons afflicted with AIDS by Tata Motors Ltd - CSR activity for the welfare of people. Is this a charitable activity exempt from GST?,Yes,No,Blank,Blank,B,"Since it's not ""by"" a registered (Income Tax) charitable entity.",,,,,,,,,,,,,,,,,,,,,,,,,,,,,,,,,,,
1,49,"IDT MCQs from S Valimbe

Extracted from Telegram Channel t.me/svalimbeclasses

This is only for study purpose so that I skip scrolling telegram

Kindly join the group and hit a like to his channel in youtube or other media if you liked it.

All MCQs are made by him or his team - i have merely scrapped it",Q: Service of loading/unloading of bamboo: GST?,Exempt from GST,Taxable,Blank,Blank,B,Bamboo is a minor forest produce. Only warehousing is exempt,,,,,,,,,,,,,,,,,,,,,,,,,,,,,,,,,,,
1,50,"IDT MCQs from S Valimbe

Extracted from Telegram Channel t.me/svalimbeclasses

This is only for study purpose so that I skip scrolling telegram

Kindly join the group and hit a like to his channel in youtube or other media if you liked it.

All MCQs are made by him or his team - i have merely scrapped it","Q:  Loading, unloading, package , storage of dehusked pulses is exempt from GST.",True,False,Blank,Blank,B,"Dehusked or split pulses are not agricultural produce. Hence, the service is taxable.",,,,,,,,,,,,,,,,,,,,,,,,,,,,,,,,,,,
1,51,"IDT MCQs from S Valimbe

Extracted from Telegram Channel t.me/svalimbeclasses

This is only for study purpose so that I skip scrolling telegram

Kindly join the group and hit a like to his channel in youtube or other media if you liked it.

All MCQs are made by him or his team - i have merely scrapped it",Q: Bus Fees collected from students by Camity College (Recog. By Indian Law). GST?,Taxable,Exempt,Blank,Blank,B,"This is an outward supply by an educational institution. Hence, gst exempt.",,,,,,,,,,,,,,,,,,,,,,,,,,,,,,,,,,,
1,52,"IDT MCQs from S Valimbe

Extracted from Telegram Channel t.me/svalimbeclasses

This is only for study purpose so that I skip scrolling telegram

Kindly join the group and hit a like to his channel in youtube or other media if you liked it.

All MCQs are made by him or his team - i have merely scrapped it",Q: Bunty Caterers provides catering service to an educational institution (as per GST exemption NN). GST on such service?,Taxable,Exempt,Exempt if provided to a school,Exempt if provided to a school or college,C,Such inward supply is exempt only for school.,,,,,,,,,,,,,,,,,,,,,,,,,,,,,,,,,,,
1,53,"IDT MCQs from S Valimbe

Extracted from Telegram Channel t.me/svalimbeclasses

This is only for study purpose so that I skip scrolling telegram

Kindly join the group and hit a like to his channel in youtube or other media if you liked it.

All MCQs are made by him or his team - i have merely scrapped it","Q: Transport of patient to hospital is part of health care services and hence exempt, but not the return from hospital to home, as he is no longer a patient.",Valid,Invalid. To and fro movement is covered under healthcare.,Blank,Blank,B,Both movements covered under healthcare meaning.,,,,,,,,,,,,,,,,,,,,,,,,,,,,,,,,,,,
1,54,"IDT MCQs from S Valimbe

Extracted from Telegram Channel t.me/svalimbeclasses

This is only for study purpose so that I skip scrolling telegram

Kindly join the group and hit a like to his channel in youtube or other media if you liked it.

All MCQs are made by him or his team - i have merely scrapped it",Q: Is IVF (Assisted Reproductive Technology) a part of healthcare?,Yes,No,Blank,Blank,A,Clarified by Law.,,,,,,,,,,,,,,,,,,,,,,,,,,,,,,,,,,,
1,55,"IDT MCQs from S Valimbe

Extracted from Telegram Channel t.me/svalimbeclasses

This is only for study purpose so that I skip scrolling telegram

Kindly join the group and hit a like to his channel in youtube or other media if you liked it.

All MCQs are made by him or his team - i have merely scrapped it","Q: GST Amount computable on assignment of right by MH Gov to ERCC is Rs. 3,25,000. Mining lease holder as paid GST = 3,00,000. Is any GST payable on the service to ERCC? If yes, who will pay?",No. Exempt.,"Yes. 25,000 - FCM applicable","Yes, 25,000 - RCM applicable",It's not a supply itself,C,Excess part to be paid - by ERCC under RCM since it's a service by government!,,,,,,,,,,,,,,,,,,,,,,,,,,,,,,,,,,,
1,56,"IDT MCQs from S Valimbe

Extracted from Telegram Channel t.me/svalimbeclasses

This is only for study purpose so that I skip scrolling telegram

Kindly join the group and hit a like to his channel in youtube or other media if you liked it.

All MCQs are made by him or his team - i have merely scrapped it",Q: Collections of RERA (Real Estate Regulatory Authority) are __ in GST.,Taxable,Exempt,Blank,Blank,B,"RERA = Governmental Authority 

Apply entry 4/5. Exemption applies.",,,,,,,,,,,,,,,,,,,,,,,,,,,,,,,,,,,
1,57,"IDT MCQs from S Valimbe

Extracted from Telegram Channel t.me/svalimbeclasses

This is only for study purpose so that I skip scrolling telegram

Kindly join the group and hit a like to his channel in youtube or other media if you liked it.

All MCQs are made by him or his team - i have merely scrapped it",Q: Pure labour provided for renovation works pertaining to a single residential unit (for 1 family) otherwise as a part of residential complex. GST?,Taxable,Exempt,Blank,Blank,A,"Since it's renovation works, not original works. Renovation works labour could have been exempt in housing for all mission or Pradhan Mantri Awas Yojana.",,,,,,,,,,,,,,,,,,,,,,,,,,,,,,,,,,,
1,58,"IDT MCQs from S Valimbe

Extracted from Telegram Channel t.me/svalimbeclasses

This is only for study purpose so that I skip scrolling telegram

Kindly join the group and hit a like to his channel in youtube or other media if you liked it.

All MCQs are made by him or his team - i have merely scrapped it","Q: Payment Gateway services are exempt from GST if the transaction amount is upto Rs. 2,000.",True,False,Blank,Blank,B,"Entry 34 (settlement upto 2,000 transaction by acquiring bank) is available for Payment Aggregator function, not payment gateway.",,,,,,,,,,,,,,,,,,,,,,,,,,,,,,,,,,,
1,59,"IDT MCQs from S Valimbe

Extracted from Telegram Channel t.me/svalimbeclasses

This is only for study purpose so that I skip scrolling telegram

Kindly join the group and hit a like to his channel in youtube or other media if you liked it.

All MCQs are made by him or his team - i have merely scrapped it",Q: Which one of the following services is taxable under GST? (context of entry 27: interest discount income being exempt),Minimum balance charges,Income from commercial paper,Repo and Reverse Repo,None. All are exempt,A,"Minimum balance charges is over and above interest, hence taxable.",,,,,,,,,,,,,,,,,,,,,,,,,,,,,,,,,,,
1,60,"IDT MCQs from S Valimbe

Extracted from Telegram Channel t.me/svalimbeclasses

This is only for study purpose so that I skip scrolling telegram

Kindly join the group and hit a like to his channel in youtube or other media if you liked it.

All MCQs are made by him or his team - i have merely scrapped it",Q: Milling of wheat and fortification by miller by an Individual to SG for distribution under Public Distribution System: Eligible for any exemption?,Yes. Entry 3 - exempt,Yes. Entry 3A: value of service should not cross 25% of total value,Yes. Entry 3A: value of goods should not cross 25% of total value,No Exemption applicable,C,Clarified as such.,,,,,,,,,,,,,,,,,,,,,,,,,,,,,,,,,,,
1,61,"IDT MCQs from S Valimbe

Extracted from Telegram Channel t.me/svalimbeclasses

This is only for study purpose so that I skip scrolling telegram

Kindly join the group and hit a like to his channel in youtube or other media if you liked it.

All MCQs are made by him or his team - i have merely scrapped it",Q: Admission ticket to MP Birla planetarium in Kolkata - ticket is Rs. 500. GST applicable?,Yes,In this case - NO,There is no monetary limit.. any ticket value: It's exempt,Blank,B,Limit exists: it's upto Rs 500,,,,,,,,,,,,,,,,,,,,,,,,,,,,,,,,,,,
1,62,"IDT MCQs from S Valimbe

Extracted from Telegram Channel t.me/svalimbeclasses

This is only for study purpose so that I skip scrolling telegram

Kindly join the group and hit a like to his channel in youtube or other media if you liked it.

All MCQs are made by him or his team - i have merely scrapped it",Q: Electronically Operated MV (13 passengers capacity) provided on hire to State Transport Undertaking. GST?,Taxable,Exempt,Depends on supplier status,Blank,B,"There is no condition of EV or not when provided on rent to STU. It just has to be meant to carry more than 12 passengers. 

For hiring to Local Authority - condition of EV specific exists.",,,,,,,,,,,,,,,,,,,,,,,,,,,,,,,,,,,
1,63,"IDT MCQs from S Valimbe

Extracted from Telegram Channel t.me/svalimbeclasses

This is only for study purpose so that I skip scrolling telegram

Kindly join the group and hit a like to his channel in youtube or other media if you liked it.

All MCQs are made by him or his team - i have merely scrapped it",Q: CIF contract entered for import of goods. Can importer (buyer) be considered a recipient and ocean freight be considered as import of service by the importer in India and liable to pay GST under RCM?,Yes,No,Blank,Blank,B,"Mohit Minerals Case Law. Covered in Ch 14 of ICAI SM - linked with the RCM aspect. 

Many students miss this. Pls ensure you cover it! :)",,,,,,,,,,,,,,,,,,,,,,,,,,,,,,,,,,,
1,64,"IDT MCQs from S Valimbe

Extracted from Telegram Channel t.me/svalimbeclasses

This is only for study purpose so that I skip scrolling telegram

Kindly join the group and hit a like to his channel in youtube or other media if you liked it.

All MCQs are made by him or his team - i have merely scrapped it","Q: MV on rent to Mr. Sharma - who provides transport of students and staff service to Hindu College, DU (course recognised by Indian Law). GST on hiring charge?",Taxable,Exempt,Blank,Blank,A,Had Mr. Sharma been providing to a school - hire charges would have been exempt,,,,,,,,,,,,,,,,,,,,,,,,,,,,,,,,,,,
1,65,"IDT MCQs from S Valimbe

Extracted from Telegram Channel t.me/svalimbeclasses

This is only for study purpose so that I skip scrolling telegram

Kindly join the group and hit a like to his channel in youtube or other media if you liked it.

All MCQs are made by him or his team - i have merely scrapped it",Q: State Gov Industrial Development Corporation gave on lease (32 years) a plot to a Financial Business Unit. Is the lease Exempt?,Yes,No,Blank,Blank,B,For exemption - Recipient can be: Industrial Unit or Developer of any industrial or financial business area.,000 and shown a profit on sale as part of investment income. Apart from recording the receipt of dividend income, no other entries have been made in the financial statements for the year ended 31 st March, 20 X2 regarding the investment in H Ltd. Both investments had been correctly treated in the financial statements for the year ended 31 st March," 20 X1 . Analyze the transactions mentioned above and choose the most appropriate option in the below mentioned questions 1 to 3 in line with the relevant Ind AS:""","1. What will be the amount of provision of penalty for illegal use of automobiles, which Z Ltd. have to make as on 31 st March, 20 X2 ?","₹ 12,00,000","₹ 30,00,000","₹ 6,00,000","₹ 60,00,000",c,"Reasoning ` 2,00,000 × 3 months = ` 6,00,000 Provision is to be made only for the year ending 31.3.20X2 and not up to 31.3.20X3 and penalty is levied on monthly basis and not on number of vehicles held.",,,,,,,,,,,,,,,,,,,,,,,,
1,66,"IDT MCQs from S Valimbe

Extracted from Telegram Channel t.me/svalimbeclasses

This is only for study purpose so that I skip scrolling telegram

Kindly join the group and hit a like to his channel in youtube or other media if you liked it.

All MCQs are made by him or his team - i have merely scrapped it","Q: A university provided R&D service to a Bio Tech Company against grants in return. The university is notified u/s 35(1)(ii) of the Income Tax Act when the grant was received, but not when the R&D service was given. Is such an R&D service exempt?",Yes Exempt,"No, taxable",Blank,Blank,B,Should be notified at the time of supply of R&D service,000 and shown a profit on sale as part of investment income. Apart from recording the receipt of dividend income, no other entries have been made in the financial statements for the year ended 31 st March, 20 X2 regarding the investment in H Ltd. Both investments had been correctly treated in the financial statements for the year ended 31 st March," 20 X1 . Analyze the transactions mentioned above and choose the most appropriate option in the below mentioned questions 1 to 3 in line with the relevant Ind AS:""","2. Calculate the amount, which should be shown in other comprehensive income"" for the period ending 31 st March"," 20 X2 on account of equity investment made by Z Ltd.""","Gain of ₹ 16,000","Gain of ₹ 12,500","Gain of ₹ 20,000","Gain of ₹ 23,500",a,"Reason ing Other Comprehensive Income ` Gain on revaluation of investment in H Ltd. (38,500 – 35,000) 3,500 Profit on disposal 12,500 Total 16,000",,,,,,,,,,,,,,,,,,,,,,,
1,67,"IDT MCQs from S Valimbe

Extracted from Telegram Channel t.me/svalimbeclasses

This is only for study purpose so that I skip scrolling telegram

Kindly join the group and hit a like to his channel in youtube or other media if you liked it.

All MCQs are made by him or his team - i have merely scrapped it",Q: Services to foreign diplomatic mission located in India are exempt from GST.,True,False,Blank,Blank,B,"""by"" foreign diplomatic mission are exempt. Not ""to""",000 and shown a profit on sale as part of investment income. Apart from recording the receipt of dividend income, no other entries have been made in the financial statements for the year ended 31 st March, 20 X2 regarding the investment in H Ltd. Both investments had been correctly treated in the financial statements for the year ended 31 st March," 20 X1 . Analyze the transactions mentioned above and choose the most appropriate option in the below mentioned questions 1 to 3 in line with the relevant Ind AS:""","3. What will be the finance cost of convertible loan notes issued by Z Ltd., for the period ending 31 st March, 20 X2 ?","₹ 34,150","₹ 40,000","₹ 46,830","₹ 50,000",c,"Reasoning Finance cost of convertible loan notes Liability element of compound financial instrument at 1 st April 20 X1 ( ` 5,00,000 × 8% × ` 3.17) + ( ` 5,00,000 × ` 0.683) = ` 4,68,300 Accordingly, finance cost at 10% (i.e. ` 4,68,300 × 10%) = ` 46,830",,,,,,,,,,,,,,,,,,,,,,,,
1,68,"IDT MCQs from S Valimbe

Extracted from Telegram Channel t.me/svalimbeclasses

This is only for study purpose so that I skip scrolling telegram

Kindly join the group and hit a like to his channel in youtube or other media if you liked it.

All MCQs are made by him or his team - i have merely scrapped it",Q: Service (except OIDAR) received by an Individual in India from a Supplier outside India for non-business purposes i.e. personal purpose - for a consideration: Is a supply but an exempt supply.,True,False,Blank,Blank,A,It's a supply as per Sec 7(1)(b). But exempt supply - IGST Exemptions.,,,,,,,,,,,,,,,,,,,,,,,,,,,,,,,,,,,
1,69,"IDT MCQs from S Valimbe

Extracted from Telegram Channel t.me/svalimbeclasses

This is only for study purpose so that I skip scrolling telegram

Kindly join the group and hit a like to his channel in youtube or other media if you liked it.

All MCQs are made by him or his team - i have merely scrapped it","Q: If Supplier is outside India and Recipient is Outside India, and Place of Supply is in India: What will such supply be?",Tax is payable,Exempt supply,Such a case is not possible,Blank,B,"Sec 13, IGST applies in such cases. POS can arise in India. But exempt",,,,,,,,,,,,,,,,,,,,,,,,,,,,,,,,,,,
1,70,"IDT MCQs from S Valimbe

Extracted from Telegram Channel t.me/svalimbeclasses

This is only for study purpose so that I skip scrolling telegram

Kindly join the group and hit a like to his channel in youtube or other media if you liked it.

All MCQs are made by him or his team - i have merely scrapped it",Q: A sold goods to B on 10 June. Tax Invoice issued on 11 June. Goods taxable under FCM. TOS?,10 June,11 June,Can't determine. Need payment date.,Blank,A,Apply sec 12(2). Payment date is irrelevant due to NN 66/2017. Invoice should have been issued by max 10 June - hence it's the TOS,,,,,,,,,,,,,,,,,,,,,,,,,,,,,,,,,,,
1,71,"IDT MCQs from S Valimbe

Extracted from Telegram Channel t.me/svalimbeclasses

This is only for study purpose so that I skip scrolling telegram

Kindly join the group and hit a like to his channel in youtube or other media if you liked it.

All MCQs are made by him or his team - i have merely scrapped it","Q: A sent goods to B for sale in approval basis on 7 Aug 2026, and asked him to approve or return by 6 October 2026. B didn't return and later approved the goods on 9 October 2026. What's the due date for the issue of Invoice by A?",6 October 2026,9 October 2026,7 February 2027,None of above,A,A little typical. Here the date earlier than 6 months has been fixed by the supplier itself. So that's the due date. And approval also didn't happen prior to that set date.,,,,,,,,,,,,,,,,,,,,,,,,,,,,,,,,,,,
1,72,"IDT MCQs from S Valimbe

Extracted from Telegram Channel t.me/svalimbeclasses

This is only for study purpose so that I skip scrolling telegram

Kindly join the group and hit a like to his channel in youtube or other media if you liked it.

All MCQs are made by him or his team - i have merely scrapped it",Q: Service to be rendered in December 2026. Advance received for full amount in July. Invoice agreed to be issued as soon as service is completed. GST rate changed in September 2026 from 5% to 18%. What rate will apply for service in question?,Advance taxable in service- so 5%,18%,As the supplier seems fit,Blank,B,Sec 14 overrides sec 13. Hence apply sec 14 properly. Since 2 out of 3 i.e. invoice and supply is after change - new rate shall apply.,,,,,,,,,,,,,,,,,,,,,,,,,,,,,,,,,,,
1,73,"IDT MCQs from S Valimbe

Extracted from Telegram Channel t.me/svalimbeclasses

This is only for study purpose so that I skip scrolling telegram

Kindly join the group and hit a like to his channel in youtube or other media if you liked it.

All MCQs are made by him or his team - i have merely scrapped it","Q: What is the ""Date of Provision of Service"" in case of supply of service by the concessionaire to the NHAI under DBOT model of building highways?",Due date of payment as per contract,Actual payment date,Such question not clarified by the said clarification,Blank,A,Refer to the circular pls. Mentioned clearly.,,,,,,,,,,,,,,,,,,,,,,,,,,,,,,,,,,,
1,74,"IDT MCQs from S Valimbe

Extracted from Telegram Channel t.me/svalimbeclasses

This is only for study purpose so that I skip scrolling telegram

Kindly join the group and hit a like to his channel in youtube or other media if you liked it.

All MCQs are made by him or his team - i have merely scrapped it","Q: A private NGO (Save the Child) provided a subsidy to Nahara Manufacturing Co at the end of the FY worth Rs. 10,00,000. Will such subsidy by a part of the value of supply of the company?",Yes: since it's not from Central or State Government,No,Yes: All subsidies are added in Value of Supply,Blank,B,"Reason: it's lumpsum, not price linked. Refer to sec 15(2)(e).", referred to here as a 'pre - existing relationship'. A pre - existing relationship between the acquirer and acquiree may be contra ctual (for example, vendor and customer or licensor and licensee) or non - contractual (for example," plaintiff and defendant)."" Further"," paragraph B52 of Ind AS 103 provides that ""if the business combination in effect settles a pre - existing relationship", the acquirer recognises a gain or loss, measured as follows: (a) for a pre - existing non - contractual relationship (such as a lawsuit), fair value. (b) for a pre - existing contractual relationship, the lesser of (i) and (ii): (i) the amount by which the contract is favourable or unfavourable from the perspective of the acquirer when compared with terms for current market transactions for the same or similar items. (An unfavourable contract is a contract that is unfavourable in terms of current market terms. It is not necessarily an onerous contract in which the unavoidable costs of meeting the obligations under the contract exceed the economic benefits expected to be received under it.) (ii) the amount of any stated settlement provisions in the contract available to the counterparty to whom the contract is unfavourable. If (ii) is less than (i), the difference is included as part of the business combination accounting. The amount of gain or loss recognised may depend in part on whether the acquirer had previously recognised a related asset or liability," and the reported gain or loss therefore may differ from the amount calculated by applying the above requirements."" Based on the above in the instant case", the license is recognised at ` 4,50,000, the fair value at market rates of a license based on the remaining contractual life. The gain or loss on settlement of the contract is the lower of:  ` 3, 00 ,000, which is the amount by which the right is unfavo u rable to ABC Ltd. compared to market terms. This is the difference between the amount that ABC Ltd. could receive for granting a similar right, ` 4,50,000, compared to the carrying value (or the unamortised value) that it was granted for, ` 1,50,000 (2,50,000 x 6/10).  ` 1,80,000, which is the amount that ABC Ltd. would have to pay to terminate the right at the date of acquisition. The loss on settlement of the contract is ` 1,80,000. Therefore, out of the ` 1 crore paid, ` 98.2 lakh is accounted for as consideration for the business combination and ` 1,80,"000 is accounted for separately as a settlement loss on the re - acquired right."""
1,75,"IDT MCQs from S Valimbe

Extracted from Telegram Channel t.me/svalimbeclasses

This is only for study purpose so that I skip scrolling telegram

Kindly join the group and hit a like to his channel in youtube or other media if you liked it.

All MCQs are made by him or his team - i have merely scrapped it",Q: Recipient will reduce the corresponding ITC if the supplier issues a Financial Credit Note. Evaluate the statement.,True,False,Blank,Blank,B,"Financial or commercial Credit Note: a credit note without the impact of GST. Hence, there is no need to reduce ITC by Recipient when such credit note is issued.", referred to here as a 'pre - existing relationship'. A pre - existing relationship between the acquirer and acquiree may be contra ctual (for example, vendor and customer or licensor and licensee) or non - contractual (for example," plaintiff and defendant)."" Further"," paragraph B52 of Ind AS 103 provides that ""if the business combination in effect settles a pre - existing relationship", the acquirer recognises a gain or loss, measured as follows: (a) for a pre - existing non - contractual relationship (such as a lawsuit), fair value. (b) for a pre - existing contractual relationship, the lesser of (i) and (ii): (i) the amount by which the contract is favourable or unfavourable from the perspective of the acquirer when compared with terms for current market transactions for the same or similar items. (An unfavourable contract is a contract that is unfavourable in terms of current market terms. It is not necessarily an onerous contract in which the unavoidable costs of meeting the obligations under the contract exceed the economic benefits expected to be received under it.) (ii) the amount of any stated settlement provisions in the contract available to the counterparty to whom the contract is unfavourable. If (ii) is less than (i), the difference is included as part of the business combination accounting. The amount of gain or loss recognised may depend in part on whether the acquirer had previously recognised a related asset or liability," and the reported gain or loss therefore may differ from the amount calculated by applying the above requirements."" Based on the above in the instant case", the license is recognised at ` 4,50,000, the fair value at market rates of a license based on the remaining contractual life. The gain or loss on settlement of the contract is the lower of:  ` 3, 00 ,000, which is the amount by which the right is unfavo u rable to ABC Ltd. compared to market terms. This is the difference between the amount that ABC Ltd. could receive for granting a similar right, ` 4,50,000, compared to the carrying value (or the unamortised value) that it was granted for, ` 1,50,000 (2,50,000 x 6/10).  ` 1,80,000, which is the amount that ABC Ltd. would have to pay to terminate the right at the date of acquisition. The loss on settlement of the contract is ` 1,80,000. Therefore, out of the ` 1 crore paid, ` 98.2 lakh is accounted for as consideration for the business combination and ` 1,80,"000 is accounted for separately as a settlement loss on the re - acquired right."""
1,76,"IDT MCQs from S Valimbe

Extracted from Telegram Channel t.me/svalimbeclasses

This is only for study purpose so that I skip scrolling telegram

Kindly join the group and hit a like to his channel in youtube or other media if you liked it.

All MCQs are made by him or his team - i have merely scrapped it","Q: Samsung (Manufacturer) has an agreement with Golu (Customer) to sell TV @ Rs 60,000. Chroma (dealer) price is Rs. 75,000. To effect this supply, Samsung offers Chroma Rs. 15,000 post sale discount on TV sold - to help sell TV to Golu at Rs. 60,000.","60,000","75,000",None of above,Need price at which Samsung sold TV to Chroma,B,"Refer to circular 251/08/2025. Since agreement between manufacturer and customer - such post sale discount is a part of ""overall consideration"". Hence, 15,000 is a part of consideration", referred to here as a 'pre - existing relationship'. A pre - existing relationship between the acquirer and acquiree may be contra ctual (for example, vendor and customer or licensor and licensee) or non - contractual (for example," plaintiff and defendant)."" Further"," paragraph B52 of Ind AS 103 provides that ""if the business combination in effect settles a pre - existing relationship", the acquirer recognises a gain or loss, measured as follows: (a) for a pre - existing non - contractual relationship (such as a lawsuit), fair value. (b) for a pre - existing contractual relationship, the lesser of (i) and (ii): (i) the amount by which the contract is favourable or unfavourable from the perspective of the acquirer when compared with terms for current market transactions for the same or similar items. (An unfavourable contract is a contract that is unfavourable in terms of current market terms. It is not necessarily an onerous contract in which the unavoidable costs of meeting the obligations under the contract exceed the economic benefits expected to be received under it.) (ii) the amount of any stated settlement provisions in the contract available to the counterparty to whom the contract is unfavourable. If (ii) is less than (i), the difference is included as part of the business combination accounting. The amount of gain or loss recognised may depend in part on whether the acquirer had previously recognised a related asset or liability," and the reported gain or loss therefore may differ from the amount calculated by applying the above requirements."" Based on the above in the instant case", the license is recognised at ` 4,50,000, the fair value at market rates of a license based on the remaining contractual life. The gain or loss on settlement of the contract is the lower of:  ` 3, 00 ,000, which is the amount by which the right is unfavo u rable to ABC Ltd. compared to market terms. This is the difference between the amount that ABC Ltd. could receive for granting a similar right, ` 4,50,000, compared to the carrying value (or the unamortised value) that it was granted for, ` 1,50,000 (2,50,000 x 6/10).  ` 1,80,000, which is the amount that ABC Ltd. would have to pay to terminate the right at the date of acquisition. The loss on settlement of the contract is ` 1,80,000. Therefore, out of the ` 1 crore paid, ` 98.2 lakh is accounted for as consideration for the business combination and ` 1,80,"000 is accounted for separately as a settlement loss on the re - acquired right."""
1,77,"IDT MCQs from S Valimbe

Extracted from Telegram Channel t.me/svalimbeclasses

This is only for study purpose so that I skip scrolling telegram

Kindly join the group and hit a like to his channel in youtube or other media if you liked it.

All MCQs are made by him or his team - i have merely scrapped it",Q: Answer critically as per Law.,Yes,No,Can't say. Need to know who is liable to incur it,Blank,C,Apply sec 15(2)(b). Need to whether it is Suppliers obligation or not. I.e. CM's, referred to here as a 'pre - existing relationship'. A pre - existing relationship between the acquirer and acquiree may be contra ctual (for example, vendor and customer or licensor and licensee) or non - contractual (for example," plaintiff and defendant)."" Further"," paragraph B52 of Ind AS 103 provides that ""if the business combination in effect settles a pre - existing relationship", the acquirer recognises a gain or loss, measured as follows: (a) for a pre - existing non - contractual relationship (such as a lawsuit), fair value. (b) for a pre - existing contractual relationship, the lesser of (i) and (ii): (i) the amount by which the contract is favourable or unfavourable from the perspective of the acquirer when compared with terms for current market transactions for the same or similar items. (An unfavourable contract is a contract that is unfavourable in terms of current market terms. It is not necessarily an onerous contract in which the unavoidable costs of meeting the obligations under the contract exceed the economic benefits expected to be received under it.) (ii) the amount of any stated settlement provisions in the contract available to the counterparty to whom the contract is unfavourable. If (ii) is less than (i), the difference is included as part of the business combination accounting. The amount of gain or loss recognised may depend in part on whether the acquirer had previously recognised a related asset or liability," and the reported gain or loss therefore may differ from the amount calculated by applying the above requirements."" Based on the above in the instant case", the license is recognised at ` 4,50,000, the fair value at market rates of a license based on the remaining contractual life. The gain or loss on settlement of the contract is the lower of:  ` 3, 00 ,000, which is the amount by which the right is unfavo u rable to ABC Ltd. compared to market terms. This is the difference between the amount that ABC Ltd. could receive for granting a similar right, ` 4,50,000, compared to the carrying value (or the unamortised value) that it was granted for, ` 1,50,000 (2,50,000 x 6/10).  ` 1,80,000, which is the amount that ABC Ltd. would have to pay to terminate the right at the date of acquisition. The loss on settlement of the contract is ` 1,80,000. Therefore, out of the ` 1 crore paid, ` 98.2 lakh is accounted for as consideration for the business combination and ` 1,80,"000 is accounted for separately as a settlement loss on the re - acquired right."""
1,78,"IDT MCQs from S Valimbe

Extracted from Telegram Channel t.me/svalimbeclasses

This is only for study purpose so that I skip scrolling telegram

Kindly join the group and hit a like to his channel in youtube or other media if you liked it.

All MCQs are made by him or his team - i have merely scrapped it",Q: Incentive by Ministry of Electronics and IT to acquiring banks w.r.t use of RuPay Dr Cards: Will it be part of valuation of supply for the bank?,"Yes, but it's an exempt supply",No. It won't be a part of value of supply,Blank,Blank,B,It's treated as a subsidy - apply sec 15(2)(e). Since from Gov - won't be part of the value of supply.,,,,,,,,,,,,,,,,,,,,,,,,,,,,,,,,,,,
1,79,"IDT MCQs from S Valimbe

Extracted from Telegram Channel t.me/svalimbeclasses

This is only for study purpose so that I skip scrolling telegram

Kindly join the group and hit a like to his channel in youtube or other media if you liked it.

All MCQs are made by him or his team - i have merely scrapped it","Q: Laptop sold in exchange of printer and Rs. 5,000 cash. Value of printer is Rs. 12,000. Value of similar laptop in market is Rs. 15,000. OMV of the laptop in question is not known.","5,000","17,000","15,000",Can't determine. Need cost of the Laptop,B,OMV not available - next step: Cash plus value of non monetary consideration,,,,,,,,,,,,,,,,,,,,,,,,,,,,,,,,,,,
1,80,"IDT MCQs from S Valimbe

Extracted from Telegram Channel t.me/svalimbeclasses

This is only for study purpose so that I skip scrolling telegram

Kindly join the group and hit a like to his channel in youtube or other media if you liked it.

All MCQs are made by him or his team - i have merely scrapped it",Q: Which rule is applicable for valuing the supply from principal to sole agent?,Rule 28,Rule 29,Blank,Blank,A,"Because the sole agent is a Related Person, hence Rule 28",,,,,,,,,,,,,,,,,,,,,,,,,,,,,,,,,,,
1,81,"IDT MCQs from S Valimbe

Extracted from Telegram Channel t.me/svalimbeclasses

This is only for study purpose so that I skip scrolling telegram

Kindly join the group and hit a like to his channel in youtube or other media if you liked it.

All MCQs are made by him or his team - i have merely scrapped it","Q: A Ltd. (Delhi) transferred goods to A Ltd (Mumbai). Mumbai unit processes the goods and sells it further to unrelated buyer for Rs. 1,00,000. Can first proviso to Rule 28(1) be applied for Valuation from Delhi to Mumbai Unit? i.e. 90% of 1,00,000?",Yes,No,Blank,Blank,B,"Because the goods are not sold ""as such"".",,,,,,,,,,,,,,,,,,,,,,,,,,,,,,,,,,,
1,82,"IDT MCQs from S Valimbe

Extracted from Telegram Channel t.me/svalimbeclasses

This is only for study purpose so that I skip scrolling telegram

Kindly join the group and hit a like to his channel in youtube or other media if you liked it.

All MCQs are made by him or his team - i have merely scrapped it",Q: Mr. SV (director) gave a personal guarantee to ICICI w.r.t a loan advanced by ICICI to SVC Ltd (the company). Loan amount is Rs. 10 Crores. Value of guarantee service by SV to the company?,Not a supply,It's a supply. Value is Rs. 10 Lacs,Depends on whether SVC Ltd is eligible for ITC or not,It's a supply. Value is Nil,D,Rule 28. OMV is NIL. RBI prohibits any payment to the director w.r.t personal guarantee.,,,,,,,,,,,,,,,,,,,,,,,,,,,,,,,,,,,
1,83,"IDT MCQs from S Valimbe

Extracted from Telegram Channel t.me/svalimbeclasses

This is only for study purpose so that I skip scrolling telegram

Kindly join the group and hit a like to his channel in youtube or other media if you liked it.

All MCQs are made by him or his team - i have merely scrapped it","Q: HO is providing internally generated service to BO. BO is not eligible for ITC. HO claims ""Cost of salary of employees of the HO involved in providing the said services to BO is not mandatorily required to be included."" True or False?",True,"False: Since BO is not eligible for ITC, each and every cost should be included",Blank,Blank,A,Circular on this covered in Valuation chapter.,,,,,,,,,,,,,,,,,,,,,,,,,,,,,,,,,,,
1,84,"IDT MCQs from S Valimbe

Extracted from Telegram Channel t.me/svalimbeclasses

This is only for study purpose so that I skip scrolling telegram

Kindly join the group and hit a like to his channel in youtube or other media if you liked it.

All MCQs are made by him or his team - i have merely scrapped it",Q: Tobacco has been notified for MRP Based Valuation under Rule 31D. MRP is Rs. 750. Manufacturer sold to a dealer at Rs. 590. GST is 18%. How much GST shall be payable?,106,90,135,114,D,MRP is inclusive of GST 18%.,,,,,,,,,,,,,,,,,,,,,,,,,,,,,,,,,,,
1,85,"IDT MCQs from S Valimbe

Extracted from Telegram Channel t.me/svalimbeclasses

This is only for study purpose so that I skip scrolling telegram

Kindly join the group and hit a like to his channel in youtube or other media if you liked it.

All MCQs are made by him or his team - i have merely scrapped it","Q: A money changer has exchanged USD 10,000 to INR @ 94. Value of supply as per Rule 32(2)(b)? Also, if opted for this valuation method - is there any lock in period?","5,200 ; no lock in period","5,200 ; 1 year lock in period","5,200 ; can't be withdrawn during the remaining part of FY","9,400 ; can't be withdrawn during remaining part of FY",C,"1,000 + 8,40,000 x 0.5% = 5,200",,,,,,,,,,,,,,,,,,,,,,,,,,,,,,,,,,,
1,86,"IDT MCQs from S Valimbe

Extracted from Telegram Channel t.me/svalimbeclasses

This is only for study purpose so that I skip scrolling telegram

Kindly join the group and hit a like to his channel in youtube or other media if you liked it.

All MCQs are made by him or his team - i have merely scrapped it","Q: Basic Fare = 1,00,000. Other charges = 5,000. Total = 1,05,000. It's an international booking. Value of supply for travel agent as per Rule 32?","5,000","5,250","10,000","10,500",C,10% of basic fare,,,,,,,,,,,,,,,,,,,,,,,,,,,,,,,,,,,
1,87,"IDT MCQs from S Valimbe

Extracted from Telegram Channel t.me/svalimbeclasses

This is only for study purpose so that I skip scrolling telegram

Kindly join the group and hit a like to his channel in youtube or other media if you liked it.

All MCQs are made by him or his team - i have merely scrapped it",Q: Airport Operator is the supplier w.r.t PSF (Passenger Service Fee). Passengers are recipients. Airline Company is the Pure Agent - but of whom?,Airport Operator,Passenger,Both,None,B,Apply the conditions of Pure Agent. Airline co is providing service to the passenger and in addition getting a reimbursement of the PSF amount.,,,,,,,,,,,,,,,,,,,,,,,,,,,,,,,,,,,
1,88,"IDT MCQs from S Valimbe

Extracted from Telegram Channel t.me/svalimbeclasses

This is only for study purpose so that I skip scrolling telegram

Kindly join the group and hit a like to his channel in youtube or other media if you liked it.

All MCQs are made by him or his team - i have merely scrapped it","Q: Can a person who is liable for registration, but not has not obtained registration avail ITC?","Yes, since he is a taxable person",No,Blank,Blank,B,"Has to be ""Registered"". Basic condition - section 16(1)",,,,,,,,,,,,,,,,,,,,,,,,,,,,,,,,,,,
1,89,"IDT MCQs from S Valimbe

Extracted from Telegram Channel t.me/svalimbeclasses

This is only for study purpose so that I skip scrolling telegram

Kindly join the group and hit a like to his channel in youtube or other media if you liked it.

All MCQs are made by him or his team - i have merely scrapped it",Q: OEM (Original Equipment Manufacturer) sent Moulds and Dies to CM (Component Manufacturer). Does OEM have to reverse the ITC availed w.r.t moulds/dies?,Yes,No,Depends on the contractual obligation w.r.t moulds/dies,Blank,C,"If OEM had the obligation- no reversal required; if CM had the obligation but still OEM sent, OEM has to reverse it.",,,,,,,,,,,,,,,,,,,,,,,,,,,,,,,,,,,
1,90,"IDT MCQs from S Valimbe

Extracted from Telegram Channel t.me/svalimbeclasses

This is only for study purpose so that I skip scrolling telegram

Kindly join the group and hit a like to his channel in youtube or other media if you liked it.

All MCQs are made by him or his team - i have merely scrapped it",Q: Which of the following documents is not an eligible document to avail the ITC?,Debit note by Supplier,Bill of Entry,Self Invoice by Recipient,None of above,D,All are valid documents. Refer to section 16(2)(a) plus Rule 36,,,,,,,,,,,,,,,,,,,,,,,,,,,,,,,,,,,
1,91,"IDT MCQs from S Valimbe

Extracted from Telegram Channel t.me/svalimbeclasses

This is only for study purpose so that I skip scrolling telegram

Kindly join the group and hit a like to his channel in youtube or other media if you liked it.

All MCQs are made by him or his team - i have merely scrapped it","Q: Toyota sells it's cars to dealers on ex-works contract basis. The car was ready and handed over to the transporter on 28 Aug 2026, for delivery to the dealer. The car reached the dealership showroom on 3 Sep 2026. ""Receipt"" of goods by Dealer on?",28 Aug,3 Sep,As the Recipient may treat,As the Supplier may treat,A,Risk and reward is transferred to the dealer at the factory gate of the supplier when the hand over to transporter is done,,,,,,,,,,,,,,,,,,,,,,,,,,,,,,,,,,,
1,92,"IDT MCQs from S Valimbe

Extracted from Telegram Channel t.me/svalimbeclasses

This is only for study purpose so that I skip scrolling telegram

Kindly join the group and hit a like to his channel in youtube or other media if you liked it.

All MCQs are made by him or his team - i have merely scrapped it",Q: Invoice dated 10/8/2026. Recipient availed the ITC in April 2027. If the supplier doesn't file 3B by _; Recipient shall have to reverse the ITC by__.,30/9/2026; 30/11/2026,30/9/2027; 30/11/2027,Sep's return; Nov 's return,30/9/2028; 30/11/2028,D,30 Sep and 30 Nov are to be seen succeeding the FY when ITC is availed.,,,,,,,,,,,,,,,,,,,,,,,,,,,,,,,,,,,
1,93,"IDT MCQs from S Valimbe

Extracted from Telegram Channel t.me/svalimbeclasses

This is only for study purpose so that I skip scrolling telegram

Kindly join the group and hit a like to his channel in youtube or other media if you liked it.

All MCQs are made by him or his team - i have merely scrapped it",Q: Invoice dated 3 Feb 2026. Debit note w.r.t the same was raised on 6 April 2026. ITC w.r.t debit note can be availed by ___?,30 Nov 2026,30 Nov 2027,30 Nov 2028,ITC can't be availed on the basis of a Debit Note,B,"See the FY of debit note, not the invoice. That year is 26-27.",,,,,,,,,,,,,,,,,,,,,,,,,,,,,,,,,,,
1,94,"IDT MCQs from S Valimbe

Extracted from Telegram Channel t.me/svalimbeclasses

This is only for study purpose so that I skip scrolling telegram

Kindly join the group and hit a like to his channel in youtube or other media if you liked it.

All MCQs are made by him or his team - i have merely scrapped it",Q: Invoice issued on 3 March 2027. Recipient has not availed its ITC till 2 Dec. Cancellation of GST order issued on 2 Dec. Cancellation revoked on 28 Dec 2027. Is 16(6) applicable? Can ITC of that Inv be availed within 30 days of cancellation revocation,Yes,No,Blank,Blank,B,Because 16(4) time limit to avail ITC has already expired on date of cancellation order i.e. 30 Nov 2027 already expired..,,,,,,,,,,,,,,,,,,,,,,,,,,,,,,,,,,,
1,95,"IDT MCQs from S Valimbe

Extracted from Telegram Channel t.me/svalimbeclasses

This is only for study purpose so that I skip scrolling telegram

Kindly join the group and hit a like to his channel in youtube or other media if you liked it.

All MCQs are made by him or his team - i have merely scrapped it",Q: Is ITC available w.r.t the supplies used for making zero rates supplies? Choose the most appropriate option.,Yes,No,"Yes, except the ones which are blocked",Blank,C,17(5) is still blocked. Balance all allowed. Ref: Sec 16(2) IGST,,,,,,,,,,,,,,,,,,,,,,,,,,,,,,,,,,,
1,96,"IDT MCQs from S Valimbe

Extracted from Telegram Channel t.me/svalimbeclasses

This is only for study purpose so that I skip scrolling telegram

Kindly join the group and hit a like to his channel in youtube or other media if you liked it.

All MCQs are made by him or his team - i have merely scrapped it",Q: For a non-banking; non-financial company - Interest on loan earned will be a part of denominator (F) but not of numerator (E) for the purpose of Rule 42 Appointment of ITC!,Valid,Invalid,Blank,Blank,A,Won't be considered as exempt..,,,,,,,,,,,,,,,,,,,,,,,,,,,,,,,,,,,
1,97,"IDT MCQs from S Valimbe

Extracted from Telegram Channel t.me/svalimbeclasses

This is only for study purpose so that I skip scrolling telegram

Kindly join the group and hit a like to his channel in youtube or other media if you liked it.

All MCQs are made by him or his team - i have merely scrapped it","Q: Machine purchased for exclusive use of Product A (Exempt), on 24/08/26. W.e.f 2/10/2026, it shall also be used for producing Product B (taxable). Calculate Tie (ineligible credit)? GST paid on machine purchase is Rs. 24,000.","2,400","1,200","3,600",None of above,A,"2 quarters. 5% per quarter, so 10%. Part of the quarter is considered full! So 2 quarters are: July-Sep ; Oct-Dec",,,,,,,,,,,,,,,,,,,,,,,,,,,,,,,,,,,
1,98,"IDT MCQs from S Valimbe

Extracted from Telegram Channel t.me/svalimbeclasses

This is only for study purpose so that I skip scrolling telegram

Kindly join the group and hit a like to his channel in youtube or other media if you liked it.

All MCQs are made by him or his team - i have merely scrapped it",Q: Motor Vehicle with seating capacity of 13 passengers and a driver. ITC available on purchase of such MV?,Yes,No,Blank,Blank,A,Total 14: ITC available. Upto 13 (including driver) - ineligible MV,,,,,,,,,,,,,,,,,,,,,,,,,,,,,,,,,,,
1,99,"IDT MCQs from S Valimbe

Extracted from Telegram Channel t.me/svalimbeclasses

This is only for study purpose so that I skip scrolling telegram

Kindly join the group and hit a like to his channel in youtube or other media if you liked it.

All MCQs are made by him or his team - i have merely scrapped it",Q: Will Tata Motors get ITC of GST charged on insurance premium paid w.r.t it's Nexon Cars manufactured at factory?,Yes,No. Blocked Since Nexon is an ineligible MV,Blank,Blank,A,Covered under exceptions. Manufacturer of ineligible MV is an exception.,,,,,,,,,,,,,,,,,,,,,,,,,,,,,,,,,,,
1,100,"IDT MCQs from S Valimbe

Extracted from Telegram Channel t.me/svalimbeclasses

This is only for study purpose so that I skip scrolling telegram

Kindly join the group and hit a like to his channel in youtube or other media if you liked it.

All MCQs are made by him or his team - i have merely scrapped it",Q: Works Contract Service availed by a software company for it's office construction. Capitalised in books. GST available?,Yes,No,Blank,Blank,B,17(5)(c) blocked..,,,,,,,,,,,,,,,,,,,,,,,,,,,,,,,,,,,
1,101,"IDT MCQs from S Valimbe

Extracted from Telegram Channel t.me/svalimbeclasses

This is only for study purpose so that I skip scrolling telegram

Kindly join the group and hit a like to his channel in youtube or other media if you liked it.

All MCQs are made by him or his team - i have merely scrapped it","Q: Khamani & Co availed cement, paint, iron rods and services of interior designers for construction of a commercial complex for one of its clients. ITC available on inward supplies to Khamani & Co?",Yes,"No, blocked. 17(5)(d)",Blank,Blank,A,"Sub contracting exception shall apply. Focus on words ""for one of its clients"".",,,,,,,,,,,,,,,,,,,,,,,,,,,,,,,,,,,
1,102,"IDT MCQs from S Valimbe

Extracted from Telegram Channel t.me/svalimbeclasses

This is only for study purpose so that I skip scrolling telegram

Kindly join the group and hit a like to his channel in youtube or other media if you liked it.

All MCQs are made by him or his team - i have merely scrapped it","Q: Akara Traders is unregistered under GST, since it's entire sale (Product A) is exempt from GST. Turnover is Rs. 3.2 crores. The Exemption has been withdrawn and now it's product is taxable. Akara will apply for GSTIN.",It can avail ITC of existing inputs only (as on relevant date),It can avail ITC of existing inputs and input services,It can avail ITC of existing inputs and capital goods,None of above,A,"This will fall under sec 18(1)(a), not 18(1)(d). Since the person is unregistered!",,,,,,,,,,,,,,,,,,,,,,,,,,,,,,,,,,,
1,103,"IDT MCQs from S Valimbe

Extracted from Telegram Channel t.me/svalimbeclasses

This is only for study purpose so that I skip scrolling telegram

Kindly join the group and hit a like to his channel in youtube or other media if you liked it.

All MCQs are made by him or his team - i have merely scrapped it",Q; Basis of Reversal of ITC on capital goods in case the person opts for composition scheme?,5% per quarter reduction,Pro rata reduction,Higher of above,Lower of above,B,Sec 18(4) read with Rule 44.,,,,,,,,,,,,,,,,,,,,,,,,,,,,,,,,,,,
1,104,"IDT MCQs from S Valimbe

Extracted from Telegram Channel t.me/svalimbeclasses

This is only for study purpose so that I skip scrolling telegram

Kindly join the group and hit a like to his channel in youtube or other media if you liked it.

All MCQs are made by him or his team - i have merely scrapped it",Q: Time limit to file ITC-02 - for transfer of ITC on change in constitution of registered person.,30 days from appointed date of scheme,30 days from obtaining new registration of the new entity,No time limit,30 days from transfer of assets,C,There is no time limit for ITC 02. But there is a time limit for ITC 02A (when more than one reg obtained in the same state),,,,,,,,,,,,,,,,,,,,,,,,,,,,,,,,,,,
1,105,"IDT MCQs from S Valimbe

Extracted from Telegram Channel t.me/svalimbeclasses

This is only for study purpose so that I skip scrolling telegram

Kindly join the group and hit a like to his channel in youtube or other media if you liked it.

All MCQs are made by him or his team - i have merely scrapped it",Q: ITC-02 for ITC transfer in case of change in constitution of registered person is possible to be filed only in the states where transferor and transferee both are registered.,Valid,Invalid,Blank,Blank,A,"This is actually not a legal restriction, but rather a portal restriction. But mentioned in SM as well.",,,,,,,,,,,,,,,,,,,,,,,,,,,,,,,,,,,
1,106,"IDT MCQs from S Valimbe

Extracted from Telegram Channel t.me/svalimbeclasses

This is only for study purpose so that I skip scrolling telegram

Kindly join the group and hit a like to his channel in youtube or other media if you liked it.

All MCQs are made by him or his team - i have merely scrapped it","Q: ITC of Rs. 48,000 availed on moulds and dies. After 2 years, those were sold as scrap at Rs. 15,500. GST is 5%. How much GST to be paid by the registered person pursuant to section 18(6)?","28,800",775,Nil,"48,000",B,"Since it's sold as scrap - no need to compare both values. Instead, pay tax on Transaction Value.",,,,,,,,,,,,,,,,,,,,,,,,,,,,,,,,,,,
1,107,"IDT MCQs from S Valimbe

Extracted from Telegram Channel t.me/svalimbeclasses

This is only for study purpose so that I skip scrolling telegram

Kindly join the group and hit a like to his channel in youtube or other media if you liked it.

All MCQs are made by him or his team - i have merely scrapped it",Q: Select the correct statement w.r.t RCM inward supplies ITC being routed through ISD route.,RCM supplies ITC can't be routed through ISD route,ISD can pay tax under RCM and distribute the credit,Some other Reg in same state can pay tax under RCM and cross charge to ISD for ITC distribution,Some other Reg in same/diff state can pay tax under RCM & cross charge to ISD for ITC distribution,C,Refer to Rule 39(1A). Other reg has to be in the same state.,,,,,,,,,,,,,,,,,,,,,,,,,,,,,,,,,,,
1,108,"IDT MCQs from S Valimbe

Extracted from Telegram Channel t.me/svalimbeclasses

This is only for study purpose so that I skip scrolling telegram

Kindly join the group and hit a like to his channel in youtube or other media if you liked it.

All MCQs are made by him or his team - i have merely scrapped it",Q: Sale of shoes from Telangana. All sold within the state. Turnover is Rs. 39 Lacs. Registration required?,Yes,No,Blank,Blank,A,"Limit for Telangana is 20 Lacs, not 40 Lacs.",,,,,,,,,,,,,,,,,,,,,,,,,,,,,,,,,,,
1,109,"IDT MCQs from S Valimbe

Extracted from Telegram Channel t.me/svalimbeclasses

This is only for study purpose so that I skip scrolling telegram

Kindly join the group and hit a like to his channel in youtube or other media if you liked it.

All MCQs are made by him or his team - i have merely scrapped it",Q: GST Registration shall be required only in those states where the supplier has a fixed establishment.,True,False,Blank,Blank,A,"That would constitute the ""location of supplier"".",,,,,,,,,,,,,,,,,,,,,,,,,,,,,,,,,,,
1,110,"IDT MCQs from S Valimbe

Extracted from Telegram Channel t.me/svalimbeclasses

This is only for study purpose so that I skip scrolling telegram

Kindly join the group and hit a like to his channel in youtube or other media if you liked it.

All MCQs are made by him or his team - i have merely scrapped it","Q: Supplier of services - in all cases - Inter, Intra or through ECO - would get the registration threshold limit of 10/20 Lacs.",True,False,Blank,Blank,A,Sec 23(2) gives the threshold for inter state services as well as services via ECO.,,,,,,,,,,,,,,,,,,,,,,,,,,,,,,,,,,,
1,111,"IDT MCQs from S Valimbe

Extracted from Telegram Channel t.me/svalimbeclasses

This is only for study purpose so that I skip scrolling telegram

Kindly join the group and hit a like to his channel in youtube or other media if you liked it.

All MCQs are made by him or his team - i have merely scrapped it",Q: Supplier (in Non Taxable Territory) supplying online money gaming to a person in India - requires mandatory registration under section 24.,Valid,Invalid. Would depend on the registration status of the Recipient.,Blank,Blank,A,"Status of Recipient would matter in OIDAR services, not in online money gaming.",,,,,,,,,,,,,,,,,,,,,,,,,,,,,,,,,,,
1,112,"IDT MCQs from S Valimbe

Extracted from Telegram Channel t.me/svalimbeclasses

This is only for study purpose so that I skip scrolling telegram

Kindly join the group and hit a like to his channel in youtube or other media if you liked it.

All MCQs are made by him or his team - i have merely scrapped it",Q: CTP (Casual Taxable Person) needs to obtain registration at least 5 days prior to commencement of business in the relevant state.,Valid,Invalid,Blank,Blank,B,"Needs to ""apply"" at least 5 days in advance. And not start the taxable supplies unless the registration is granted.",,,,,,,,,,,,,,,,,,,,,,,,,,,,,,,,,,,
1,113,"IDT MCQs from S Valimbe

Extracted from Telegram Channel t.me/svalimbeclasses

This is only for study purpose so that I skip scrolling telegram

Kindly join the group and hit a like to his channel in youtube or other media if you liked it.

All MCQs are made by him or his team - i have merely scrapped it",Q: UIN (Unique Identity Number) holder is not a registered person under GST.,True,False,Blank,Blank,A,See definition of Registered Person - 2(94). Specifically excluded.,,,,,,,,,,,,,,,,,,,,,,,,,,,,,,,,,,,
1,114,"IDT MCQs from S Valimbe

Extracted from Telegram Channel t.me/svalimbeclasses

This is only for study purpose so that I skip scrolling telegram

Kindly join the group and hit a like to his channel in youtube or other media if you liked it.

All MCQs are made by him or his team - i have merely scrapped it",Q: Taxable Sale to Reg Persons is 12 Lacs per month. Taxable Sale to unregistered customers is 52 lacs per month. GST - 18%. Rule 14A fast-track registration possible? Large amount of RCM inward supplies received as well.,Yes,No,Can't comment without knowing inward RCM liability figure,Blank,A,"B2B outward liability matters. That's it. And it won't cross 2.5 lacs per month. 12 x 18% = 2,16,000.",,,,,,,,,,,,,,,,,,,,,,,,,,,,,,,,,,,
1,115,"IDT MCQs from S Valimbe

Extracted from Telegram Channel t.me/svalimbeclasses

This is only for study purpose so that I skip scrolling telegram

Kindly join the group and hit a like to his channel in youtube or other media if you liked it.

All MCQs are made by him or his team - i have merely scrapped it",Q: Relaxation w.r.t. Rule 10A - bank account details (can fill later instead of during the registration application) is NA to:,TDS deductor,TCS collector,Suo Motu Registration by the PO,All of above,D,These are the 3 exceptions for Rule 10A bank account details.,,,,,,,,,,,,,,,,,,,,,,,,,,,,,,,,,,,
1,116,"IDT MCQs from S Valimbe

Extracted from Telegram Channel t.me/svalimbeclasses

This is only for study purpose so that I skip scrolling telegram

Kindly join the group and hit a like to his channel in youtube or other media if you liked it.

All MCQs are made by him or his team - i have merely scrapped it","Q: I am a person based and registered in Pune, MH. I am planning to go to Delhi to participate in an upcoming exhibition. Total period of exhibition is 7 months. Can I take registration as CTP - Casual Taxable Person in Delhi?",Yes,No. Normal registration to be obtained,Blank,Blank,B,The maximum possible period of registration as CTP - including the extension is 180 days. (90 original and 90 days extension). H,,,,,,,,,,,,,,,,,,,,,,,,,,,,,,,,,,,
1,117,"IDT MCQs from S Valimbe

Extracted from Telegram Channel t.me/svalimbeclasses

This is only for study purpose so that I skip scrolling telegram

Kindly join the group and hit a like to his channel in youtube or other media if you liked it.

All MCQs are made by him or his team - i have merely scrapped it","Q: If recipient is unregistered, and value of supply is Rs. 30,000 - by Supplier of OIDAR. Is the name of the state of Recipient mandatory? Recipient doesn't insist on it.",Yes,"No, since value is less than 50,000",Name of state of Recipient on Invoice is never mandatory in B2C case,Blank,A,"Proviso to Rule 46(f). 3 services: Online money gaming, by or through ECO, oidar supplier - recording name of state of R is mandatory in B2C supply, regardless of value of supply",,,,,,,,,,,,,,,,,,,,,,,,,,,,,,,,,,,
1,118,"IDT MCQs from S Valimbe

Extracted from Telegram Channel t.me/svalimbeclasses

This is only for study purpose so that I skip scrolling telegram

Kindly join the group and hit a like to his channel in youtube or other media if you liked it.

All MCQs are made by him or his team - i have merely scrapped it","Q: If the supplier is registered, and the supply is taxable under RCM - Who will issue the tax invoice?",Supplier: RCM disclosure on the invoice,Recipient: Self Invoice since it's RCM case,Anyone of them,Blank,A,"Self Invoice NA here, since S is registered.",,,,,,,,,,,,,,,,,,,,,,,,,,,,,,,,,,,
1,119,"IDT MCQs from S Valimbe

Extracted from Telegram Channel t.me/svalimbeclasses

This is only for study purpose so that I skip scrolling telegram

Kindly join the group and hit a like to his channel in youtube or other media if you liked it.

All MCQs are made by him or his team - i have merely scrapped it",Q: What is applicable for exports?,E Invoicing,Dynamic QR Code,Neither,Both,A,E Invoicing for B2B sales and Exports,,,,,,,,,,,,,,,,,,,,,,,,,,,,,,,,,,,
1,120,"IDT MCQs from S Valimbe

Extracted from Telegram Channel t.me/svalimbeclasses

This is only for study purpose so that I skip scrolling telegram

Kindly join the group and hit a like to his channel in youtube or other media if you liked it.

All MCQs are made by him or his team - i have merely scrapped it",Q: Supply to UIN Holder. What can be applicable if turnover limit is crossed?,E Invoicing,Dynamic QR Code,Neither,Blank,B,"UIN Holder is not a ""registered person"". Section 2 (94) definition. So it's considered as a b2c supply.",,,,,,,,,,,,,,,,,,,,,,,,,,,,,,,,,,,
1,121,"IDT MCQs from S Valimbe

Extracted from Telegram Channel t.me/svalimbeclasses

This is only for study purpose so that I skip scrolling telegram

Kindly join the group and hit a like to his channel in youtube or other media if you liked it.

All MCQs are made by him or his team - i have merely scrapped it",Q: Supplier issued an e-invoice without IRN (Invoice Ref No) - where e-invoicing was applicable on the supplier. Can recipient avail ITC on the basis of such invoice?,"Yes, it's still an invoice and no mistake on the part of the recipient",No,Blank,Blank,B,"Such an invoice is not treated as a valid invoice. Rule 48, CGST Rules. No ITC for Recipient",,,,,,,,,,,,,,,,,,,,,,,,,,,,,,,,,,,
1,122,"IDT MCQs from S Valimbe

Extracted from Telegram Channel t.me/svalimbeclasses

This is only for study purpose so that I skip scrolling telegram

Kindly join the group and hit a like to his channel in youtube or other media if you liked it.

All MCQs are made by him or his team - i have merely scrapped it",Q: Does the QR of the e-invoice contain HSN of all the items of the invoice?,Yes,No,Blank,Blank,B,Only of the main item - highest taxable value,,,,,,,,,,,,,,,,,,,,,,,,,,,,,,,,,,,
1,123,"IDT MCQs from S Valimbe

Extracted from Telegram Channel t.me/svalimbeclasses

This is only for study purpose so that I skip scrolling telegram

Kindly join the group and hit a like to his channel in youtube or other media if you liked it.

All MCQs are made by him or his team - i have merely scrapped it","Q: Inter State B2B Supply exceeding __ : Recipient wise revised tax invoice to be issued, instead of any consolidated revised tax invoice","1,00,000","2,50,000",Wrong Question: Even if Rs. 1 such supply - separate revised invoice to be issued,"50,000",C,"Consolidated tax invoice concept applicable for B2C supplies, not B2B. For B2B - separate invoice mandatory regardless of the value.",,,,,,,,,,,,,,,,,,,,,,,,,,,,,,,,,,,
1,124,"IDT MCQs from S Valimbe

Extracted from Telegram Channel t.me/svalimbeclasses

This is only for study purpose so that I skip scrolling telegram

Kindly join the group and hit a like to his channel in youtube or other media if you liked it.

All MCQs are made by him or his team - i have merely scrapped it",Q: BVG Security Firm (unreg) provided security personnel service to Mr. Ashok Gupta (registered). What documents would be issued by Mr. Ashok in this case of supply and payment for it?,Self Invoice,Payment voucher,Both of the above,Neither,C,"This is a RCM supply. Every RCM supply would require payment voucher. Also, since S is unregistered - self Invoice shall be required.",,,,,,,,,,,,,,,,,,,,,,,,,,,,,,,,,,,
1,125,"IDT MCQs from S Valimbe

Extracted from Telegram Channel t.me/svalimbeclasses

This is only for study purpose so that I skip scrolling telegram

Kindly join the group and hit a like to his channel in youtube or other media if you liked it.

All MCQs are made by him or his team - i have merely scrapped it","Q: If the applicable circumstances arise, Issue of Debit Note is mandatory; whereas issue of Credit Note is optional.",True,"False, both are mandatory",Blank,Blank,A,"A debit note is just like an invoice. Sec 34 uses the word ""shall"" for debit note and ""may"" for credit note.",,,,,,,,,,,,,,,,,,,,,,,,,,,,,,,,,,,
1,126,"IDT MCQs from S Valimbe

Extracted from Telegram Channel t.me/svalimbeclasses

This is only for study purpose so that I skip scrolling telegram

Kindly join the group and hit a like to his channel in youtube or other media if you liked it.

All MCQs are made by him or his team - i have merely scrapped it","Q: In general, Books of APOB are to be maintained at?",Principal Place of Business,Additional Place of Business,Anywhere. Just intimate the PO,Blank,B,"Exception - sale of tea, rubber etc via auction - warehouse is declared as APOB. Such books can be maintained at PPOB - PO to be notified.",,,,,,,,,,,,,,,,,,,,,,,,,,,,,,,,,,,
1,127,"IDT MCQs from S Valimbe

Extracted from Telegram Channel t.me/svalimbeclasses

This is only for study purpose so that I skip scrolling telegram

Kindly join the group and hit a like to his channel in youtube or other media if you liked it.

All MCQs are made by him or his team - i have merely scrapped it",Q: Which records are to be maintained by a regular scheme registered person but not a composition scheme registered person?,Stock details,Details of tax,Both of above,Supplies made,C,Learn it.,,,,,,,,,,,,,,,,,,,,,,,,,,,,,,,,,,,
1,128,"IDT MCQs from S Valimbe

Extracted from Telegram Channel t.me/svalimbeclasses

This is only for study purpose so that I skip scrolling telegram

Kindly join the group and hit a like to his channel in youtube or other media if you liked it.

All MCQs are made by him or his team - i have merely scrapped it",Q: A manufacturer has to maintain ____ production accounts showing quantitative details of raw materials/services used.,Monthly,Quarterly,Daily,2 weekly,A,Sec 35 read with Rules.,,,,,,,,,,,,,,,,,,,,,,,,,,,,,,,,,,,
1,129,"IDT MCQs from S Valimbe

Extracted from Telegram Channel t.me/svalimbeclasses

This is only for study purpose so that I skip scrolling telegram

Kindly join the group and hit a like to his channel in youtube or other media if you liked it.

All MCQs are made by him or his team - i have merely scrapped it",Q: Unregistered Dealer (buyer or seller) can use ____ to generate e-way bill.,ENR - 01,ENR - 02,ENR - 03,Ewb - 03,C,Blank,,,,,,,,,,,,,,,,,,,,,,,,,,,,,,,,,,,
1,130,"IDT MCQs from S Valimbe

Extracted from Telegram Channel t.me/svalimbeclasses

This is only for study purpose so that I skip scrolling telegram

Kindly join the group and hit a like to his channel in youtube or other media if you liked it.

All MCQs are made by him or his team - i have merely scrapped it",Q: EWB can be generated after commencement of movement of goods as well.,"Valid in case of transport by Vessel, Air, Railways. Invalid for vehicle mode",Invalid. Needs to be generated prior to movement of goods,Valid in any mode of transport,Blank,A,"This benefit is only when transport is via vessel, air or railways.",,,,,,,,,,,,,,,,,,,,,,,,,,,,,,,,,,,
1,131,"IDT MCQs from S Valimbe

Extracted from Telegram Channel t.me/svalimbeclasses

This is only for study purpose so that I skip scrolling telegram

Kindly join the group and hit a like to his channel in youtube or other media if you liked it.

All MCQs are made by him or his team - i have merely scrapped it",Q: E-way Bill required in which of the following case?,Unworked coral,Kerosine oil sold under Public Distribution System,Movement caused by Defence Ministry as consignee,None of above,D,All are exempt,,,,,,,,,,,,,,,,,,,,,,,,,,,,,,,,,,,
1,132,"IDT MCQs from S Valimbe

Extracted from Telegram Channel t.me/svalimbeclasses

This is only for study purpose so that I skip scrolling telegram

Kindly join the group and hit a like to his channel in youtube or other media if you liked it.

All MCQs are made by him or his team - i have merely scrapped it","Q: Manual challan is possible if the amount of challan is less than Rs. 10,000",True,False,Blank,Blank,B,10k limit is on Over the Counter Payment. Challan can't be manual. Has to be system generated.,,,,,,,,,,,,,,,,,,,,,,,,,,,,,,,,,,,
1,133,"IDT MCQs from S Valimbe

Extracted from Telegram Channel t.me/svalimbeclasses

This is only for study purpose so that I skip scrolling telegram

Kindly join the group and hit a like to his channel in youtube or other media if you liked it.

All MCQs are made by him or his team - i have merely scrapped it",Q: PMT 09 can be used to transfer any amount of any head under e-credit ledger to another head under the same GSTIN.,True,False,Blank,Blank,B,"That's for E - Cash Ledger, not E - Credit",,,,,,,,,,,,,,,,,,,,,,,,,,,,,,,,,,,
1,134,"IDT MCQs from S Valimbe

Extracted from Telegram Channel t.me/svalimbeclasses

This is only for study purpose so that I skip scrolling telegram

Kindly join the group and hit a like to his channel in youtube or other media if you liked it.

All MCQs are made by him or his team - i have merely scrapped it",Q: Mr Masoom is a wholesaler of tobacco based products. He pays tax on the goods valued under Rule 31D i.e..based on MRP. Is he required to comply with Rule 86B (max 99% output liability payment via ITC) if supplies exceed the limit?,Yes,No,Blank,Blank,B,Other than manufacturers - exempt from Rule 86B - if tax paid on the basis of RSP/MRP.,,,,,,,,,,,,,,,,,,,,,,,,,,,,,,,,,,,
1,135,"IDT MCQs from S Valimbe

Extracted from Telegram Channel t.me/svalimbeclasses

This is only for study purpose so that I skip scrolling telegram

Kindly join the group and hit a like to his channel in youtube or other media if you liked it.

All MCQs are made by him or his team - i have merely scrapped it","Q: GSTR 3B for Sep was filed on 26 October by a monthly filer. Tax payable as Rs. 28,000. He used ITC worth Rs. 16,000 and balance via e cash ledger. Rs. 3,500 was deposited in e-cash ledger on 21 October, stayed in the ledger till 3B filing. Interest on?","28,000","12,000","8,500",None of above,B,E-cash ledger balance not considered because the money is deposited after due date of 3B.,,,,,,,,,,,,,,,,,,,,,,,,,,,,,,,,,,,
1,136,"IDT MCQs from S Valimbe

Extracted from Telegram Channel t.me/svalimbeclasses

This is only for study purpose so that I skip scrolling telegram

Kindly join the group and hit a like to his channel in youtube or other media if you liked it.

All MCQs are made by him or his team - i have merely scrapped it","Q: GSTR 3B for Sep was filed on 26 October by a monthly filer. Tax payable Rs. 28,000. He used ITC worth Rs. 16,000 and balance paid via e cash ledger. Rs. 3,500 was deposited in e-cash ledger on 19 October, stayed in the ledger till 3B filing.","28,000","24,500","12,000","8,500",B,74A invoked so GST paid via ITC shall be considered for interest calculations. But balance in e-cash shall not be considered since it has been deposited on/before due date and stayed till 3B filing.,,,,,,,,,,,,,,,,,,,,,,,,,,,,,,,,,,,
1,137,"IDT MCQs from S Valimbe

Extracted from Telegram Channel t.me/svalimbeclasses

This is only for study purpose so that I skip scrolling telegram

Kindly join the group and hit a like to his channel in youtube or other media if you liked it.

All MCQs are made by him or his team - i have merely scrapped it","Q: In which of the following cases can we surely say that ITC wrongly availed has been utilised as well.

Wrongly availed ITC: 15,000","ITC Balance = 10,000","ITC Balance = 15,000","ITC Balance = 17,000",None of above,A,Wrongly availed ITC is utilised for sure when ITC balance falls below the wrongly availed ITC.,,,,,,,,,,,,,,,,,,,,,,,,,,,,,,,,,,,
1,138,"IDT MCQs from S Valimbe

Extracted from Telegram Channel t.me/svalimbeclasses

This is only for study purpose so that I skip scrolling telegram

Kindly join the group and hit a like to his channel in youtube or other media if you liked it.

All MCQs are made by him or his team - i have merely scrapped it",Q: Filing GSTR 7 (TDS) is mandatory every month even if there is no deduction i.e. Nil return is mandatory.,True,False. Filing required only when tax deducted in a particular month.,Blank,Blank,A,Sequential filing ✅ Mandatory TDS Return required,,,,,,,,,,,,,,,,,,,,,,,,,,,,,,,,,,,
1,139,"IDT MCQs from S Valimbe

Extracted from Telegram Channel t.me/svalimbeclasses

This is only for study purpose so that I skip scrolling telegram

Kindly join the group and hit a like to his channel in youtube or other media if you liked it.

All MCQs are made by him or his team - i have merely scrapped it","Q: Contract Value = 2,62,500. (Inclusive of GST). GST - 5%. It's a taxable supply. Upcoming payment due is Rs. 25,000 plus GST. The recipient is Local Authority. Amount of TDS?",Rs. 500,Rs. 250,TDS not applicable here,"5,000",C,"TDS NA since contract value does not exceed Rs. 2,50,000. We have to see the Taxable Net Value.. exclusive of GST. If TDS is applicable, it's deducted from the payment value.",,,,,,,,,,,,,,,,,,,,,,,,,,,,,,,,,,,
1,140,"IDT MCQs from S Valimbe

Extracted from Telegram Channel t.me/svalimbeclasses

This is only for study purpose so that I skip scrolling telegram

Kindly join the group and hit a like to his channel in youtube or other media if you liked it.

All MCQs are made by him or his team - i have merely scrapped it",Q: Transport of passenger service provided by Sangam Travels (OPC) Pvt Ltd - via omnibus. Recipients are unregistered persons. Service is provided via Red Bus App! Will TCS be applicable?,Yes,No,Blank,Blank,A,Since Supplier is a company - transport of passengers service through ECO via omnibus - 9(5) is NA. Hence TCS applies.,,,,,,,,,,,,,,,,,,,,,,,,,,,,,,,,,,,
1,141,"IDT MCQs from S Valimbe

Extracted from Telegram Channel t.me/svalimbeclasses

This is only for study purpose so that I skip scrolling telegram

Kindly join the group and hit a like to his channel in youtube or other media if you liked it.

All MCQs are made by him or his team - i have merely scrapped it","Q: Shahi Stays provides hotel service via MMT (Make my Trip). Shahi Stays has obtained voluntary registration, turnover is Rs. 8 Lacs. Who will pay GST on such accommodation service?",MMT,Shashi Stays,No GST,Exempt supply,A,9(5) applies. Not covered under exception since Supplier is not liable for registration u/s 22. Voluntary registration will not fall under exception.,,,,,,,,,,,,,,,,,,,,,,,,,,,,,,,,,,,
1,142,"IDT MCQs from S Valimbe

Extracted from Telegram Channel t.me/svalimbeclasses

This is only for study purpose so that I skip scrolling telegram

Kindly join the group and hit a like to his channel in youtube or other media if you liked it.

All MCQs are made by him or his team - i have merely scrapped it","Q: Kimaya Stays provides accomodation service. It is obtaining registration under GST. It files GST REG 01 on 13/9/26. Gets REG 02 acknowledgement on 14/9/26. Registration granted on 19/9/2026. By when can it declare itself to be a ""specified premises""?",Within 15 days of 13/9/2026,Within 15 days of 14/9/2026,Within 15 days of 19/9/2026,It can't declare itself voluntarily. Would depend on the rent amount.,B,Can be filed within 15 days of obtaining acknowledgement for the registration application.,,,,,,,,,,,,,,,,,,,,,,,,,,,,,,,,,,,
1,143,"IDT MCQs from S Valimbe

Extracted from Telegram Channel t.me/svalimbeclasses

This is only for study purpose so that I skip scrolling telegram

Kindly join the group and hit a like to his channel in youtube or other media if you liked it.

All MCQs are made by him or his team - i have merely scrapped it",Q: Can ECO pay GST on notified services 9(5) using it's ITC?,Yes,No,Blank,Blank,B,Needs to be paid via cash. ITC can be used to pay GST on outward supplies on own account like listing fees.,,,,,,,,,,,,,,,,,,,,,,,,,,,,,,,,,,,
1,144,"IDT MCQs from S Valimbe

Extracted from Telegram Channel t.me/svalimbeclasses

This is only for study purpose so that I skip scrolling telegram

Kindly join the group and hit a like to his channel in youtube or other media if you liked it.

All MCQs are made by him or his team - i have merely scrapped it",Q: 9(5) notified services turnover is included in Aggregate Turnover of whom? Supplier or ECO?,Actual Supplier,ECO,Blank,Blank,A,Blank,,,,,,,,,,,,,,,,,,,,,,,,,,,,,,,,,,,
1,145,"IDT MCQs from S Valimbe

Extracted from Telegram Channel t.me/svalimbeclasses

This is only for study purpose so that I skip scrolling telegram

Kindly join the group and hit a like to his channel in youtube or other media if you liked it.

All MCQs are made by him or his team - i have merely scrapped it","Q: Composition Supplier of goods can supply through ECO. And, TCS shall also be applicable.",True,False: Composition Supplier can't supply through ECO,False: Composition Supplier can supply but TCS NA,Blank,A,Services are not permitted. TCS applies since S is registered. Can be claimed in E-Cash Ledger.,,,,,,,,,,,,,,,,,,,,,,,,,,,,,,,,,,,
1,146,"IDT MCQs from S Valimbe

Extracted from Telegram Channel t.me/svalimbeclasses

This is only for study purpose so that I skip scrolling telegram

Kindly join the group and hit a like to his channel in youtube or other media if you liked it.

All MCQs are made by him or his team - i have merely scrapped it",Q: Who amongst the following is supposed to file GSTR-1?,ISD,Casual Taxable Person,ECO,None of above,B,Blank,,,,,,,,,,,,,,,,,,,,,,,,,,,,,,,,,,,
1,147,"IDT MCQs from S Valimbe

Extracted from Telegram Channel t.me/svalimbeclasses

This is only for study purpose so that I skip scrolling telegram

Kindly join the group and hit a like to his channel in youtube or other media if you liked it.

All MCQs are made by him or his team - i have merely scrapped it",Q: Can we declare B2C supplies in IFF - Invoice Furnishing Facility?,Yes,No,Blank,Blank,B,IFF is for B2B supplies of month 1 and 2 of a quarter for QRMP. Limit of 50 lacs (value of supply )per month also exists.,,,,,,,,,,,,,,,,,,,,,,,,,,,,,,,,,,,
1,148,"IDT MCQs from S Valimbe

Extracted from Telegram Channel t.me/svalimbeclasses

This is only for study purpose so that I skip scrolling telegram

Kindly join the group and hit a like to his channel in youtube or other media if you liked it.

All MCQs are made by him or his team - i have merely scrapped it","Q: Supply to a registered person. Value is Rs. 78,000. Intra state. To be declared individually or can be consolidated in GSTR-1?",To be declared individually,"Can be consolidated since value is not exceeding Rs. 1,00,000",Blank,Blank,A,Since it's a B2B. Recipient would want ITC.,,,,,,,,,,,,,,,,,,,,,,,,,,,,,,,,,,,
1,149,"IDT MCQs from S Valimbe

Extracted from Telegram Channel t.me/svalimbeclasses

This is only for study purpose so that I skip scrolling telegram

Kindly join the group and hit a like to his channel in youtube or other media if you liked it.

All MCQs are made by him or his team - i have merely scrapped it","Q: Supply to an unregistered person. Value is Rs. 7,78,000. Intra state. To be declared individually or can be consolidated in GSTR-1?",Declare individually,Can be consolidated - for each tax rate..,Blank,Blank,B,B2C - Intra - consolidate for each tax rate,,,,,,,,,,,,,,,,,,,,,,,,,,,,,,,,,,,
1,150,"IDT MCQs from S Valimbe

Extracted from Telegram Channel t.me/svalimbeclasses

This is only for study purpose so that I skip scrolling telegram

Kindly join the group and hit a like to his channel in youtube or other media if you liked it.

All MCQs are made by him or his team - i have merely scrapped it",Q: I have filed GSTR-1 but the GSTIN of Recipient was filled wrong. Can I rectify this via GSTR-1A?,Yes,No: Rectify it in next period GSTR-1,Yes: Provided GSTR 3B is not filed yet.,Blank,B,Specific point. Learn it.,,,,,,,,,,,,,,,,,,,,,,,,,,,,,,,,,,,
1,151,"IDT MCQs from S Valimbe

Extracted from Telegram Channel t.me/svalimbeclasses

This is only for study purpose so that I skip scrolling telegram

Kindly join the group and hit a like to his channel in youtube or other media if you liked it.

All MCQs are made by him or his team - i have merely scrapped it","Q: I am a monthly filer. I filed GSTR-1 for August on 11 September. 3B yet to be filed. I missed one invoice. I added it via GSTR 1A, which I filed on 12 September. What all impacts would it create for my 3B and respective recipient's 2B?",Will impact my 3B for September. Will come in 2B of Rec of Aug - which would generate on September,Will impact my 3B for August. Will come in 2B of Rec of Sep - which would generate on 14 October,Will impact my 3B for August. Will come in 2B of Rec of Aug - which would generate on September,Will impact my 3B for September. Will come in 2B of Rec of Sep - which would generate on 14 October,B,Will reflect in 2B of Recipient for next tax period. But my 3B in current tax period.,,,,,,,,,,,,,,,,,,,,,,,,,,,,,,,,,,,
1,152,"IDT MCQs from S Valimbe

Extracted from Telegram Channel t.me/svalimbeclasses

This is only for study purpose so that I skip scrolling telegram

Kindly join the group and hit a like to his channel in youtube or other media if you liked it.

All MCQs are made by him or his team - i have merely scrapped it",Q: A registered person intends to apply for QRMP Scheme for the October - December quarter. In what period can he opt for the same?,1 - 31 October,1 Aug - 31 October,1 Aug - 30 September,None of above,B,1st of second month of preceding Quarter till last of first month of the quarter.,,,,,,,,,,,,,,,,,,,,,,,,,,,,,,,,,,,
1,153,"IDT MCQs from S Valimbe

Extracted from Telegram Channel t.me/svalimbeclasses

This is only for study purpose so that I skip scrolling telegram

Kindly join the group and hit a like to his channel in youtube or other media if you liked it.

All MCQs are made by him or his team - i have merely scrapped it","Q: Which of the following is not a correct statement for ""Deemed Exports""?",These are not Zero Rated Supplies,Tax is to be paid; but refund can be claimed by either Supplier or Recipient,Only goods specific cases are covered under Deemed Exports; not Services,Convertible Foreign Currency should be received in payment; INR not permitted,D,Convertible Foreign Currency or INR can be received. Section 147 - CGST,,,,,,,,,,,,,,,,,,,,,,,,,,,,,,,,,,,
1,154,"IDT MCQs from S Valimbe

Extracted from Telegram Channel t.me/svalimbeclasses

This is only for study purpose so that I skip scrolling telegram

Kindly join the group and hit a like to his channel in youtube or other media if you liked it.

All MCQs are made by him or his team - i have merely scrapped it",Q: Merchant Exporter can claim the ITC of beneficial rate of 0.1% GST.,Valid,Invalid,Blank,Blank,A,It's allowed just like any ITC,,,,,,,,,,,,,,,,,,,,,,,,,,,,,,,,,,,
1,155,"IDT MCQs from S Valimbe

Extracted from Telegram Channel t.me/svalimbeclasses

This is only for study purpose so that I skip scrolling telegram

Kindly join the group and hit a like to his channel in youtube or other media if you liked it.

All MCQs are made by him or his team - i have merely scrapped it","Q: Can it legally be an export of service by Holding Company (in India) to Subsidiary company abroad ? (Assuming all other conditions of ""service export"" are complied with)",Yes,Yes: Provided it's a wholly owned subsidiary,No: They are establishments of distinct persons,Blank,A,Clarified by Law as such.,,,,,,,,,,,,,,,,,,,,,,,,,,,,,,,,,,,
1,156,"IDT MCQs from S Valimbe

Extracted from Telegram Channel t.me/svalimbeclasses

This is only for study purpose so that I skip scrolling telegram

Kindly join the group and hit a like to his channel in youtube or other media if you liked it.

All MCQs are made by him or his team - i have merely scrapped it","Q: If a supplier exports the goods, goods actually leave India.. but payment is not received in India within FEMA time limit, what is the consequence to follow for the goods exporter?","No consequence. Since there is no payment condition attached for ""export of goods"" definition",If any ITC refund is received by such person - has to be paid back to the Gov by the person,Penalty provisions apply. No other consequence,Sir yeh to kuch bhi pata kya puch rahe ho 😅,B,Open Ch 14. Read Rule 96B and proviso to section 16(3) IGST. ITC refund to be paid back within 30 days of expiry of FEMA time limit,,,,,,,,,,,,,,,,,,,,,,,,,,,,,,,,,,,
1,157,"IDT MCQs from S Valimbe

Extracted from Telegram Channel t.me/svalimbeclasses

This is only for study purpose so that I skip scrolling telegram

Kindly join the group and hit a like to his channel in youtube or other media if you liked it.

All MCQs are made by him or his team - i have merely scrapped it","In deemed exports, if the Supplier is claiming refund of tax paid on the deemed export transaction, can the Recipient claim ITC?",Yes,No,Blank,Blank,B,But obviously!! No doubt benefit by Gov!,,,,,,,,,,,,,,,,,,,,,,,,,,,,,,,,,,,
1,158,"IDT MCQs from S Valimbe

Extracted from Telegram Channel t.me/svalimbeclasses

This is only for study purpose so that I skip scrolling telegram

Kindly join the group and hit a like to his channel in youtube or other media if you liked it.

All MCQs are made by him or his team - i have merely scrapped it",Q: Unjust Enrichment concept is applicable in which of the following cases?,Refund of tax paid on export of goods,Refund of excess balance of e-cash ledger,Refund of unutilised ITC,Refund of tax paid on supply of goods to SEZ developer/unit,D,It's NA on tax paid on export; but it's applicable on tax paid on supply to SEZ developer/unit.. super IMP ❗❌❗❌,,,,,,,,,,,,,,,,,,,,,,,,,,,,,,,,,,,
1,159,"IDT MCQs from S Valimbe

Extracted from Telegram Channel t.me/svalimbeclasses

This is only for study purpose so that I skip scrolling telegram

Kindly join the group and hit a like to his channel in youtube or other media if you liked it.

All MCQs are made by him or his team - i have merely scrapped it","Q: What is the ""due date"" for refund application in case of ZRS of goods/service to a SEZ developer/unit?",Date of furnishing return u/s 39,Due date of furnishing return u/s 39,Date of actual supply,Date of receipt of payment,B,Blank,,,,,,,,,,,,,,,,,,,,,,,,,,,,,,,,,,,
1,160,"IDT MCQs from S Valimbe

Extracted from Telegram Channel t.me/svalimbeclasses

This is only for study purpose so that I skip scrolling telegram

Kindly join the group and hit a like to his channel in youtube or other media if you liked it.

All MCQs are made by him or his team - i have merely scrapped it",Q: Can an unregistered person file refund application on the portal?,Yes,No,Blank,Blank,A,"Sec 54 uses the word ""any person"".. ID can be obtained solely for refund application...",,,,,,,,,,,,,,,,,,,,,,,,,,,,,,,,,,,
1,161,"IDT MCQs from S Valimbe

Extracted from Telegram Channel t.me/svalimbeclasses

This is only for study purpose so that I skip scrolling telegram

Kindly join the group and hit a like to his channel in youtube or other media if you liked it.

All MCQs are made by him or his team - i have merely scrapped it",Q: Provisional Refund under GST is decided and granted by PO manually. Valid or invalid?,Valid,Invalid. It's system based.,Blank,Blank,B,"Basis is identification and evaluation of risk by the system - but PO may for reasons to be recorded in writing, not grant provisional refund, and instead go for final refund only.",,,,,,,,,,,,,,,,,,,,,,,,,,,,,,,,,,,
1,162,"IDT MCQs from S Valimbe

Extracted from Telegram Channel t.me/svalimbeclasses

This is only for study purpose so that I skip scrolling telegram

Kindly join the group and hit a like to his channel in youtube or other media if you liked it.

All MCQs are made by him or his team - i have merely scrapped it",Q: Provisional Refund Payment Order (wherever applicable) shall be passed within:,7 days of receipt of application,7 days of acknowledgement of refund application,10 days of receipt of application,No such time period prescribed,B,Rule 91 - CGST Rules,,,,,,,,,,,,,,,,,,,,,,,,,,,,,,,,,,,
1,163,"IDT MCQs from S Valimbe

Extracted from Telegram Channel t.me/svalimbeclasses

This is only for study purpose so that I skip scrolling telegram

Kindly join the group and hit a like to his channel in youtube or other media if you liked it.

All MCQs are made by him or his team - i have merely scrapped it","Q: Olive Oil is a notified product, for which Rule 89(5) Inverted Duty Structure Refund is not allowed. If the same is exported under LUT though - Can refund be claimed under Rule 89(4) instead?",Yes,No,Blank,Blank,A,Rule 89(5) is not permitted. But Rule 89(4) is allowed..,,,,,,,,,,,,,,,,,,,,,,,,,,,,,,,,,,,
1,164,"IDT MCQs from S Valimbe

Extracted from Telegram Channel t.me/svalimbeclasses

This is only for study purpose so that I skip scrolling telegram

Kindly join the group and hit a like to his channel in youtube or other media if you liked it.

All MCQs are made by him or his team - i have merely scrapped it","Q: Payment received in the current tax period for ZRS of Service is Rs. 20,000. Advance out of it (work in the next tax period) is Rs. 3,500. Some work completed in the current tax period for which money was received last tax period: Rs. 7,200.","20,000","16,500","27,200","23,700",D,"Focus on: Amount Received and work completion in current tax period. Hence, 20,000 + 7,200 - 3,500 advance - which shall be considered when the work is complete in future",,,,,,,,,,,,,,,,,,,,,,,,,,,,,,,,,,,
1,165,"IDT MCQs from S Valimbe

Extracted from Telegram Channel t.me/svalimbeclasses

This is only for study purpose so that I skip scrolling telegram

Kindly join the group and hit a like to his channel in youtube or other media if you liked it.

All MCQs are made by him or his team - i have merely scrapped it","Q: Sale of an item is exempt, but it was exported under LUT. Will such supply be a part of ""Adjusted Total Turnover"" in Refund Formula?",Yes,No,Blank,Blank,A,If it was just an exempt supply - not a part of the denominator ( adjusted total Turnover). Exempt plus Zero Rated = considered as Zero Rated supply - it shall be included in Adjusted Total Turnover,,,,,,,,,,,,,,,,,,,,,,,,,,,,,,,,,,,
1,166,"IDT MCQs from S Valimbe

Extracted from Telegram Channel t.me/svalimbeclasses

This is only for study purpose so that I skip scrolling telegram

Kindly join the group and hit a like to his channel in youtube or other media if you liked it.

All MCQs are made by him or his team - i have merely scrapped it","Q: Amar Traders purchased goods X attracting 18% GST. However, subsequently, the rate of GST on X has been reduced to 5%. Can refund of Inverted Duty Structure Rule 89(5) be claimed?",Yes,No,Blank,Blank,B,Circular Clarification: Input and Output being the same.. attracting diff rates at diff points in time do not get covered under refund case.,,,,,,,,,,,,,,,,,,,,,,,,,,,,,,,,,,,
1,167,"IDT MCQs from S Valimbe

Extracted from Telegram Channel t.me/svalimbeclasses

This is only for study purpose so that I skip scrolling telegram

Kindly join the group and hit a like to his channel in youtube or other media if you liked it.

All MCQs are made by him or his team - i have merely scrapped it","Q: Karan concluded a transaction as Intra State by mistake and paid CGST AND SGST. Later on, he realised the mistake... that the transaction was actually an Inter State Supply. What should be done?",Claim refund of CGST and SGST. IGST to be paid. Interest shall be levied on delayed payment of IGST,Just inform the department. It will Adjust the amounts itself.,Claim refund of CGST and SGST. IGST to be paid. No Interest applicable in this case,Nothing to be done. Because gov has got its tax revenue,C,Sec 77. Wrong tax to be claimed refund within 2 years of correct tax payment. Interest - Nil since no loss of revenue per se for Gov.,,,,,,,,,,,,,,,,,,,,,,,,,,,,,,,,,,,
1,168,"IDT MCQs from S Valimbe

Extracted from Telegram Channel t.me/svalimbeclasses

This is only for study purpose so that I skip scrolling telegram

Kindly join the group and hit a like to his channel in youtube or other media if you liked it.

All MCQs are made by him or his team - i have merely scrapped it",Q: How much refund can be claimed by CSD (Canteen Stores Department)?,50% of tax paid on inputs,50% of tax paid on inputs and input services,100% of tax paid on inputs,No refund eligible,A,Sec 55,,,,,,,,,,,,,,,,,,,,,,,,,,,,,,,,,,,
1,169,"IDT MCQs from S Valimbe

Extracted from Telegram Channel t.me/svalimbeclasses

This is only for study purpose so that I skip scrolling telegram

Kindly join the group and hit a like to his channel in youtube or other media if you liked it.

All MCQs are made by him or his team - i have merely scrapped it",Q: Advance for services received from customer. Receipt voucher issued. Tax Invoice not yet issued. Supply is cancelled.. refund voucher issued and money along with GST is refunded to customer. Should supplier adjust the liability or claim refund?,Issue credit note and adjust the liability,Claim refund,Adjust the liability.. but if no output liability to adjust - then claim refund,Any mode is permissible,B,"Since tax invoice is not issued - credit note mode of adjustment is not possible. Hence, refund application to be filed. Clarified by circular ✅",,,,,,,,,,,,,,,,,,,,,,,,,,,,,,,,,,,
1,170,"IDT MCQs from S Valimbe

Extracted from Telegram Channel t.me/svalimbeclasses

This is only for study purpose so that I skip scrolling telegram

Kindly join the group and hit a like to his channel in youtube or other media if you liked it.

All MCQs are made by him or his team - i have merely scrapped it","Q: Principal sent the inputs to Job Worker on 28/9/2026, received by JW on 30/9/2026. Time period for return shall commence on:",28/9/2026,30/9/2026,Time period not applicable,Blank,A,When sent by P to JW: period starts from date of sending,,,,,,,,,,,,,,,,,,,,,,,,,,,,,,,,,,,
1,171,"IDT MCQs from S Valimbe

Extracted from Telegram Channel t.me/svalimbeclasses

This is only for study purpose so that I skip scrolling telegram

Kindly join the group and hit a like to his channel in youtube or other media if you liked it.

All MCQs are made by him or his team - i have merely scrapped it","Q: Supplier of Principal sent the inputs directly to Job Worker on 28/9/2026, received by JW on 30/9/2026. Time period for return shall commence on:",28/0/26,30/9/26,Time period not applicable,Blank,B,Since it was sent directly by the Supplier of Principal - time period would commence from date of receipt of goods.,,,,,,,,,,,,,,,,,,,,,,,,,,,,,,,,,,,
1,172,"IDT MCQs from S Valimbe

Extracted from Telegram Channel t.me/svalimbeclasses

This is only for study purpose so that I skip scrolling telegram

Kindly join the group and hit a like to his channel in youtube or other media if you liked it.

All MCQs are made by him or his team - i have merely scrapped it","Q: Principal sent Moulds/dies to be used for work to Job Worker on 28/9/2026, received by JW on 30/9/2026. Time period for return shall commence on:",28/9/2026,30/9/2026,Time period NA,Blank,C,Time period NA on moulds/dies/jigs/fixtures,,,,,,,,,,,,,,,,,,,,,,,,,,,,,,,,,,,
